CHEMBL419772,CC(C)[C@H](NC(=O)OCc1ccccc1)C(=O)N[C@@H]1C(=O)N2CCO[C@H]12
CHEMBL115734,O=C(N[C@@H](Cc1ccccc1)C(=O)N[C@@H]1C(=O)N2CCO[C@@H]12)OCc1ccccc1
CHEMBL3142832,CC(C)C[C@H](NC(=O)[C@H](CCc1ccccc1)N/C=C/S(=O)(=O)c1ccccc1)C(=O)NC(=O)NN1CCOCC1
CHEMBL100563,CC(C)C[C@H](NC(=O)OCc1ccccc1)C(=O)NC1CN(C(=O)[C@H](CC(C)C)NC(=O)OCc2ccccc2)CC1=O
CHEMBL99890,CC(C)C[C@@H](C(=O)NCC(=O)CNS(=O)(=O)c1ccc(Oc2ccccc2)cc1)c1cccc(-c2ccccc2)c1
CHEMBL87150,CCC[C@H](NC(=O)[C@@H]1[C@H]2CCC[C@H]2CN1C(=O)[C@@H](NC(=O)[C@@H](NC(=O)c1cnccn1)C(C)C)C(C)(C)C)C(=O)C(=O)N[C@@H](C)c1ccccc1
CHEMBL294615,CC(C)C[C@H](NC(=O)OCc1ccccc1)c1nc(C(=O)NN2CC[C@@](CC(C)C)(NC(=O)OCc3ccccc3)C2=O)cs1
CHEMBL57836,CC(C)C[C@H](NC(=O)OCc1ccccc1)C(=O)NNC(=O)c1csc([C@H](CC(C)C)NC(=O)OCc2ccccc2)n1
CHEMBL77665,COc1ccc(NCCNC(=O)[C@H](CC(C)C)NC(=O)c2ccc(OCc3ccccc3)cc2)cc1
CHEMBL77665,COc1ccc(NCCNC(=O)[C@H](CC(C)C)NC(=O)c2ccc(OCc3ccccc3)cc2)cc1
CHEMBL354439,CC(C)C[C@@H](NC(=O)OCc1ccccc1)C(=O)N[C@@H](CCc1ccccc1)CNc1ccc(N2CCCCC2)cc1
CHEMBL170962,O=C(N[C@@H](CCc1ccccc1)CNc1ccc(N2CCCCC2)cc1)C1CCCN1C(=O)OCc1ccccc1
CHEMBL169560,O=C(N[C@H](Cc1ccc(O)cc1)C(=O)N[C@@H](CCc1ccccc1)CNc1ccc(N2CCCCC2)cc1)OCc1ccccc1
CHEMBL354132,O=C(N[C@H](CC1C=Nc2ccccc21)C(=O)N[C@@H](CCc1ccccc1)CNc1ccc(N2CCCCC2)cc1)OCc1ccccc1
CHEMBL80508,COc1ccc(NCCNC(=O)[C@H](CC(C)C)NC(=O)c2ncn(-c3cccc(Cl)c3Cl)n2)cc1
CHEMBL80508,COc1ccc(NCCNC(=O)[C@H](CC(C)C)NC(=O)c2ncn(-c3cccc(Cl)c3Cl)n2)cc1
CHEMBL353725,CC(C)C[C@H](NC(=O)OCc1ccccc1)C(=O)N[C@H](CNc1ccc(N2CCCCC2)cc1)Cc1ccccc1
CHEMBL60242,COc1ccc(NCCNC(=O)[C@H](CC(C)C)NC(=O)OCc2ccccc2)cc1
CHEMBL59605,COc1ccc(NCCNC(=O)[C@H](CC(C)C)NC(=O)c2ccc(OC)cc2)cc1
CHEMBL169448,O=C(N[C@H](Cc1ccccc1)C(=O)N[C@@H](CCc1ccccc1)CNc1ccc(N2CCCCC2)cc1)OCc1ccccc1
CHEMBL172456,CSCC[C@@H](NC(=O)OCc1ccccc1)C(=O)N[C@@H](CCc1ccccc1)CNc1ccc(N2CCCCC2)cc1
CHEMBL170242,CC(C)C[C@H](NC(=O)OCc1ccccc1)C(=O)N[C@H](CNc1ccc(N2CCOCC2)cc1)Cc1ccccc1
CHEMBL169708,O=C(N[C@H](CCc1ccccc1)C(=O)N[C@@H](CCc1ccccc1)CNc1ccc(N2CCCCC2)cc1)OCc1ccccc1
CHEMBL353633,C[C@@H](NC(=O)OCc1ccccc1)C(=O)N[C@@H](CCc1ccccc1)CNc1ccc(N2CCCCC2)cc1
CHEMBL171403,CC(C)[C@@H](NC(=O)OCc1ccccc1)C(=O)N[C@@H](CCc1ccccc1)CNc1ccc(N2CCCCC2)cc1
CHEMBL74142,COc1ccc(NCCNC(=O)[C@H](CC(C)C)NC(=O)c2ncn(-c3ccccc3Cl)n2)cc1
CHEMBL308392,Cc1ccc(NCCNC(=O)[C@H](CC(C)C)NC(=O)OCc2ccccc2)cc1
CHEMBL98540,CCC(C)[C@H](NC(=O)c1cccc(CN)c1)C(=O)N[C@@H](CCc1ccccc1)C(=O)CO
CHEMBL115357,CC(C)C[C@H](NC(=O)OCc1ccccc1)C(=O)NNC(=O)NNC(=O)[C@H](CC(C)C)NC(=O)OCc1ccccc1
CHEMBL99561,CCC(C)[C@H](NC(=O)OCc1ccccc1)C(=O)N[C@@H](CCc1ccccc1)C(=O)CO
CHEMBL285585,O=C(N[C@@H](Cc1ccccc1)C(=O)N[C@@H]1C(=O)N[C@H]1OC(=O)c1ccccc1)OCc1ccccc1
CHEMBL340191,CC(C)C[C@H](NC(=O)OCc1ccccc1)C(=O)NNC(=O)NNC(=O)c1cccc(OCc2ccccc2)c1
CHEMBL97402,CCC(C)[C@H](NC(=O)c1cccc(C(N)=O)c1)C(=O)N[C@@H](CCc1ccccc1)C(=O)CO
CHEMBL129773,CC[C@H](NC(=O)OCc1ccccc1)C(=O)NNC(=O)NNC(=O)[C@H](CC(C)C)NC(=O)OCc1ccccc1
CHEMBL282602,O=C(N[C@@H](Cc1ccccc1)C(=O)N[C@@H]1C(=O)N[C@H]1Oc1ccccc1)OCc1ccccc1
CHEMBL126835,CC(C)C[C@H](NC(=O)OCc1ccccc1)C(=O)NNC(=O)NNC(=O)c1ccccc1
CHEMBL30969,CCCCO[C@@H]1NC(=O)[C@H]1NC(=O)[C@H](Cc1ccccc1)NC(=O)OCc1ccccc1
CHEMBL97493,CC(C)C[C@H](NC(=O)OCc1ccccc1)C(=O)N[C@@H](CCc1ccccc1)C(=O)CO
CHEMBL338770,CC(C)C[C@H](NC(=O)OCc1ccccc1)C(=O)NNC(=O)NNC(=O)c1ccccc1OCc1ccccc1
CHEMBL338150,CC(C)C[C@H](NC(=O)OCc1ccccc1)C(=O)NNC(=O)NNC(=O)c1ccc(OCc2ccccc2)cc1
CHEMBL31272,O=C(N[C@@H](Cc1ccccc1)C(=O)N[C@@H]1C(=O)N[C@@H]1Sc1ccccc1)OCc1ccccc1
CHEMBL31788,O=C(N[C@@H](Cc1ccccc1)C(=O)N[C@@H]1C(=O)N[C@H]1Sc1ccccc1)OCc1ccccc1
CHEMBL96987,CCCC[C@H](NC(=O)[C@@H](NC(=O)c1ccc(CN)cc1)C(C)CC)C(=O)CO
CHEMBL126820,CCC[C@H](NC(=O)OCc1ccccc1)C(=O)NNC(=O)NNC(=O)[C@H](CC(C)C)NC(=O)OCc1ccccc1
CHEMBL30356,O=C(CCc1ccccc1)O[C@@H]1NC(=O)[C@H]1NC(=O)[C@H](Cc1ccccc1)NC(=O)OCc1ccccc1
CHEMBL100482,CC(C)C[C@H](NC(=O)c1ccc(CN)cc1)C(=O)N[C@@H](CCc1ccccc1)C(=O)CO
CHEMBL287630,O=C(N[C@@H](Cc1ccccc1)C(=O)N[C@@H]1C(=O)N[C@H]1S(=O)(=O)c1ccccc1)OCc1ccccc1
CHEMBL417303,CC(=O)O[C@@H]1NC(=O)[C@H]1NC(=O)[C@H](Cc1ccccc1)NC(=O)OCc1ccccc1
CHEMBL126352,CC(C)C[C@H](NC(=O)OCc1ccccc1)C(=O)NNC(=O)NNC(=O)[C@H](C)NC(=O)OCc1ccccc1
CHEMBL99288,CCCC[C@H](NC(=O)[C@@H](NC(=O)c1cccc(C(N)=O)c1)C(C)CC)C(=O)CO
CHEMBL30401,O=C(N[C@@H](Cc1ccccc1)C(=O)N[C@@H]1C(=O)N[C@@H]1Oc1ccccc1)OCc1ccccc1
CHEMBL154862,CCCC[C@H](NC(=O)OC(C(C)C)C(C)C)C(=O)C(=O)Nc1cc[nH]n1
CHEMBL345982,CCCC[C@H](NC(=O)OC(C(C)C)C(C)C)C(=O)C(=O)Nc1cc(-c2ccccc2)[nH]n1
CHEMBL156832,CC(C)C(OC(=O)N[C@H](C(=O)C(=O)NCc1cccs1)C(C)C)C(C)C
CHEMBL351111,CCCC[C@H](NC(=O)OC(C(C)C)C(C)C)C(=O)C(=O)Nc1cc2ccccc2cn1
CHEMBL356378,CCCC[C@H](NC(=O)OC(C(C)C)C(C)C)C(=O)C(=O)Nc1ccon1
CHEMBL155148,CCCC[C@H](NC(=O)OC(C(C)C)C(C)C)C(=O)C(=O)Nc1ccnn1C1CCC1
CHEMBL8547,N#CN1CC(OCc2ccccc2)C1
CHEMBL154584,CCCC[C@H](NC(=O)OC(C(C)C)C(C)C)C(=O)C(=O)Nc1ccccn1
CHEMBL156497,CCCC[C@H](NC(=O)OC(C(C)C)C(C)C)C(=O)C(=O)Nc1nccs1
CHEMBL155183,CCCC[C@H](NC(=O)OC(C(C)C)C(C)C)C(=O)C(=O)Nc1ccnn1CCC(C)(C)C
CHEMBL154579,CCCC[C@H](NC(=O)OC(C(C)C)C(C)C)C(=O)C(=O)Nc1[nH]ncc1-c1ccccc1
CHEMBL8577,N#CN1CC(CNC(=O)c2ccccc2)C1
CHEMBL346102,CCCC[C@H](NC(=O)OC(C(C)C)C(C)C)C(=O)C(=O)Nc1ccnn1C1CCCCC1
CHEMBL345356,CCCC[C@H](NC(=O)OC(C(C)C)C(C)C)C(=O)C(=O)Nc1ccnn1-c1ccccc1
CHEMBL8123,N#CN1CCC1
CHEMBL155123,CCCC[C@H](NC(=O)OC(C(C)C)C(C)C)C(=O)C(=O)Nc1ccnn1C1CCCC1
CHEMBL154959,CCCC[C@H](NC(=O)OC(C(C)C)C(C)C)C(=O)C(=O)Nc1[nH]ncc1C
CHEMBL96875,CCCC[C@@H](C=O)NC(=O)OC(C)(C)C
CHEMBL276169,N#CN1CC(CNS(=O)(=O)c2ccccc2)C1
CHEMBL276169,N#CN1CC(CNS(=O)(=O)c2ccccc2)C1
CHEMBL276169,N#CN1CC(CNS(=O)(=O)c2ccccc2)C1
CHEMBL155297,CCCC[C@H](NC(=O)OC(C(C)C)C(C)C)C(=O)C(=O)Nc1ccnn1-c1ccccn1
CHEMBL84691,CCCC[C@H](NC(=O)OC(C(C)C)C(C)C)C(=O)C(=O)N[C@H](C)c1ccccc1
CHEMBL8796,N#CN1CC(CNC(=O)C2CCCCC2)C1
CHEMBL8796,N#CN1CC(CNC(=O)C2CCCCC2)C1
CHEMBL8796,N#CN1CC(CNC(=O)C2CCCCC2)C1
CHEMBL8796,N#CN1CC(CNC(=O)C2CCCCC2)C1
CHEMBL8796,N#CN1CC(CNC(=O)C2CCCCC2)C1
CHEMBL8816,N#CN1CCC(NC(=O)c2ccc(-c3ccccc3)cc2)C1
CHEMBL8726,N#CN1CC(OCC2CCCCC2)C1
CHEMBL422686,CCCC[C@H](NC(=O)OC(C(C)C)C(C)C)C(=O)C(=O)NCc1cccs1
CHEMBL345136,CCCC[C@H](NC(=O)OC(C(C)C)C(C)C)C(=O)C(=O)Nc1ccnn1CC
CHEMBL346739,CCCC[C@H](NC(=O)OC(C(C)C)C(C)C)C(=O)C(=O)Nc1ccnn1CC(C)C
CHEMBL152633,CCCC[C@H](NC(=O)OC(C(C)C)C(C)C)C(=O)C(=O)Nc1ccnn1C
CHEMBL157911,CCCC[C@H](NC(=O)OC(C(C)C)C(C)C)C(=O)C(=O)Nc1ccnn1-c1ccncc1
CHEMBL152634,CC(C)C(OC(=O)N[C@@H](Cc1ccccc1)C(=O)C(=O)NCc1cccs1)C(C)C
CHEMBL157430,CC(C)C[C@H](NC(=O)OC(C(C)C)C(C)C)C(=O)C(=O)NCc1cccs1
CHEMBL8563,N#CN1CCC(CNS(=O)(=O)c2ccccc2)C1
CHEMBL156496,CCCC[C@H](NC(=O)OC(C(C)C)C(C)C)C(=O)C(=O)Nc1nncs1
CHEMBL155592,CCCC[C@H](NC(=O)OC(C(C)C)C(C)C)C(=O)C(=O)Nc1ccnn1CC1CC1
CHEMBL345569,CCCC[C@H](NC(=O)OC(C(C)C)C(C)C)C(=O)C(=O)Nc1[nH]nc2cccc(F)c12
CHEMBL157224,CCCC[C@H](NC(=O)OC(C(C)C)C(C)C)C(=O)C(=O)Nc1ccnn1C(C)C
CHEMBL154818,CCCC[C@H](NC(=O)OC(C(C)C)C(C)C)C(=O)C(=O)Nc1cc(C)[nH]n1
CHEMBL157072,CCCC[C@H](NC(=O)OC(C(C)C)C(C)C)C(=O)C(=O)Nc1[nH]ncc1Br
CHEMBL8517,N#CN1Cc2cc3ccccc3nc2C1
CHEMBL155941,CCCC[C@H](NC(=O)OC(C(C)C)C(C)C)C(=O)C(=O)Nc1[nH]ncc1C(=O)OCC
CHEMBL154173,CCCC[C@H](NC(=O)OC(C(C)C)C(C)C)C(=O)C(=O)Nc1cnccn1
CHEMBL275080,N#CN1CCC(NS(=O)(=O)c2ccccc2)C1
CHEMBL275080,N#CN1CCC(NS(=O)(=O)c2ccccc2)C1
CHEMBL275080,N#CN1CCC(NS(=O)(=O)c2ccccc2)C1
CHEMBL275080,N#CN1CCC(NS(=O)(=O)c2ccccc2)C1
CHEMBL347137,CCC(C)[C@H](NC(=O)OC(C(C)C)C(C)C)C(=O)C(=O)NCc1cccs1
CHEMBL347004,CCCC[C@H](NC(=O)OC(C(C)C)C(C)C)C(=O)C(=O)Nc1[nH]ncc1C#N
CHEMBL156677,CCCC[C@H](NC(=O)OC(C(C)C)C(C)C)C(=O)C(=O)Nc1cccnc1
CHEMBL274616,N#CN1CCC(COCc2ccccc2)C1
CHEMBL273229,N#CN1CCC(NC(=O)OCc2ccccc2)C1
CHEMBL273229,N#CN1CCC(NC(=O)OCc2ccccc2)C1
CHEMBL273229,N#CN1CCC(NC(=O)OCc2ccccc2)C1
CHEMBL273229,N#CN1CCC(NC(=O)OCc2ccccc2)C1
CHEMBL273229,N#CN1CCC(NC(=O)OCc2ccccc2)C1
CHEMBL273229,N#CN1CCC(NC(=O)OCc2ccccc2)C1
CHEMBL273229,N#CN1CCC(NC(=O)OCc2ccccc2)C1
CHEMBL273229,N#CN1CCC(NC(=O)OCc2ccccc2)C1
CHEMBL351552,CC(C)C(OC(=O)N[C@@H](CC1CCCCC1)C(=O)C(=O)NCc1cccs1)C(C)C
CHEMBL153943,CCCC[C@H](NC(=O)OC(C(C)C)C(C)C)C(=O)C(=O)Nc1ccc2ccccc2n1
CHEMBL156764,CCCC[C@H](NC(=O)OC(C(C)C)C(C)C)C(=O)C(=O)Nc1ccn(C)n1
CHEMBL94150,CC(C)(C)C[C@@H](C=O)NC(=O)OC(C)(C)C
CHEMBL92826,CC(C)[C@@H](C=O)NC(=O)OC(C)(C)C
CHEMBL93911,CCSC[C@@H](C=O)NC(=O)OC(C)(C)C
CHEMBL94727,C[C@@H](C=O)NC(=O)OC(C)(C)C
CHEMBL313847,CCCCCC[C@@H](C=O)NC(=O)OC(C)(C)C
CHEMBL96508,CC(C)(C)OC(=O)N[C@H](C=O)CSCc1ccccc1
CHEMBL94383,C/C=C/C[C@@H](C=O)NC(=O)OC(C)(C)C
CHEMBL96284,COC(=O)NCCCC[C@@H](C=O)NC(=O)OC(C)(C)C
CHEMBL96482,C=C(C)C[C@@H](C=O)NC(=O)OC(C)(C)C
CHEMBL92025,CC(C)(C)OC(=O)N[C@H](C=O)CCc1ccccc1
CHEMBL540696,CCCCC[C@@H](C=O)NC(=O)OC(C)(C)C
CHEMBL92993,CN(CC[C@@H](C=O)NC(=O)OC(C)(C)C)C(=O)C(F)(F)F
CHEMBL96875,CCCC[C@@H](C=O)NC(=O)OC(C)(C)C
CHEMBL96341,C/C=C\C[C@@H](C=O)NC(=O)OC(C)(C)C
CHEMBL91968,CC(C)(C)OC(=O)N[C@H](C=O)c1ccccc1
CHEMBL330046,CCC(C)[C@@H](C=O)NC(=O)OC(C)(C)C
CHEMBL92708,CCCC[C@@H](C=O)NC(=O)[C@H](CC(C)C)NC(=O)OCc1ccccc1
CHEMBL94820,CC(C)(C)OC(=O)N[C@H](C=O)CCCC(F)(F)F
CHEMBL330718,CC(C)(C)OC(=O)N[C@H](C=O)CCCC1CCCCC1
CHEMBL96669,CC(C)(C)OC(=O)N[C@H](C=O)COCc1ccccc1
CHEMBL92465,CN(CCCC[C@@H](C=O)NC(=O)OC(C)(C)C)C(=O)C(F)(F)F
CHEMBL93420,CC[C@@H](C=O)NC(=O)OC(C)(C)C
CHEMBL94891,CC(C)(C)OC(=O)N[C@H](C=O)CCC1CCCCC1
CHEMBL94616,CCC[C@@H](C=O)NC(=O)OC(C)(C)C
CHEMBL447231,CC(C)(C)OC(=O)N[C@H](C=O)CC1CCCCC1
CHEMBL92971,CC(C)(C)OC(=O)N[C@H](C=O)CCCCNC(=O)C(F)(F)F
CHEMBL94327,CC(C)(C)OC(=O)N[C@H](C=O)Cc1ccccc1
CHEMBL315651,CC(C)(C)OC(=O)N[C@H](C=O)CCCc1ccccc1
CHEMBL96823,CC(C)C[C@@H](C=O)NC(=O)OC(C)(C)C
CHEMBL319662,CCC(C)[C@H](C=O)NC(=O)OC(C)(C)C
CHEMBL91874,CSCC[C@@H](C=O)NC(=O)OC(C)(C)C
CHEMBL92567,CC(C)(C)OC(=O)N[C@H](C=O)C1CCCCC1
CHEMBL92972,CN(CCC[C@@H](C=O)NC(=O)OC(C)(C)C)C(=O)C(F)(F)F
CHEMBL2028906,CC[C@H](C)[C@H](NC(=O)NNC(=O)[C@@H](NC(=O)[C@H](CC(C)C)NC(=O)[C@H](CCCN=C(N)N)NC(=O)OCc1ccccc1)C(C)C)C(=O)N[C@H](C(=O)N[C@@H](Cc1c[nH]c2ccccc12)C(=O)OC)C(C)C
CHEMBL2028912,CC[C@H](C)[C@H](NC(=O)NNC(=O)[C@H](Cc1ccc(OC)cc1)NC(=O)[C@H](CC(C)C)NC(=O)[C@H](C)NC(=O)OCc1ccccc1)C(=O)N[C@H](C(=O)OC)C(C)C
CHEMBL2028913,CC(C)C[C@H](NC(=O)[C@H](CCCN=C(N)N)NC(=O)OCc1ccccc1)C(=O)N[C@H](C(=O)NNC(=O)N[C@@H](Cc1c[nH]c2ccccc12)C(=O)N[C@H](C(=O)N[C@@H](C)C(N)=O)C(C)C)C(C)C
CHEMBL2028921,CC[C@H](C)[C@H](NC(=O)NNC(=O)[C@H](Cc1c[nH]cn1)NC(=O)[C@H](CC(C)C)NC(=O)[C@H](C)NC(=O)OCc1ccccc1)C(=O)N[C@H](C(=O)OC)C(C)C
CHEMBL2028911,CC[C@H](C)[C@H](NC(=O)NNC(=O)[C@@H](NC(=O)[C@H](CC(C)C)NC(=O)[C@H](C)NC(=O)OCc1ccccc1)[C@@H](C)CC)C(=O)N[C@H](C(=O)OC)C(C)C
CHEMBL2028910,CC[C@H](C)[C@H](NC(=O)NNC(=O)[C@H](Cc1ccccc1)NC(=O)[C@H](CC(C)C)NC(=O)[C@H](C)NC(=O)OCc1ccccc1)C(=O)N[C@H](C(=O)OC)C(C)C
CHEMBL3143130,CCOC(=O)NNC(=O)[C@@H](NC(=O)[C@H](CC(C)C)NC(=O)OC(C)(C)C)C(C)C
CHEMBL3143135,CC(C)C[C@H](NC(=O)OCc1ccccc1)C(=O)N[C@H](C(=O)NNC(=O)N[C@H](C(=O)OCc1ccccc1)C(C)C)C(C)C
CHEMBL2028920,CC[C@H](C)[C@H](NC(=O)NNC(=O)[C@H](Cc1cccc2ccccc12)NC(=O)[C@H](CC(C)C)NC(=O)[C@H](C)NC(=O)OCc1ccccc1)C(=O)N[C@H](C(=O)OC)C(C)C
CHEMBL2028919,CC[C@H](C)[C@H](NC(=O)NNC(=O)[C@H](CC(C)C)NC(=O)[C@H](CC(C)C)NC(=O)[C@H](C)NC(=O)OCc1ccccc1)C(=O)N[C@H](C(=O)NCc1ccccc1)C(C)C
CHEMBL2028908,CC(C)C[C@H](NC(=O)[C@H](CCCN=C(N)N)NC(=O)OCc1ccccc1)C(=O)N[C@H](C(=O)NNC(=O)N[C@@H](C)C(=O)NCC(N)=O)C(C)C
CHEMBL2028907,CC[C@H](C)[C@H](NC(=O)NNC(=O)[C@@H](NC(=O)[C@H](CC(C)C)NC(=O)[C@H](CCCN=C(N)N)NC(=O)OCc1ccccc1)C(C)C)C(=O)N[C@H](C(=O)OC)C(C)C
CHEMBL2028909,CC(C)C[C@H](NC(=O)[C@H](CCCN=C(N)N)NC(=O)OCc1ccccc1)C(=O)N[C@H](C(=O)NNC(=O)N[C@H](C(=O)N[C@@H](C)C(N)=O)C(C)C)C(C)C
CHEMBL162175,CC(C)C[C@H](NC(=O)OCc1ccccc1)C(=O)NC1CCN(C(=O)[C@H](CC(C)C)N(C)C(=O)OCc2ccccc2)CC1=O
CHEMBL162631,CC(C)C[C@H](NC(=O)OCc1ccccc1)C(=O)NC1CCOCC1=O
CHEMBL350591,CC(C)C[C@@H](CN1CC(=O)C(NC(=O)[C@H](CC(C)C)NC(=O)c2ccc3cccnc3c2)C1)NC(=O)OCc1ccccc1
CHEMBL423995,CC(C)C[C@@H](C(=O)NC1CN(C(=O)[C@H](CC(C)C)N(C)C(=O)OCc2ccccc2)CC1=O)N(C)C(=O)OCc1ccccc1
CHEMBL57836,CC(C)C[C@H](NC(=O)OCc1ccccc1)C(=O)NNC(=O)c1csc([C@H](CC(C)C)NC(=O)OCc2ccccc2)n1
CHEMBL113805,CC(C)C[C@H](C(=O)NCC(=O)CNS(=O)(=O)c1ccc(Oc2ccccc2)cc1)c1cccc(-c2ccccc2)c1
CHEMBL292513,CC(=O)O[C@@H]1NC(=O)[C@H]1NC(=O)[C@H](CC(C)C)NC(=O)OCc1ccccc1
CHEMBL159850,COCC(=O)[C@H](CC(C)C)NC(=O)[C@H](CC(C)C)NC(=O)OCc1ccccc1
CHEMBL64098,CC(=O)O[C@@H]1NC(=O)[C@H]1NC(=O)[C@@H]1CCCC[C@@H]1NC(=O)OCc1ccccc1
CHEMBL61805,CC(C)C[C@H](NC(=O)OCc1ccccc1)C(=O)NC1COCC1=O
CHEMBL100563,CC(C)C[C@H](NC(=O)OCc1ccccc1)C(=O)NC1CN(C(=O)[C@H](CC(C)C)NC(=O)OCc2ccccc2)CC1=O
CHEMBL301683,COCC(=O)[C@H](C)NC(=O)[C@H](CC(C)C)NC(=O)OCc1ccccc1
CHEMBL163592,CC(=O)N1CCC(NC(=O)[C@H](CC(C)C)NC(=O)OCc2ccccc2)C(=O)C1
CHEMBL281540,CC(C)C[C@H](NC(=O)OCc1ccccc1)C(=O)NCC(=O)CNC(=O)[C@H](CC(C)C)NC(=O)OCc1ccccc1
CHEMBL62239,CC(C)C[C@H](NC(=O)c1ccc2ccccc2n1)C(=O)NC1COCC1=O
CHEMBL62923,CC(=O)O[C@@H]1NC(=O)[C@H]1NC(=O)C1CCCCN1C(=O)OCc1ccccc1
CHEMBL305084,CC(C)C[C@H](NC(=O)c1cc2ccccc2s1)C(=O)NC1CCOCC1=O
CHEMBL113724,CC(C)C[C@H](NC(=O)OCc1ccccc1)C(=O)NC1CCN(S(=O)(=O)c2ccc(Oc3ccccc3)cc2)CC1=O
CHEMBL349445,CC(=O)N1CC(=O)C(NC(=O)[C@H](CC(C)C)NC(=O)OCc2ccccc2)C1
CHEMBL115357,CC(C)C[C@H](NC(=O)OCc1ccccc1)C(=O)NNC(=O)NNC(=O)[C@H](CC(C)C)NC(=O)OCc1ccccc1
CHEMBL62453,CC(=O)O[C@@H]1NC(=O)[C@H]1NC(=O)C1(NC(=O)OCc2ccccc2)CCCC1
CHEMBL348842,CC(C)C[C@H](NC(=O)OCc1ccccc1)C(=O)NC1CN(C(=O)[C@H](CC(C)C)N(C)C(=O)OCc2ccccc2)CC1=O
CHEMBL2371402,CN[C@@H](CC(C)C)C(=O)N1CC(=O)[C@@H](NC(=O)[C@H](CC(C)C)NC(=O)OCc2ccccc2)C1.Cl
CHEMBL118449,CC(C)C[C@H](NC(=O)OCc1ccccc1)C(=O)NC1CCN(C(=O)[C@H](CC(C)C)NC(=O)OCc2ccccc2)CC1=O
CHEMBL62655,CC(=O)O[C@@H]1NC(=O)[C@H]1NC(=O)C1(NC(=O)OCc2ccccc2)CCCCC1
CHEMBL64925,CC(C)C[C@@H](C=O)NC(=O)[C@H](CC(C)C)NC(=O)[C@H](CC(C)C)NC(=O)OCc1ccccc1
CHEMBL281540,CC(C)C[C@H](NC(=O)OCc1ccccc1)C(=O)NCC(=O)CNC(=O)[C@H](CC(C)C)NC(=O)OCc1ccccc1
CHEMBL101160,CC[C@H](C)[C@@H](/C=C/c1ccccc1)NC(=O)[C@@H]1CCCCN1CC(=O)c1ccc(Cl)cc1
CHEMBL98442,CC[C@H](C)[C@@H](/C=C/c1ccccc1)NC(=O)[C@@H]1CCCCN1CC(=O)c1ccccc1
CHEMBL100563,CC(C)C[C@H](NC(=O)OCc1ccccc1)C(=O)NC1CN(C(=O)[C@H](CC(C)C)NC(=O)OCc2ccccc2)CC1=O
CHEMBL281540,CC(C)C[C@H](NC(=O)OCc1ccccc1)C(=O)NCC(=O)CNC(=O)[C@H](CC(C)C)NC(=O)OCc1ccccc1
CHEMBL119219,CC(C)C[C@H](NC(=O)OCc1ccccc1)C(=O)NC1CN(C(=O)c2ccc(Oc3ccccc3)cc2)CC1=O
CHEMBL118449,CC(C)C[C@H](NC(=O)OCc1ccccc1)C(=O)NC1CCN(C(=O)[C@H](CC(C)C)NC(=O)OCc2ccccc2)CC1=O
CHEMBL119285,CC(C)C[C@@H](CN1CC(=O)C(NC(=O)[C@H](CC(C)C)NC(=O)OCc2ccncc2)C1)NC(=O)OCc1ccccc1
CHEMBL100563,CC(C)C[C@H](NC(=O)OCc1ccccc1)C(=O)NC1CN(C(=O)[C@H](CC(C)C)NC(=O)OCc2ccccc2)CC1=O
CHEMBL432634,CC(C)CCCN1CCC(NC(=O)[C@H](CC(C)C)NC(=O)OCc2ccccc2)C(=O)C1
CHEMBL404801,CC(C)C[C@H](NC(=O)OCc1ccccc1)C(=O)N[C@H]1CC[C@H](NC(=O)[C@H](CC(C)C)NC(=O)OCc2ccccc2)C1=O
CHEMBL113724,CC(C)C[C@H](NC(=O)OCc1ccccc1)C(=O)NC1CCN(S(=O)(=O)c2ccc(Oc3ccccc3)cc2)CC1=O
CHEMBL323637,O=C(N[C@@H](Cc1ccccc1)C(=O)N[C@@H]1C(=O)N2CCS(=O)(=O)[C@H]12)OCc1ccccc1
CHEMBL326342,O=C(N[C@@H](Cc1ccccc1)C(=O)N[C@@H]1C(=O)N2CC[S+]([O-])[C@@H]12)OCc1ccccc1
CHEMBL326093,O=C(N[C@@H](Cc1ccccc1)C(=O)N[C@@H]1C(=O)N2CCS(=O)(=O)[C@@H]12)OCc1ccccc1
CHEMBL116041,O=C(N[C@@H](Cc1cccc(F)c1)C(=O)N[C@@H]1C(=O)N2CCS(=O)(=O)[C@@H]12)OCc1ccccc1
CHEMBL117928,O=C(N[C@@H](Cc1cccnc1)C(=O)N[C@@H]1C(=O)N2CCS(=O)(=O)[C@@H]12)OCc1ccccc1
CHEMBL332025,O=C(NC(Cc1ccccc1)C(=O)NC1C(=O)N2CCO[C@@H]12)OCc1ccccc1
CHEMBL114410,O=C(N[C@@H](CC1CCCCC1)C(=O)N[C@@H]1C(=O)N2CCS(=O)(=O)[C@@H]12)OCc1ccccc1
CHEMBL113706,O=C(N[C@@H](Cc1cccs1)C(=O)N[C@@H]1C(=O)N2CCS(=O)(=O)[C@@H]12)OCc1ccccc1
CHEMBL61887,CC(C)C[C@H](NC(=O)OCc1ccccc1)C(=O)NCCNc1ccc(OCc2ccncc2)cc1
CHEMBL61051,CC(C)C[C@H](NC(=O)c1ccc(C(C)(C)C)cc1)C(=O)NC1COCC1=O
CHEMBL60242,COc1ccc(NCCNC(=O)[C@H](CC(C)C)NC(=O)OCc2ccccc2)cc1
CHEMBL300379,CC(C)C[C@H](NC(=O)OCc1ccccc1)C(=O)NCCNc1ccc(OCc2ccccc2)cc1
CHEMBL300347,CC(C)C[C@H](NC(=O)c1cc2ccccc2o1)C(=O)NC1COCC1=O
CHEMBL61826,CC(C)C[C@H](NC(=O)c1ccc2cc[nH]c2c1)C(=O)NC1COCC1=O
CHEMBL58814,CC(C)C[C@H](NC(=O)c1ccc(-c2ccccc2)cc1)C(=O)NC1COCC1=O
CHEMBL64634,CC(C)C[C@H](NC(=O)OCc1ccccc1)C(=O)NCCNc1ccc(OC2CCOCC2)cc1
CHEMBL64178,CC(C)COc1ccc(NCCNC(=O)[C@H](CC(C)C)NC(=O)OCc2ccccc2)cc1
CHEMBL64367,CC(C)C[C@H](NC(=O)OCc1ccccc1)C(=O)NCCNc1ccc(OCC2CC2)cc1
CHEMBL62207,CC(C)C[C@H](NC(=O)OCc1ccccc1)C(=O)NCCNc1ccc(Oc2ccccc2)cc1
CHEMBL303517,CC(C)C[C@H](NC(=O)OCc1ccccc1)C(=O)NCCNc1ccc(OC2CCCC2)cc1
CHEMBL61382,CC(C)C[C@H](NC(=O)c1cc2ccccc2[nH]1)C(=O)NCCNc1ccc(OCC2CCCC2)cc1
CHEMBL60427,CC(C)C[C@H](NC(=O)c1ccc(C(C)C)cc1)C(=O)NC1COCC1=O
CHEMBL59605,COc1ccc(NCCNC(=O)[C@H](CC(C)C)NC(=O)c2ccc(OC)cc2)cc1
CHEMBL60835,CC(C)C[C@H](NC(=O)c1cc2ccccc2[nH]1)C(=O)NCCNc1ccc(OCc2ccccc2)cc1
CHEMBL58567,CC(C)C[C@H](NC(=O)c1ccccc1)C(=O)NC1COCC1=O
CHEMBL61805,CC(C)C[C@H](NC(=O)OCc1ccccc1)C(=O)NC1COCC1=O
CHEMBL62239,CC(C)C[C@H](NC(=O)c1ccc2ccccc2n1)C(=O)NC1COCC1=O
CHEMBL292472,COc1ccc(NCCNC(=O)[C@H](CC(C)C)NC(=O)c2ccc(C)cc2)cc1
CHEMBL304669,CC(C)C[C@H](NC(=O)OCc1ccccc1)C(=O)NCCNc1ccc(OC2CCCCC2)cc1
CHEMBL301683,COCC(=O)[C@H](C)NC(=O)[C@H](CC(C)C)NC(=O)OCc1ccccc1
CHEMBL59115,CC(C)C[C@H](NC(=O)c1ccc2ccccc2c1)C(=O)NC1COCC1=O
CHEMBL291587,CC(C)C[C@H](NC(=O)OCc1ccccc1)C(=O)NCCNc1ccc(OCC2CCCC2)cc1
CHEMBL292106,CC(C)C[C@H](NC(=O)c1cc2ccccc2s1)C(=O)NC1COCC1=O
CHEMBL62014,CCC[C@H](NC(=O)c1cc2ccccc2s1)C(=O)NC1COCC1=O
CHEMBL164373,CCCC[C@H](NC(=O)OC(C)C(C)(C)C)C(=O)C(=O)N[C@H](C)c1ccccc1
CHEMBL351877,CCCC[C@H](NC(=O)OC(CC)CC)C(=O)C(=O)N[C@H](C)c1ccccc1
CHEMBL162041,CCCC[C@H](NC(=O)OC(CCC)CCC)C(=O)C(=O)N[C@H](C)c1ccccc1
CHEMBL163286,CCCC[C@H](NC(=O)O[C@H](CCCc1ccccc1)C(C)(C)C)C(=O)C(=O)N[C@H](C)c1ccccc1
CHEMBL96875,CCCC[C@@H](C=O)NC(=O)OC(C)(C)C
CHEMBL349045,CCCC[C@H](NC(=O)O[C@H](CCc1ccccc1)C(C)(C)C)C(=O)C(=O)N[C@H](C)c1ccccc1
CHEMBL163185,CCCC[C@H](NC(=O)OCC(C)(C)C)C(=O)C(=O)N[C@H](C)c1ccccc1
CHEMBL355138,CCCC[C@H](NC(=O)OC(C1CCCC1)C1CCCC1)C(=O)C(=O)N[C@H](C)c1ccccc1
CHEMBL163757,CCCC[C@H](NC(=O)OC(CC(C)C)CC(C)C)C(=O)C(=O)N[C@H](C)c1ccccc1
CHEMBL354473,CCCC[C@H](NC(=O)OC(C(C)(C)C)C(C)(C)C)C(=O)C(=O)N[C@H](C)c1ccccc1
CHEMBL92708,CCCC[C@@H](C=O)NC(=O)[C@H](CC(C)C)NC(=O)OCc1ccccc1
CHEMBL326494,CCCC[C@@H](C=O)NC(=O)OC(C)(C)Cc1cccc(-c2ccsc2)c1
CHEMBL184514,CC(C)C[C@@H](C(=O)NCC#N)c1cccc(-c2ccc(N3CCNCC3)cc2)c1
CHEMBL2111806,CC(C)C[C@@H](C(=O)NCC#N)c1cccc(-c2ccc(N3CCN(C)CC3)cc2)c1
CHEMBL123199,CC(C)CC(C(=O)NCC#N)c1cccc(-c2ccc(N3CCN(C(C)(C)C)CC3)cc2)c1
CHEMBL122149,CC(C)CC(C(=O)NCC#N)c1cccc(-c2ccc(N3CCNCC3)cc2)c1
CHEMBL114904,CCCC[C@@H](C=O)NC(=O)O[C@H](Cc1ccccc1)CC(C)C
CHEMBL117304,CCCC[C@@H](C=O)NC(=O)OC(C)(C(C)C)C(C)C
CHEMBL117303,CCCC[C@@H](C=O)NC(=O)OC(C)(C)Cc1cccc(OC)c1
CHEMBL29483,CC(C)C[C@H](NC(=O)OCc1ccccc1)C(=O)N1CC(=O)C(NC(=O)[C@@H](CC(C)C)NC(=O)OCc2ccccc2)C1
CHEMBL31947,CC(C)C[C@H](NC(=O)OCc1ccccc1)C(=O)NC1CCCN(C(=O)[C@H](CC(C)C)NC(=O)OCc2ccccc2)CC1=O
CHEMBL122812,CC(C)CC(C(=O)NCC#N)c1cccc(-c2ccc(C3CNCCN3)cc2)c1
CHEMBL334074,CC(C)CC(C(=O)NCC#N)c1cccc(-c2ccc(C34CCN(CC3)CC4)cc2)c1
CHEMBL122043,CN1CCN(c2ccc(-c3cccc(C(CC4CCC4)C(=O)NCC#N)c3)cc2)CC1
CHEMBL31519,CC(C)C[C@H](NC(=O)OCc1ccccc1)C(=O)N1CCCC(NC(=O)[C@@H](CC(C)C)NC(=O)OCc2ccccc2)C(=O)C1
CHEMBL122513,CC(C)CC(NC(=O)c1ccccc1)C(=O)NCC#N
CHEMBL333413,CC(C)CC(C(=O)NCC#N)c1cccc(-c2ccc(N3CCN(CC(C)(C)N)CC3)cc2)c1
CHEMBL331506,CC(C)CC(C(=O)NC1(C#N)CC1)c1cccc(-c2ccc(N3CCNCC3)cc2)c1
CHEMBL331506,CC(C)CC(C(=O)NC1(C#N)CC1)c1cccc(-c2ccc(N3CCNCC3)cc2)c1
CHEMBL114844,CCCC[C@@H](C=O)NC(=O)O[C@@H](CCC)Cc1ccccc1
CHEMBL418213,CC(C)C[C@H](NC(=O)c1cc2cc(OCCN3CCOCC3)ccc2o1)C(=O)NC1CCCN(C(=O)Cc2cccc(-c3ccccn3)c2)CC1O
CHEMBL121801,CC[C@H](C)CC(C(=O)NCC#N)c1cccc(-c2ccc(N3CCN(C)CC3)cc2)c1
CHEMBL126210,CN1CCN(c2ccc(-c3cccc(C(CC4CC4)C(=O)NCC#N)c3)cc2)CC1
CHEMBL114951,CCCC[C@@H](C=O)NC(=O)OCCc1ccccc1
CHEMBL117144,CCCC[C@@H](C=O)NC(=O)OC1(Cc2ccccc2)CCCCC1
CHEMBL113842,CCCC[C@@H](C=O)NC(=O)OC(Cc1ccccc1)Cc1ccccc1
CHEMBL281086,CC(C)C[C@H](NC(=O)OCc1ccccc1)C(=O)N1CCC(NC(=O)[C@@H](CC(C)C)NC(=O)OCc2ccccc2)C(=O)C1
CHEMBL121807,CC(C)CC(C(=O)NCC#N)c1cncc(-c2ccccc2)c1
CHEMBL325976,CCCC[C@@H](C=O)NC(=O)OC(CC)CC
CHEMBL2111805,CC(C)C[C@H](C(=O)NCC#N)c1cccc(-c2ccc3[nH]ccc3c2)c1
CHEMBL123291,CC(C)CC(C(=O)NCC#N)c1cccc(-c2ccc(N3CCN(CCO)CC3)cc2)c1
CHEMBL116402,CCCC[C@@H](C=O)NC(=O)O[C@@H](C)CC1CCCCC1
CHEMBL284939,CC(C)C[C@H](NC(=O)c1cc2cc(OCCN3CCOCC3)ccc2o1)C(=O)N[C@H]1CCCN(C(=O)Cc2cccc(-c3ccccn3)c2)CC1=O
CHEMBL284939,CC(C)C[C@H](NC(=O)c1cc2cc(OCCN3CCOCC3)ccc2o1)C(=O)N[C@H]1CCCN(C(=O)Cc2cccc(-c3ccccn3)c2)CC1=O
CHEMBL125656,CC(C)CC(C(=O)N(CC#N)OC(=O)C(F)(F)F)c1cccc(-c2ccncc2)c1
CHEMBL123227,CC(C)CC(C(=O)NCC#N)c1cccc(-c2ccc(N3CCN(C)CC3)cc2)c1
CHEMBL122318,CC(C)CC(C(=O)NCC#N)c1cccc(-c2ccc3cc[nH]c3c2)c1
CHEMBL122324,CC(C)CC(C(=O)NCC#N)c1cccc(-c2ccc3[nH]ccc3c2)c1
CHEMBL122879,CC(C)CC(C(=O)NCC#N)c1cccc(-c2ccc(N3CCN(CC(C)(C)O)CC3)cc2)c1
CHEMBL281540,CC(C)C[C@H](NC(=O)OCc1ccccc1)C(=O)NCC(=O)CNC(=O)[C@H](CC(C)C)NC(=O)OCc1ccccc1
CHEMBL123200,CC(=O)CN1CCN(c2ccc(-c3cccc(C(CC(C)C)C(=O)NCC#N)c3)cc2)CC1
CHEMBL116724,CCCC[C@@H](C=O)NC(=O)OC1(Cc2ccccc2)CCC1
CHEMBL116779,CCCC[C@@H](C=O)NC(=O)OC(CC)(CC)Cc1ccccc1
CHEMBL31545,CC(C)C[C@H](NC(=O)c1cc2ccccc2o1)C(=O)N[C@@H](C)C(=O)CNS(=O)(=O)c1ccccn1
CHEMBL113948,CCCC[C@@H](C=O)NC(=O)O[C@H](Cc1ccccc1)C(C)C
CHEMBL286364,CC(C)C[C@H](NC(=O)c1cc2ccccc2o1)C(=O)N[C@H]1CCCN(S(=O)(=O)c2ccccn2)CC1=O
CHEMBL286364,CC(C)C[C@H](NC(=O)c1cc2ccccc2o1)C(=O)N[C@H]1CCCN(S(=O)(=O)c2ccccn2)CC1=O
CHEMBL286364,CC(C)C[C@H](NC(=O)c1cc2ccccc2o1)C(=O)N[C@H]1CCCN(S(=O)(=O)c2ccccn2)CC1=O
CHEMBL122431,CCCC(C(=O)NCC#N)c1cccc(-c2ccc(N3CCN(C)CC3)cc2)c1
CHEMBL117658,CCCC[C@@H](C=O)NC(=O)OC1(Cc2ccccc2)CCCC1
CHEMBL123037,CC(C)CC(C(=O)NCC#N)c1cccc(-c2ccc(C3=CCNCC3)cc2)c1
CHEMBL2448126,CC(C)C[C@@H](C(=O)NCC#N)c1cccc(-c2ccc3[nH]ccc3c2)c1
CHEMBL115756,CCCC[C@@H](C=O)NC(=O)OC(CC(C)C)CC(C)C
CHEMBL264458,CCCC[C@@H](C=O)NC(=O)OC(C)(C)Cc1ccc(OC)cc1
CHEMBL31381,CC(C)C[C@H](NC(=O)c1cc2ccccc2o1)C(=O)NCC(=O)CNS(=O)(=O)c1ccccn1
CHEMBL114161,CCCC[C@@H](C=O)NC(=O)O[C@@H](C)Cc1ccccc1
CHEMBL96875,CCCC[C@@H](C=O)NC(=O)OC(C)(C)C
CHEMBL326164,CCCC[C@@H](C=O)NC(=O)OC(CCC)CCC
CHEMBL123038,CC(C)CC(C(=O)NCC#N)c1cccc(-c2ccc(C3CCNCC3)cc2)c1
CHEMBL114462,CCCC[C@@H](C=O)NC(=O)O[C@@H](CC)Cc1ccccc1
CHEMBL323674,CCCC[C@@H](C=O)NC(=O)O[C@H](C)Cc1ccccc1
CHEMBL31218,CC(C)C[C@H](NC(=O)c1cc2cc(OCCN3CCOCC3)ccc2o1)C(=O)N[C@@H]1CCCN(C(=O)Cc2cccc(-c3ccccn3)c2)CC1=O
CHEMBL122764,CC(C)CC(C(=O)NCC#N)c1cccc(-c2ccccc2)c1
CHEMBL286034,CC(C)C[C@H](NC(=O)OCc1ccccc1)C(=O)N[C@@H]1CCCN(C(=O)[C@H](CC(C)C)NC(=O)OCc2ccccc2)CC1=O
CHEMBL126152,CC(C)CC(C(=O)NCC#N)c1cccc(-c2ccc(-c3ccncc3)cc2)c1
CHEMBL118016,CCCC[C@@H](C=O)NC(=O)OC(C(C)C)C(C)C
CHEMBL117149,CCCC[C@@H](C=O)NC(=O)OC(C)(C)Cc1ccc(Cl)cc1
CHEMBL122812,CC(C)CC(C(=O)NCC#N)c1cccc(-c2ccc(C3CNCCN3)cc2)c1
CHEMBL117082,CCCC[C@@H](C=O)NC(=O)OC(C)(C)Cc1ccccc1
CHEMBL324986,CCCC[C@@H](C=O)NC(=O)OC(C)(C)Cc1ccccc1Cl
CHEMBL61820,COc1ccc(CC(=O)N[C@@H](CC(C)C)C(=O)NC2CCOCC2=O)cc1OC
CHEMBL293694,CC(C)C[C@H](NC(=O)c1ccc2ccccc2c1)C(=O)N[C@H]1COCC1=O
CHEMBL305084,CC(C)C[C@H](NC(=O)c1cc2ccccc2s1)C(=O)NC1CCOCC1=O
CHEMBL292106,CC(C)C[C@H](NC(=O)c1cc2ccccc2s1)C(=O)NC1COCC1=O
CHEMBL292937,CC(C)C[C@H](NC(=O)c1ccc2ccccc2n1)C(=O)N[C@H]1COCC1=O
CHEMBL301683,COCC(=O)[C@H](C)NC(=O)[C@H](CC(C)C)NC(=O)OCc1ccccc1
CHEMBL61563,CC(C)C[C@@H](NC(=O)c1cc2ccccc2s1)C(=O)N[C@@H]1COCC1=O
CHEMBL61408,CC(C)C[C@H](NC(=O)c1cc2ccccc2s1)C(=O)N[C@H]1COCC1=O
CHEMBL303555,CC(C)C[C@H](NC(=O)c1ccc2ccccc2c1)C(=O)NC1CCOCC1=O
CHEMBL305084,CC(C)C[C@H](NC(=O)c1cc2ccccc2s1)C(=O)NC1CCOCC1=O
CHEMBL607123,CC(C)C[C@H](NC(=O)c1ccc(N(C)C)cc1)C(=O)N1CC[C@@H]2[C@H]1C(=O)CN2C(=O)c1ccccc1
CHEMBL607169,CC(C)C[C@H](NC(=O)c1ccc(C(C)(C)C)cc1)C(=O)N1CC[C@@H]2[C@H]1C(=O)CN2C(=O)c1ccccc1
CHEMBL607170,CC(C)C[C@H](NC(=O)c1ccc(N(C)C)cc1)C(=O)N1OC[C@@H]2[C@H]1C(=O)CN2C(=O)c1ccccc1
CHEMBL607122,CC(C)C[C@H](NC(=O)c1ccc(C(C)(C)C)cc1)C(=O)N1NC[C@@H]2[C@H]1C(=O)CN2C(=O)c1ccccc1
CHEMBL116402,CCCC[C@@H](C=O)NC(=O)O[C@@H](C)CC1CCCCC1
CHEMBL183670,CC(C)(C)OC(=O)[C@@H]1CCCN1C#N
CHEMBL182832,CC(C)(C)OC(=O)[C@H]1CCCN1C#N
CHEMBL2096777,CC(C)(C)OC(=O)N[C@H]1CCN(C#N)C1
CHEMBL2096698,CC(C)(C)OC(=O)N[C@@H]1CCN(C#N)C1
CHEMBL180839,C[C@@H](CC1CCCCC1)OC(=O)C1CCCN1C#N
CHEMBL183812,C[C@@H](CC1CCCCC1)OC(=O)C1CCN1C#N
CHEMBL183660,C[C@@H](CC1CCCCC1)OC(=O)N[C@H]1CCN(C#N)C1
CHEMBL361816,CCCC[C@H](NC(=O)O[C@@H](C)CC1CCCCC1)C(=O)c1nc(C(=O)OCC)cs1
CHEMBL369080,CC[C@@H](CC1CCCCC1)OC(=O)NC1CCN(C#N)C1
CHEMBL182578,CC[C@@H](CC1CCCCC1)OC(=O)N1CCC(NC#N)C1
CHEMBL183658,CC(C)C[C@H](NC(=O)OCC1CCCCC1)C(=O)NC1CCN(C#N)C1
CHEMBL362589,CCCC[C@H](C=O)NC(=O)OC(C)(C)C
CHEMBL116402,CCCC[C@@H](C=O)NC(=O)O[C@@H](C)CC1CCCCC1
CHEMBL114462,CCCC[C@@H](C=O)NC(=O)O[C@@H](CC)Cc1ccccc1
CHEMBL184514,CC(C)C[C@@H](C(=O)NCC#N)c1cccc(-c2ccc(N3CCNCC3)cc2)c1
CHEMBL182956,CC(C)C[C@H](Nc1cscc1-c1ccc(N2CCNCC2)cc1)C(=O)NCC#N
CHEMBL185245,CCCC[C@H](NC(=O)OCC(C)(C)CC)C(=O)C(=O)N[C@H](C)c1ccccc1
CHEMBL185533,CCCC[C@H](NC(=O)OCC(C)(C)CC)C(=O)C(=O)Nc1cc[nH]n1
CHEMBL185211,CCCC[C@H](NC(=O)OCC(C)(C)CC)C(=O)C(=O)Nc1ccon1
CHEMBL185062,CCCC[C@H](NC(=O)OCC1(CC)CCC1)C(=O)C(=O)N[C@H](C)c1ccccc1
CHEMBL363949,CCCC[C@H](NC(=O)OCC1(CC)CCC1)C(=O)C(=O)Nc1cc[nH]n1
CHEMBL186352,CCCC[C@H](NC(=O)OCC1(CC)CCC1)C(=O)C(=O)Nc1ccnn1C
CHEMBL183632,CCCC[C@H](NC(=O)OCC1(CC)CCC1)C(=O)C(=O)Nc1cc(-c2ccccc2)[nH]n1
CHEMBL183632,CCCC[C@H](NC(=O)OCC1(CC)CCC1)C(=O)C(=O)Nc1cc(-c2ccccc2)[nH]n1
CHEMBL184677,CCCC[C@H](NC(=O)OCC1(CC)CCC1)C(=O)C(=O)Nc1ccon1
CHEMBL359588,CCCC[C@H](NC(=O)OCC1(CC)COC1)C(=O)C(=O)N[C@H](C)c1ccccc1
CHEMBL360632,CCCC[C@H](NC(=O)OCC1(CC)COC1)C(=O)C(=O)Nc1cc[nH]n1
CHEMBL182516,CCCC[C@H](NC(=O)OCC1(CC)COC1)C(=O)C(=O)Nc1cc(-c2ccccc2)[nH]n1
CHEMBL183686,CCCC[C@H](NC(=O)OCC1(CC)CCCC1)C(=O)C(=O)N[C@H](C)c1ccccc1
CHEMBL424982,CCCC[C@H](NC(=O)OCC1(CC)CCCC1)C(=O)C(=O)Nc1cc[nH]n1
CHEMBL425535,CCCC[C@H](NC(=O)OCC1(CC)CCCC1)C(=O)C(=O)Nc1ccnn1C
CHEMBL184727,CCCC[C@H](NC(=O)OCC1(CC)CCCC1)C(=O)C(=O)Nc1cc(-c2ccccc2)[nH]n1
CHEMBL184331,CCCC[C@H](NC(=O)OCC1(CC)CCCCC1)C(=O)C(=O)N[C@H](C)c1ccccc1
CHEMBL360863,CCCC[C@H](NC(=O)OCC1(CC)CCCCC1)C(=O)C(=O)Nc1cc[nH]n1
CHEMBL359773,CCCC[C@H](NC(=O)OCC1(CC)CCCCC1)C(=O)C(=O)Nc1ccon1
CHEMBL183788,CCCC[C@H](NC(=O)OCC1(CC)CCCCC1)C(=O)C(=O)Nc1[nH]nc2cc(Cl)ccc12
CHEMBL185090,CCCC[C@H](NC(=O)OCC1(CC)CCC1)C(=O)C(=O)Nc1ccn(C)n1
CHEMBL362393,CCCC[C@H](NC(=O)OCC1(CC)CCC1)C(=O)C(=O)Nc1ccnn1CC
CHEMBL263181,CCCC[C@H](NC(=O)OCC1(CC)CCC1)C(=O)C(=O)Nc1ccnn1C(C)C
CHEMBL185403,CCCC[C@H](NC(=O)OCC1(CC)CCC1)C(=O)C(=O)Nc1ccnn1CC(C)C
CHEMBL361911,CCCC[C@H](NC(=O)OCC1(CC)CCC1)C(=O)C(=O)Nc1ccnn1CC1CC1
CHEMBL183959,CCCC[C@H](NC(=O)OCC1(CC)CCC1)C(=O)C(=O)Nc1ccnn1Cc1ccccc1
CHEMBL363950,CCCC[C@H](NC(=O)OCC1(CC)CCC1)C(=O)C(=O)Nc1ccnn1CCC(C)(C)C
CHEMBL186353,CCCC[C@H](NC(=O)OCC1(CC)CCC1)C(=O)C(=O)Nc1ccnn1C1CCC1
CHEMBL184212,CCCC[C@H](NC(=O)OCC1(CC)CCC1)C(=O)C(=O)Nc1ccnn1C1CCCC1
CHEMBL362292,CCCC[C@H](NC(=O)OCC1(CC)CCC1)C(=O)C(=O)Nc1ccnn1C1CCCCC1
CHEMBL183252,CCCC[C@H](NC(=O)OCC1(CC)CCC1)C(=O)C(=O)Nc1ccnn1-c1ccccc1
CHEMBL184370,CCCC[C@H](NC(=O)OCC1(CSc2nccn2C)CCC1)C(=O)C(=O)N[C@H](C)c1ccccc1
CHEMBL180528,C[C@@H](NC(=O)C(=O)[C@H](CCCCNC(=O)N1CCOCC1)NC(=O)OCC1(Cc2ccc(F)cc2)CCC1)c1ccccc1
CHEMBL362878,C[C@@H](NC(=O)C(=O)[C@H](CCCCNC(=O)N1CCOCC1)NC(=O)OCC1(Cc2ccncc2)CCC1)c1ccccc1
CHEMBL349045,CCCC[C@H](NC(=O)O[C@H](CCc1ccccc1)C(C)(C)C)C(=O)C(=O)N[C@H](C)c1ccccc1
CHEMBL362134,CCCC[C@H](NC(=O)OC1(Cc2ccccc2)CCCC1)C(=O)C(=O)N[C@H](C)c1ccccc1
CHEMBL188059,CCCC[C@H](NC(=O)OC(CC)(CC)Cc1ccccc1)C(=O)C(=O)N[C@H](C)c1ccccc1
CHEMBL364323,CCCC[C@H](NC(=O)OC1(Cc2ccccc2)CCCCC1)C(=O)C(=O)N[C@H](C)c1ccccc1
CHEMBL426611,CCCC[C@H](NC(=O)OCC(C)(C)c1ccccc1)C(=O)C(=O)N[C@H](C)c1ccccc1
CHEMBL182775,CCCC[C@H](NC(=O)OCC(C)(C)Cc1ccccc1)C(=O)C(=O)N[C@H](C)c1ccccc1
CHEMBL366268,CCCC[C@H](NC(=O)OCC1(Cc2ccccc2)CCC1)C(=O)C(=O)N[C@H](C)c1ccccc1
CHEMBL184403,CCCC[C@H](NC(=O)OCC1(Cc2ccccc2)CCCC1)C(=O)C(=O)N[C@H](C)c1ccccc1
CHEMBL184329,CCCC[C@H](NC(=O)OCC1(CCc2ccccc2)CCC1)C(=O)C(=O)N[C@H](C)c1ccccc1
CHEMBL187687,CCCC[C@H](NC(=O)OCC1(CCCc2ccccc2)CCC1)C(=O)C(=O)N[C@H](C)c1ccccc1
CHEMBL185097,CCCC[C@H](NC(=O)OCC1(Cc2ccc(F)cc2)CCC1)C(=O)C(=O)Nc1ccn[nH]1
CHEMBL186650,CN(C)S(=O)(=O)NCCCC[C@H](NC(=O)OCC1(Cc2ccc(F)cc2)CCC1)C(=O)C(=O)NCc1cccnc1
CHEMBL184164,CNC(=O)NCCCC[C@H](NC(=O)OCC1(Cc2c(F)cccc2F)CCC1)C(=O)C(=O)N[C@H](C)c1ccccc1
CHEMBL363538,CCCC[C@H](NC(=O)OCC1(CSc2ncc(-c3ccc(Cl)cc3)n2C)CCC1)C(=O)C(=O)N[C@H](C)c1ccccc1
CHEMBL364563,CCCC[C@H](NC(=O)OCC1(CSc2nccn2-c2ccccc2)CCC1)C(=O)C(=O)N[C@H](C)c1ccccc1
CHEMBL359801,CCCC[C@H](NC(=O)OCC1(CSc2nccs2)CCC1)C(=O)C(=O)N[C@H](C)c1ccccc1
CHEMBL360418,CCCC[C@H](NC(=O)OCC1(CSc2nc3ccccc3o2)CCC1)C(=O)C(=O)N[C@H](C)c1ccccc1
CHEMBL186377,CCCC[C@H](NC(=O)OCC1(CSc2ncccn2)CCC1)C(=O)C(=O)N[C@H](C)c1ccccc1
CHEMBL365081,CCCC[C@H](NC(=O)OCC1(CSc2nccc(-c3ccc(Cl)cc3)n2)CCC1)C(=O)C(=O)N[C@H](C)c1ccccc1
CHEMBL188905,CCCC[C@H](NC(=O)OCC1(COc2nccs2)CCC1)C(=O)C(=O)N[C@H](C)c1ccccc1
CHEMBL188278,CCCC[C@H](NC(=O)OCC1(COc2ncccn2)CCC1)C(=O)C(=O)N[C@H](C)c1ccccc1
CHEMBL188840,CCCC[C@H](NC(=O)OCC1(COc2ccnc(Cl)n2)CCC1)C(=O)C(=O)N[C@H](C)c1ccccc1
CHEMBL364350,CCCC[C@H](NC(=O)OCC1(COc2ccnc(N3CCN(C)CC3)n2)CCC1)C(=O)C(=O)N[C@H](C)c1ccccc1
CHEMBL187636,CCCC[C@H](NC(=O)OCC1(COc2ccnc(N3CCN(c4ccccc4)CC3)n2)CCC1)C(=O)C(=O)N[C@H](C)c1ccccc1
CHEMBL188603,CCCC[C@H](NC(=O)OCC1(COc2ccnc(N3CCOCC3)n2)CCC1)C(=O)C(=O)N[C@H](C)c1ccccc1
CHEMBL186912,CCCC[C@H](NC(=O)OCC1(COc2ncnc3ccsc23)CCC1)C(=O)C(=O)N[C@H](C)c1ccccc1
CHEMBL362766,CCCC[C@H](NC(=O)OCC1(COc2nc(-c3ccc(C)cc3)cs2)CCC1)C(=O)C(=O)N[C@H](C)c1ccccc1
CHEMBL189603,CCCC[C@H](NC(=O)OCC1(COc2nc(-c3ccccc3)ns2)CCC1)C(=O)C(=O)N[C@H](C)c1ccccc1
CHEMBL186005,CCCC[C@H](NC(=O)OCC1(COc2nnc(C)cc2-c2ccccc2)CCC1)C(=O)C(=O)N[C@H](C)c1ccccc1
CHEMBL361507,CCCC[C@H](NC(=O)OCC1(COc2nc(C(F)(F)F)cs2)CCC1)C(=O)C(=O)N[C@H](C)c1ccccc1
CHEMBL187918,CCCC[C@H](NC(=O)OCC1(COc2nc(-c3ccccc3)cs2)CCC1)C(=O)C(=O)N[C@H](C)c1ccccc1
CHEMBL186778,CCCC[C@H](NC(=O)O[C@H](Cc1nnc(-c2ccccc2)o1)C(C)(C)C)C(=O)C(=O)N[C@H](C)c1ccccc1
CHEMBL188400,CCCC[C@H](NC(=O)O[C@H](Cc1nnc(-c2ccc(C(F)(F)F)cc2)o1)C(C)(C)C)C(=O)C(=O)Nc1ccn[nH]1
CHEMBL234367,CCCC[C@H](NC(=O)O[C@H](Cn1ccc(-c2ccc(C(F)(F)F)cc2)n1)C(C)(C)C)C(=O)C(=O)Nc1ccn[nH]1
CHEMBL190053,CCCC[C@H](NC(=O)O[C@H](Cn1cc(-c2ccc(C(F)(F)F)cc2)cn1)C(C)(C)C)C(=O)C(=O)Nc1ccn[nH]1
CHEMBL191584,CCCC[C@H](NC(=O)O[C@H](Cn1cnc(-c2ccc(C(F)(F)F)cc2)c1)C(C)(C)C)C(=O)C(=O)Nc1ccn[nH]1
CHEMBL365822,CCCC[C@H](NC(=O)O[C@H](Cc1nnc(-c2ccc(C(F)(F)F)cc2)o1)C(C)(C)C)C(=O)C(=O)NN1CCOC1=O
CHEMBL362925,C[C@@H](CC1CCCCC1)OC(=O)N(C)N(C)C#N
CHEMBL189149,C[C@@H](CC1CCCCC1)OC(=O)CN(C)C#N
CHEMBL371420,CC(C)N(C#N)NC(=O)O[C@@H](C)CC1CCCCC1
CHEMBL191558,CC[C@@H](Cc1ccccc1)OC(=O)NN(C)C#N
CHEMBL363610,CC(C)(C)OC(=O)C1CCCN1C#N
CHEMBL180839,C[C@@H](CC1CCCCC1)OC(=O)C1CCCN1C#N
CHEMBL365564,N#Cc1nc(NC2CCCCC2)c2ncn([C@@H]3O[C@H](O)[C@@H](O)[C@H]3O)c2n1
CHEMBL363847,CN1CCN(CCn2cnc3c(NC4CCCCC4)nc(C#N)nc32)CC1
CHEMBL186062,COCCN(C)CCn1cnc2c(NC3CCCCC3)nc(C#N)nc21
CHEMBL189730,CN1CCN(CCOc2ccc(COc3ccccc3Nc3nc(C#N)nc4c3ncn4C3CCCC3)cc2)CC1
CHEMBL361499,COCCNCCOc1ccc(COc2ccccc2Nc2nc(C#N)nc3c2ncn3C2CCCC2)cc1
CHEMBL188865,N#Cc1nc(Nc2ccccc2OCCCn2ccnc2)c2ncn(C3CCCC3)c2n1
CHEMBL188139,CN1CCN(CCCOc2ccccc2Nc2nc(C#N)nc3c2ncn3C2CCCC2)CC1
CHEMBL195301,CCCC[C@H](NC(=O)OC1C[C@H](C)C[C@@H](C)C1)C(=O)C(=O)N[C@H](C)c1ccccc1
CHEMBL196240,CCCC[C@H](NC(=O)O[C@H]1CCc2ccccc21)C(=O)C(=O)N[C@H](C)c1ccccc1
CHEMBL195963,CCCC[C@H](NC(=O)O[C@H]1CCCc2ccccc21)C(=O)C(=O)N[C@H](C)c1ccccc1
CHEMBL196298,CCCC[C@H](NC(=O)OC1CC2CCC1C2)C(=O)C(=O)N[C@H](C)c1ccccc1
CHEMBL193582,CCCC[C@H](NC(=O)OC1C2(C)CCC(C2)C1(C)C)C(=O)C(=O)N[C@H](C)c1ccccc1
CHEMBL197509,CCCC[C@H](NC(=O)OC1C2CC3CC(C2)CC1C3)C(=O)C(=O)N[C@H](C)c1ccccc1
CHEMBL196896,CCCC[C@H](NC(=O)O[C@@H]1C(=O)OCC1(C)C)C(=O)C(=O)N[C@H](C)c1ccccc1
CHEMBL194068,CCCC[C@H](NC(=O)O[C@@H]1C(=O)NCC1(C)C)C(=O)C(=O)N[C@H](C)c1ccccc1
CHEMBL184514,CC(C)C[C@@H](C(=O)NCC#N)c1cccc(-c2ccc(N3CCNCC3)cc2)c1
CHEMBL182956,CC(C)C[C@H](Nc1cscc1-c1ccc(N2CCNCC2)cc1)C(=O)NCC#N
CHEMBL372979,CC(C)C[C@H](NC(c1ccc(Br)cc1)C(F)(F)F)C(=O)NCC#N
CHEMBL372979,CC(C)C[C@H](NC(c1ccc(Br)cc1)C(F)(F)F)C(=O)NCC#N
CHEMBL195505,CC(C)CC(NC(c1ccc(-c2ccc(N3CCNCC3)cc2)cc1)C(F)(F)F)C(=O)NCC#N
CHEMBL426819,CN1CCN(c2nc(-c3ccc(C(=O)NC4(C(=O)NCC#N)CCCCC4)cc3)cs2)CC1
CHEMBL194914,N#CCNC(=O)C1(NC(c2ccc(-c3ccc(N4CCNCC4)cc3)cc2)C(F)(F)F)CCCCC1
CHEMBL371133,N#CCNC(=O)C1(NC(=O)c2ccc(-c3ccc(N4CCNCC4)cc3)cc2)CCCCC1
CHEMBL372046,CC(C)C[C@H](NC(c1ccc(Br)cc1)C(F)(F)C(F)(F)F)C(=O)NCC#N
CHEMBL193813,CC(C)C[C@H](NC(c1ccc(Br)cc1)c1ccc(S(C)(=O)=O)cc1)C(=O)NCC#N
CHEMBL197093,CC(C)C[C@H](NC(C#N)c1ccc(Br)cc1)C(=O)NCC#N
CHEMBL286364,CC(C)C[C@H](NC(=O)c1cc2ccccc2o1)C(=O)N[C@H]1CCCN(S(=O)(=O)c2ccccn2)CC1=O
CHEMBL286364,CC(C)C[C@H](NC(=O)c1cc2ccccc2o1)C(=O)N[C@H]1CCCN(S(=O)(=O)c2ccccn2)CC1=O
CHEMBL433985,CC(C)C[C@H](NC(=O)c1ccc2ccccc2n1)C(=O)N[C@H]1CCCN(S(=O)(=O)c2ccccn2)CC1=O
CHEMBL196023,CC(C)C[C@H](NC(=O)c1cccc2cccnc12)C(=O)N[C@H]1CCCN(S(=O)(=O)c2ccccn2)CC1=O
CHEMBL382286,CC(C)C[C@H](NC(=O)c1cccc2ccccc12)C(=O)N[C@H]1CCCN(S(=O)(=O)c2ccccn2)CC1=O
CHEMBL407633,O=C(N[C@@H](Cc1ccccc1)C(=O)N[C@H]1CCCN(S(=O)(=O)c2ccccn2)CC1=O)c1cc2ccccc2o1
CHEMBL194861,O=C(N[C@@H](Cc1ccc2ccccc2c1)C(=O)N[C@H]1CCCN(S(=O)(=O)c2ccccn2)CC1=O)c1cc2ccccc2o1
CHEMBL177914,O=C[C@H](Cc1ccc(O)cc1)NC(=O)[C@H](Cc1ccccc1)NC(=O)OCc1ccccc1
CHEMBL197958,CCC(C)[C@H](NS(=O)(=O)c1cccc2ccccc12)C(=O)N[C@H](C=O)Cc1cc2ccccc2[nH]1
CHEMBL64765,COc1ccc(NCCNC(=O)[C@H](CC(C)C)NC(=O)c2cccc(C)c2)cc1
CHEMBL198612,COc1ccc(NCCNC(=O)[C@H](CC(C)(C)C)NC(=O)c2cccc(C)c2)cc1
CHEMBL370198,COc1ccc(NCCNC(=O)[C@@H](NC(=O)c2cccc(C)c2)C2CCCCC2)cc1
CHEMBL199242,COc1ccc(NCCNC(=O)[C@H](CC2CCCCC2)NC(=O)c2cccc(C)c2)cc1
CHEMBL380989,COc1ccc(NCCNC(=O)[C@H](Cc2ccccc2)NC(=O)c2cccc(C)c2)cc1
CHEMBL264519,COc1ccc(NCCNC(=O)[C@H](CC2CCCCC2)NC(=O)c2ccc3ccccc3c2)cc1
CHEMBL198420,COc1ccc(NCCNC(=O)[C@H](CC2CCCCC2)NC(=O)c2cc3cc(Cl)ccc3o2)cc1
CHEMBL200160,CC(C)C[C@H](NC(=O)OC(C)(C)C)C(=O)NCC#N
CHEMBL200161,CC(C)C[C@H](NC(=O)OCc1ccccc1)C(=O)NCC#N
CHEMBL344174,N#CCNC(=O)[C@H](Cc1ccccc1)NC(=O)OCc1ccccc1
CHEMBL200235,N#CCNC(=O)[C@H](Cc1ccccc1)NC(=O)c1ccc(-c2ccccc2)cc1
CHEMBL200521,CC(C)(C)OC(=O)N[C@@H](Cc1ccccc1)C(=O)NCC=O
CHEMBL426819,CN1CCN(c2nc(-c3ccc(C(=O)NC4(C(=O)NCC#N)CCCCC4)cc3)cs2)CC1
CHEMBL371064,CCCN1CCN(c2ccc(C(=O)NC3(C(=O)NCC#N)CCCCC3)cc2)CC1
CHEMBL184514,CC(C)C[C@@H](C(=O)NCC#N)c1cccc(-c2ccc(N3CCNCC3)cc2)c1
CHEMBL199358,N#CCNC(=O)C1(NC(=O)c2ccc(-c3csc(N4CCOCC4)n3)cc2)CCCCC1
CHEMBL200301,N#CCNC(=O)C1(NC(=O)c2ccc(N3CCOCC3)cc2)CCCCC1
CHEMBL200993,N#CCNC(=O)[C@@H]1CCCC[C@H]1CSc1ccccc1
CHEMBL371954,CSc1ccc(-c2ccccc2C2CCC(F)CC2C(=O)NCC#N)cc1
CHEMBL371954,CSc1ccc(-c2ccccc2C2CCC(F)CC2C(=O)NCC#N)cc1
CHEMBL383612,CSc1ccc(-c2ccccc2C2CCC(Cl)(Cl)CC2C(=O)NCC#N)cc1
CHEMBL370139,N#CCNC(=O)C1CC(F)(F)CCC1c1ccccc1-c1ccc(F)cc1
CHEMBL202103,CSc1ccc(-c2ccccc2[C@H]2CCC(F)(F)C[C@@H]2C(=O)NCC#N)cc1
CHEMBL201782,CSc1ccc(-c2ccccc2[C@@H]2CCC(F)(F)C[C@H]2C(=O)NCC#N)cc1
CHEMBL201914,CSc1ccc(-c2ccccc2C2CCC(F)(F)CC2C(=O)NCC#N)cc1
CHEMBL201178,CSc1ccc(-c2ccccc2[C@@H]2CCCC[C@H]2C(=O)NCC#N)cc1
CHEMBL201479,N#CCNC(=O)[C@@H]1CCCC[C@H]1/C=C\c1ccccc1
CHEMBL371545,N#CCNC(=O)[C@@H]1CCCC[C@H]1CCc1ccccc1
CHEMBL201415,CSc1ccc(S(=O)(=O)C[C@@H]2CCCC[C@H]2C(=O)NCC#N)cc1
CHEMBL202061,N#CCNC(=O)[C@@H]1CCCC[C@H]1CSc1nc2ccccc2s1
CHEMBL381481,N#CCNC(=O)[C@@H]1CCCC[C@H]1CSc1cc(Cl)ccc1Cl
CHEMBL201478,N#CCNC(=O)[C@@H]1CCCC[C@H]1CSc1ccc(Cl)cc1Cl
CHEMBL378384,N#CCNC(=O)[C@@H]1CCCC[C@H]1CSc1cc(Cl)cc(Cl)c1
CHEMBL382158,N#CCNC(=O)[C@@H]1CCCC[C@H]1CSc1cccc(Br)c1
CHEMBL202096,N#CCNC(=O)[C@@H]1CCCC[C@H]1CSc1cccc(Cl)c1
CHEMBL371664,N#CCNC(=O)[C@@H]1CCCC[C@H]1CSc1ccc(N)cc1
CHEMBL201784,COc1ccc(SC[C@@H]2CCCC[C@H]2C(=O)NCC#N)cc1
CHEMBL202542,N#CCNC(=O)[C@@H]1CCCC[C@H]1CSc1ccc(O)cc1
CHEMBL202117,Cc1ccc(SC[C@@H]2CCCC[C@H]2C(=O)NCC#N)cc1
CHEMBL201957,CSc1ccc(SC[C@@H]2CCCC[C@H]2C(=O)NCC#N)cc1
CHEMBL202050,N#CCNC(=O)[C@@H]1CCCC[C@H]1CSc1ccc(I)cc1
CHEMBL201955,N#CCNC(=O)[C@@H]1CCCC[C@H]1CSc1ccc(Br)cc1
CHEMBL370832,N#CCNC(=O)[C@@H]1CCCC[C@H]1CSc1ccc(Cl)cc1
CHEMBL201045,N#CCNC(=O)[C@@H]1CCCC[C@H]1CSc1ccc(F)cc1
CHEMBL372125,N#CCNC(=O)[C@@H]1CCCC[C@@H]1SCc1ccccc1
CHEMBL201046,N#CCNC(=O)[C@@H]1CCCC[C@H]1SCc1ccccc1
CHEMBL200993,N#CCNC(=O)[C@@H]1CCCC[C@H]1CSc1ccccc1
CHEMBL424851,N#CCNC(=O)C1(NC(=O)c2ccccc2)CCCCC1
CHEMBL96875,CCCC[C@@H](C=O)NC(=O)OC(C)(C)C
CHEMBL426308,CCCC[C@@H](/C=N/NC(=O)N1CCc2ccccc21)NC(=O)OC1(Cc2ccccc2)CCCC1
CHEMBL203663,CCCC[C@@H](/C=N/NC(=O)N1CCOCC1)NC(=O)O[C@H](Cc1ccccc1)C(C)C
CHEMBL204605,CCCC[C@@H](/C=N/NC(=O)N1CCOCC1)NC(=O)O[C@@H](C)Cc1ccccc1
CHEMBL203501,CCCC[C@@H](/C=N/NS(=O)(=O)N(C)C)NC(=O)OC(C)(C)C
CHEMBL203766,CCCC[C@@H](/C=N/NC(=O)N1CCc2ccccc2C1)NC(=O)OC(C)(C)C
CHEMBL204133,CCCC[C@@H](/C=N/NC(=O)N1CCCc2ccccc21)NC(=O)OC(C)(C)C
CHEMBL381715,CCCC[C@@H](/C=N/NC(=O)N1CCc2ccccc21)NC(=O)OC(C)(C)C
CHEMBL205173,CCCC[C@@H](/C=N/NC(=O)N1CCOCC1)NC(=O)OC(C)(C)C
CHEMBL383002,CCCC[C@@H](/C=N/NC(=O)N1CCCCC1)NC(=O)OC(C)(C)C
CHEMBL204103,CCCC[C@@H](/C=N/NC(=O)N1CCCC1)NC(=O)OC(C)(C)C
CHEMBL204102,CCCC[C@@H](/C=N/NC(=O)N(CC)CC)NC(=O)OC(C)(C)C
CHEMBL425042,CCCC[C@@H](/C=N/NC(=O)N(C)C)NC(=O)OC(C)(C)C
CHEMBL204451,CCCC[C@@H](/C=N/N=C(\S)NC(C)C)NC(=O)OC(C)(C)C
CHEMBL204448,CCCC[C@@H](/C=N/NC(=O)CC(C)C)NC(=O)OC(C)(C)C
CHEMBL380636,CCCC[C@@H](/C=N/NC(=O)OC(C)C)NC(=O)OC(C)(C)C
CHEMBL438798,CCCC[C@@H](/C=N/NC(=O)C(F)(F)F)NC(=O)OC(C)(C)C
CHEMBL204913,CCCC[C@@H](/C=N/NC(=O)c1ccccc1)NC(=O)OC(C)(C)C
CHEMBL205062,CCCC[C@@H](/C=N/NC(=O)N(C)CCc1ccccc1)NC(=O)OC(C)(C)C
CHEMBL204197,CCCC[C@@H](/C=N/NC(=O)NC(=O)OC)NC(=O)OC(C)(C)C
CHEMBL383206,CCCC[C@@H](/C=N/NC(=O)NCCc1ccccc1)NC(=O)OC(C)(C)C
CHEMBL369961,CCCC[C@@H](/C=N/NC(=O)NC(C)(C)C)NC(=O)OC(C)(C)C
CHEMBL380659,CCCC[C@@H](/C=N/NC(=O)NC(C)C)NC(=O)OC(C)(C)C
CHEMBL381047,CCCC[C@@H](/C=N/NC(=O)NC)NC(=O)OC(C)(C)C
CHEMBL117658,CCCC[C@@H](C=O)NC(=O)OC1(Cc2ccccc2)CCCC1
CHEMBL113948,CCCC[C@@H](C=O)NC(=O)O[C@H](Cc1ccccc1)C(C)C
CHEMBL114161,CCCC[C@@H](C=O)NC(=O)O[C@@H](C)Cc1ccccc1
CHEMBL204666,CC(C)C[C@@H]([13CH]=O)NC(=O)OC(C)(C)C
CHEMBL382947,CC(C)C[C@@H](/[13CH]=N/NC(=O)N1CCOCC1)NC(=O)OC(C)(C)C
CHEMBL286364,CC(C)C[C@H](NC(=O)c1cc2ccccc2o1)C(=O)N[C@H]1CCCN(S(=O)(=O)c2ccccn2)CC1=O
CHEMBL202991,CC(C)C[C@H](NC(=O)c1cc2ccccc2o1)C(=O)N[C@@H]1CC[C@H](C)N(S(=O)(=O)c2ccccn2)CC1=O
CHEMBL203224,CC(C)C[C@H](NC(=O)c1cc2ccccc2o1)C(=O)N[C@@H]1CC[C@@H](C)N(S(=O)(=O)c2ccccn2)CC1=O
CHEMBL377713,CC(C)C[C@H](NC(=O)c1cc2ccccc2o1)C(=O)N[C@H]1CC[C@H](C)N(S(=O)(=O)c2ccccn2)CC1=O
CHEMBL203665,CC(C)C[C@H](NC(=O)c1cc2ccccc2o1)C(=O)N[C@H]1CC[C@@H](C)N(S(=O)(=O)c2ccccn2)CC1=O
CHEMBL440574,CC(C)C[C@H](NC(=O)c1cc2ccccc2o1)C(=O)N[C@@H]1C[C@H](C)CN(S(=O)(=O)c2ccccn2)CC1=O
CHEMBL205068,CC(C)C[C@H](NC(=O)c1cc2ccccc2o1)C(=O)N[C@@H]1C[C@@H](C)CN(S(=O)(=O)c2ccccn2)CC1=O
CHEMBL205172,CC(C)C[C@H](NC(=O)c1cc2ccccc2o1)C(=O)N[C@H]1C[C@H](C)CN(S(=O)(=O)c2ccccn2)CC1=O
CHEMBL438435,CC(C)C[C@H](NC(=O)c1cc2ccccc2o1)C(=O)N[C@H]1C[C@@H](C)CN(S(=O)(=O)c2ccccn2)CC1=O
CHEMBL203556,CC(C)C[C@H](NC(=O)c1cc2ccccc2o1)C(=O)N[C@H]1C(=O)CN(S(=O)(=O)c2ccccn2)CC[C@H]1C
CHEMBL204169,CC(C)C[C@H](NC(=O)c1cc2ccccc2o1)C(=O)N[C@H]1C(=O)CN(S(=O)(=O)c2ccccn2)CC[C@@H]1C
CHEMBL203845,CC(C)C[C@H](NC(=O)c1cc2ccccc2o1)C(=O)N[C@@H]1C(=O)CN(S(=O)(=O)c2ccccn2)CC[C@H]1C
CHEMBL60242,COc1ccc(NCCNC(=O)[C@H](CC(C)C)NC(=O)OCc2ccccc2)cc1
CHEMBL203841,COc1ccc(NC[C@H](C)NC(=O)C2(Nc3cccc(-c4ccccc4)c3)CCCCC2)cc1
CHEMBL202754,COc1ccc(NCCNC(=O)[C@H](CC(C)C)Nc2cccc(C3CCCCC3)c2)cc1
CHEMBL381830,COc1ccc(NCCNC(=O)[C@H](CC(C)C)Nc2cccc(-c3ccccc3)c2)cc1
CHEMBL381760,COc1ccc(NCCNC(=O)C2(Nc3ccc(-c4ccccc4)cc3)CCCCC2)cc1
CHEMBL203022,COc1ccc(NCCNC(=O)C2(Nc3cccc(-c4ccccc4)c3)CCCCC2)cc1
CHEMBL202735,COc1ccc(NCCNC(=O)C2(Oc3ccc(C4CCCCC4)cc3)CCCCC2)cc1
CHEMBL205513,COc1ccc(NCCNC(=O)C2(Oc3ccc(C(C)C)cc3)CCCCC2)cc1
CHEMBL383685,CCc1ccc(OC2(C(=O)NCCNc3ccc(OC)cc3)CCCCC2)cc1
CHEMBL206053,COc1ccc(NCCNC(=O)C2(Oc3ccc(-c4ccccc4)cc3)CCCCC2)cc1
CHEMBL206244,COc1ccc(NCCNC(=O)C2(Oc3cccc(-c4ccccc4)c3)CCCCC2)cc1
CHEMBL383473,COc1ccc(NCCNC(=O)C(CC(C)C)Oc2cccc(Oc3ccccc3)c2)cc1
CHEMBL380744,COc1ccc(NCCNC(=O)C(CC(C)C)Oc2ccc(-c3ccccc3)cc2)cc1
CHEMBL204052,COc1ccc(NCCNC(=O)C(CC(C)C)Oc2cccc(-c3ccccc3)c2)cc1
CHEMBL557986,CC[C@@H](CNc1ccc(OCC(=O)O)cc1)NC(=O)C1(Nc2cccc(-c3ccccc3)c2)CCCCC1.Cl.Cl
CHEMBL536741,CC[C@@H](CNc1ccc(OCC(=O)O)cc1)NC(=O)[C@H](CC(C)C)Nc1cccc(-c2ccccc2)c1.Cl.Cl
CHEMBL383551,CC[C@@H](CNc1ccc(OCC(=O)OC(C)(C)C)cc1)NC(=O)C1(Nc2cccc(-c3ccccc3)c2)CCCCC1
CHEMBL202703,CC[C@@H](CNc1ccc(OCC(=O)OC(C)(C)C)cc1)NC(=O)[C@H](CC(C)C)Nc1cccc(-c2ccccc2)c1
CHEMBL206210,CC[C@@H](CNc1ccc(OCc2nn[nH]n2)cc1)NC(=O)[C@H](CC(C)C)Nc1cccc(-c2ccccc2)c1
CHEMBL203117,CC[C@@H](CNc1ccc(OC)cc1)NC(=O)[C@H](CC(C)C)Nc1cccc(-c2ccccc2)c1
CHEMBL206561,COc1ccc(NC[C@H](C)NC(=O)[C@H](CC(C)C)Nc2cccc(-c3ccccc3)c2)cc1
CHEMBL203832,CCCC[C@@H](CNc1ccc(OC)cc1)NC(=O)C1(Nc2cccc(-c3ccccc3)c2)CCCCC1
CHEMBL204006,CCC[C@@H](CNc1ccc(OC)cc1)NC(=O)C1(Nc2cccc(-c3ccccc3)c2)CCCCC1
CHEMBL264314,CC[C@@H](CNc1ccc(OC)cc1)NC(=O)C1(Nc2cccc(-c3ccccc3)c2)CCCCC1
CHEMBL382670,COc1ccc(NC[C@@H](C)NC(=O)C2(Nc3cccc(-c4ccccc4)c3)CCCCC2)cc1
CHEMBL64765,COc1ccc(NCCNC(=O)[C@H](CC(C)C)NC(=O)c2cccc(C)c2)cc1
CHEMBL383469,CCOC(=O)C[C@@H](CN1CCc2cc(F)ccc21)NC(=O)[C@H](CCC1CCCCC1)NC(=O)c1cccc(OC)c1
CHEMBL202747,COc1cccc(C(=O)N[C@@H](CC(C)(C)C)C(=O)N[C@@H](CCS(C)(=O)=O)CN2CCc3cc(F)ccc32)c1
CHEMBL203328,COc1ccc(NC[C@H](C)NC(=O)[C@H](CC(C)C)NC(=O)c2cccc(C)c2)cc1
CHEMBL203480,Cc1cccc(C(=O)N[C@@H](CC(C)C)C(=O)NCCN2CCc3cc(F)ccc32)c1
CHEMBL379230,Cc1cccc(C(=O)N[C@@H](CC(C)C)C(=O)NCCN2CCc3cc(Cl)ccc32)c1
CHEMBL205835,Cc1cccc(C(=O)N[C@@H](CC(C)C)C(=O)NCCN2CCc3ccccc32)c1
CHEMBL206050,Cc1cccc(C(=O)N[C@@H](CC(C)C)C(=O)NCCNc2ccc(OC(F)(F)F)cc2)c1
CHEMBL202958,COc1cc(C)c(NCCNC(=O)[C@H](CC(C)C)NC(=O)c2cccc(C)c2)c(C)c1
CHEMBL379253,COc1c(C)cc(NCCNC(=O)[C@H](CC(C)C)NC(=O)c2cccc(C)c2)cc1C
CHEMBL196896,CCCC[C@H](NC(=O)O[C@@H]1C(=O)OCC1(C)C)C(=O)C(=O)N[C@H](C)c1ccccc1
CHEMBL383211,CCCC[C@H](NC(=O)O[C@@H]1C(=O)N(C(=O)c2nnc(C(F)(F)F)s2)CC1(C)C)C(=O)C(=O)Nc1cc[nH]n1
CHEMBL206515,CCCC[C@H](NC(=O)O[C@@H]1C(=O)N(C(=O)c2nc3ccccc3s2)CC1(C)C)C(=O)C(=O)Nc1cc[nH]n1
CHEMBL205659,CCCC[C@H](NC(=O)O[C@@H]1C(=O)N(C(=O)Nc2ccc(C(F)(F)F)cc2)CC1(C)C)C(=O)C(=O)Nc1cc[nH]n1
CHEMBL381394,CCCC[C@H](NC(=O)O[C@@H]1C(=O)N(C(=O)Nc2c(C)noc2C)CC1(C)C)C(=O)C(=O)N[C@H](C)c1ccccc1
CHEMBL202723,CCCC[C@H](NC(=O)O[C@@H]1C(=O)N(C(=O)c2cccnc2)CC1(C)C)C(=O)C(=O)N[C@H](C)c1ccccc1
CHEMBL383687,CCCC[C@H](NC(=O)O[C@@H]1C(=O)N(C(=O)c2ccno2)CC1(C)C)C(=O)C(=O)N[C@H](C)c1ccccc1
CHEMBL436747,CCCC[C@H](NC(=O)O[C@@H]1C(=O)N(C(=O)OCc2ccc(-c3ccccc3)cc2)CC1(C)C)C(=O)C(=O)N[C@H](C)c1ccccc1
CHEMBL205517,CCCC[C@H](NC(=O)O[C@@H]1C(=O)N(C(=O)Oc2ccc(-c3ccccc3)cc2)CC1(C)C)C(=O)C(=O)N[C@H](C)c1ccccc1
CHEMBL204509,CCCC[C@H](NC(=O)O[C@@H]1C(=O)N(C(=O)Oc2ccc3ccccc3c2)CC1(C)C)C(=O)C(=O)N[C@H](C)c1ccccc1
CHEMBL380300,CCCC[C@H](NC(=O)O[C@@H]1C(=O)N(C(=O)c2ccc(-c3ccccc3)cc2)CC1(C)C)C(=O)C(=O)N[C@H](C)c1ccccc1
CHEMBL426859,CCCC[C@H](NC(=O)O[C@@H]1C(=O)N(C(=O)c2ccc3[nH]ccc3c2)CC1(C)C)C(=O)C(=O)N[C@H](C)c1ccccc1
CHEMBL202685,CCCC[C@H](NC(=O)O[C@@H]1C(=O)N(C(=O)c2cc3ccccc3s2)CC1(C)C)C(=O)C(=O)N[C@H](C)c1ccccc1
CHEMBL205759,CCCC[C@H](NC(=O)O[C@@H]1C(=O)N(C(=O)c2ccc3ccccc3c2)CC1(C)C)C(=O)C(=O)N[C@H](C)c1ccccc1
CHEMBL206559,CCCC[C@H](NC(=O)O[C@@H]1C(=O)N(C(=O)Nc2ccc(C(F)(F)F)cc2)CC1(C)C)C(=O)C(=O)N[C@H](C)c1ccccc1
CHEMBL206191,CCCC[C@H](NC(=O)O[C@@H]1C(=O)N(C(=O)N2CCOCC2)CC1(C)C)C(=O)C(=O)N[C@H](C)c1ccccc1
CHEMBL206740,CCCC[C@H](NC(=O)O[C@@H]1C(=O)N(C(=O)NCCc2ccccc2)CC1(C)C)C(=O)C(=O)N[C@H](C)c1ccccc1
CHEMBL425236,CCCC[C@H](NC(=O)O[C@@H]1C(=O)N(C(=O)OCCc2ccccc2)CC1(C)C)C(=O)C(=O)N[C@H](C)c1ccccc1
CHEMBL382832,CCCC[C@H](NC(=O)O[C@@H]1C(=O)N(C(=O)CCCc2ccccc2)CC1(C)C)C(=O)C(=O)N[C@H](C)c1ccccc1
CHEMBL382990,CCCC[C@H](NC(=O)O[C@@H]1C(=O)N(C(=O)NCc2ccccc2)CC1(C)C)C(=O)C(=O)N[C@H](C)c1ccccc1
CHEMBL383238,CCCC[C@H](NC(=O)O[C@@H]1C(=O)N(C(=O)OCc2ccccc2)CC1(C)C)C(=O)C(=O)N[C@H](C)c1ccccc1
CHEMBL203027,CCCC[C@H](NC(=O)O[C@@H]1C(=O)N(S(=O)(=O)Cc2ccccc2)CC1(C)C)C(=O)C(=O)N[C@H](C)c1ccccc1
CHEMBL206482,CCCC[C@H](NC(=O)O[C@@H]1C(=O)N(C(=O)Nc2ccccc2)CC1(C)C)C(=O)C(=O)N[C@H](C)c1ccccc1
CHEMBL206532,CCCC[C@H](NC(=O)O[C@@H]1C(=O)N(C(=O)Oc2ccccc2)CC1(C)C)C(=O)C(=O)N[C@H](C)c1ccccc1
CHEMBL204284,CCCC[C@H](NC(=O)O[C@@H]1C(=O)N(C(=O)Cc2ccccc2)CC1(C)C)C(=O)C(=O)N[C@H](C)c1ccccc1
CHEMBL439517,CCCC[C@H](NC(=O)O[C@@H]1C(=O)N(S(=O)(=O)c2ccccc2)CC1(C)C)C(=O)C(=O)N[C@H](C)c1ccccc1
CHEMBL206160,CCCC[C@H](NC(=O)O[C@@H]1C(=O)N(C(=O)c2ccccc2)CC1(C)C)C(=O)C(=O)N[C@H](C)c1ccccc1
CHEMBL203466,CCCC[C@H](NC(=O)O[C@@H]1C(=O)N(Cc2ccccc2)CC1(C)C)C(=O)C(=O)N[C@H](C)c1ccccc1
CHEMBL64765,COc1ccc(NCCNC(=O)[C@H](CC(C)C)NC(=O)c2cccc(C)c2)cc1
CHEMBL381355,COc1ccc(NC[C@H](C)NC(=O)[C@H](CC2CCCCC2)Nc2nc3cccc(Cl)c3o2)cc1
CHEMBL204277,CC(C)C[C@H](N[C@@H](c1ccc(Br)cc1)C(F)(F)F)C(=O)NCC#N
CHEMBL204276,CC(C)C[C@H](N[C@@H](c1ccccc1)C(F)(F)F)C(=O)NCC#N
CHEMBL204792,CC(C)C[C@H](N[C@@H](c1ccc(-c2ccccc2)cc1)C(F)(F)F)C(=O)NCC#N
CHEMBL382820,CC(C)C[C@H](N[C@@H](c1ccc(-c2ccc(-c3ccc(S(C)(=O)=O)cc3)cc2)cc1)C(F)(F)F)C(=O)NCC#N
CHEMBL207891,CC(C)C[C@H](N[C@@H](c1ccc(-c2cccc3[nH]ccc23)cc1)C(F)(F)F)C(=O)NCC#N
CHEMBL378583,CC(C)C[C@H](N[C@@H](c1ccc(-c2ncccn2)cc1)C(F)(F)F)C(=O)NCC#N
CHEMBL382038,Cc1noc(-c2ccc([C@H](N[C@@H](CC(C)C)C(=O)NCC#N)C(F)(F)F)cc2)n1
CHEMBL381758,CC(C)C[C@H](N[C@@H](c1ccc(-c2nccs2)cc1)C(F)(F)F)C(=O)NCC#N
CHEMBL381621,CC(C)C[C@H](N[C@@H](c1ccc(-c2ccsc2)cc1)C(F)(F)F)C(=O)NCC#N
CHEMBL206024,CC(C)C[C@H](N[C@@H](c1ccc(-c2ccncc2)cc1)C(F)(F)F)C(=O)NCC#N
CHEMBL426493,CC(C)C[C@H](N[C@@H](c1ccc(C(=O)c2ccccc2)cc1)C(F)(F)F)C(=O)NCC#N
CHEMBL206913,CC(C)C[C@H](N[C@@H](c1ccc(Oc2ccccc2)cc1)C(F)(F)F)C(=O)NCC#N
CHEMBL206912,CC(C)C[C@H](N[C@@H](c1ccc(-c2cccc(S(C)(=O)=O)c2)cc1)C(F)(F)F)C(=O)NCC#N
CHEMBL207554,CC(C)C[C@H](N[C@@H](c1ccc(-c2ccc(S(N)(=O)=O)cc2)cc1)C(F)(F)F)C(=O)NCC#N
CHEMBL437501,CC(C)C[C@H](N[C@@H](c1ccc(-c2ccc(S(C)(=O)=O)cc2)cc1)C(F)(F)F)C(=O)NCC#N
CHEMBL437694,CSc1ccc(-c2ccc([C@H](N[C@@H](CC(C)C)C(=O)NCC#N)C(F)(F)F)cc2)cc1
CHEMBL380425,CC(C)C[C@H](N[C@@H](c1ccc(-c2ccc(C#N)cc2)cc1)C(F)(F)F)C(=O)NCC#N
CHEMBL203944,COc1ccc(-c2ccc([C@H](N[C@@H](CC(C)C)C(=O)NCC#N)C(F)(F)F)cc2)cc1
CHEMBL208278,Cc1ccc(-c2ccc([C@H](N[C@@H](CC(C)C)C(=O)NCC#N)C(F)(F)F)cc2)cc1
CHEMBL208481,CC(C)C[C@H](N[C@@H](c1ccc(-c2cc(F)cc(F)c2)cc1)C(F)(F)F)C(=O)NCC#N
CHEMBL205504,CC(C)C[C@H](N[C@@H](c1ccc(-c2ccc(F)c(F)c2)cc1)C(F)(F)F)C(=O)NCC#N
CHEMBL205929,CC(C)C[C@H](N[C@@H](c1ccc(-c2ccc(F)cc2)cc1)C(F)(F)F)C(=O)NCC#N
CHEMBL207769,CC(C)C[C@H](N[C@@H](c1ccc(-c2cccc(F)c2)cc1)C(F)(F)F)C(=O)NCC#N
CHEMBL382576,CC(C)C[C@H](N[C@@H](c1ccc(-c2ccccc2F)cc1)C(F)(F)F)C(=O)NCC#N
CHEMBL205087,Cc1ccc(C[C@@H](C#N)NC(=O)[C@H](CC(C)C)NC(=O)OCc2ccccc2)cc1
CHEMBL208253,Cc1nccn1CC(=O)N[C@@H](CC(C)C)C(=O)N[C@H](C#N)COCc1ccccc1
CHEMBL208359,Cc1nc[nH]c1CC(=O)N[C@@H](CC(C)C)C(=O)N[C@H](C#N)COCc1ccccc1
CHEMBL207560,CC(C)C[C@H](NC(=O)CN1CCN(c2ccncc2)CC1)C(=O)N[C@H](C#N)COCc1ccccc1
CHEMBL380665,CC(C)C[C@H](NC(=O)CN1CCC(c2ccccc2)CC1)C(=O)N[C@H](C#N)COCc1ccccc1
CHEMBL206006,CC(C)C[C@H](NC(=O)OCc1ccccc1)C(=O)N[C@H](C#N)COCc1ccccc1
CHEMBL205948,CC(C)C[C@H](NC(=O)OCc1ccccc1)C(=O)N[C@H](C#N)COC(C)(C)C
CHEMBL380620,CC(C)C[C@H](NC(=O)OCc1ccccc1)C(=O)N[C@H](C#N)Cc1ccc(C(F)(F)F)cc1
CHEMBL207081,COc1ccc(C[C@@H](C#N)NC(=O)[C@H](CC(C)C)NC(=O)OCc2ccccc2)cc1
CHEMBL207200,Cc1cccc(C[C@@H](C#N)NC(=O)[C@H](CC(C)C)NC(=O)OCc2ccccc2)c1
CHEMBL210625,CCC[C@H](NC(=O)[C@H](CC(C)C)NCC(F)(F)F)C(=O)c1nnc(-c2ccco2)o1
CHEMBL209293,CCC[C@H](NC(=O)C1(NC(=O)c2ccc(N(C)C)cc2)CCCCC1)C(=O)c1nnc(-c2ccco2)o1
CHEMBL379157,CCC[C@H](NC(=O)C1(NC(=O)c2ccc(F)cc2)CCCCC1)C(=O)c1nnc(-c2ccco2)o1
CHEMBL209216,CCC[C@H](NC(=O)C1(NC(=O)OC(C)(C)C)CCCCC1)C(=O)c1nnc(-c2ccco2)o1
CHEMBL209215,CCC[C@H](NC(=O)C1(NC(=O)c2ccc(OC(F)(F)F)cc2)CCCCC1)C(=O)c1nnc(-c2ccco2)o1
CHEMBL209114,CCC[C@H](NC(=O)C1(NC(=O)c2ccc(OC(F)(F)F)cc2)CCCCC1)C(=O)c1nnc(-c2cccs2)o1
CHEMBL379622,CCC[C@H](NC(=O)C1(NC(=O)c2ccc(OC(F)(F)F)cc2)CCCCC1)C(=O)c1nnc(OC)o1
CHEMBL405602,CCC[C@H](NC(=O)C1(NC(=O)c2ccc(OC(F)(F)F)cc2)CCCCC1)C(=O)c1nnc(CC)o1
CHEMBL210535,CCC[C@H](NC(=O)C1(NC(=O)c2ccc(OC(F)(F)F)cc2)CCCCC1)C(=O)c1nnc(C(C)C)o1
CHEMBL208566,CCC[C@H](NC(=O)C1(NC(=O)c2ccc(OC(F)(F)F)cc2)CCCCC1)C(=O)c1nnc(-c2cccc(C(F)(F)F)c2)o1
CHEMBL210198,CCC[C@H](NC(=O)C1(NC(=O)c2ccc(OC(F)(F)F)cc2)CCCCC1)C(=O)c1nnc(-c2ccc(OC)cc2)o1
CHEMBL376994,CCC[C@H](NC(=O)C1(NC(=O)c2ccc(OC(F)(F)F)cc2)CCCCC1)C(=O)c1nnc(-c2cccc(OC)c2)o1
CHEMBL211050,CCC[C@H](NC(=O)C1(NC(=O)c2ccc(OC(F)(F)F)cc2)CCCCC1)C(=O)c1nnc(-c2ccccc2)o1
CHEMBL213930,CC(C)CC(C(=O)NCC#N)c1cccc(-c2cccc(-c3csc(N4CCN(C)CC4)n3)c2)c1
CHEMBL212907,CC(C)CC(C(=O)NCC#N)c1cccc(-c2cccc(-c3csc(N4CCNCC4)n3)c2)c1
CHEMBL211737,CC(C)CC(C(=O)NCC#N)c1cccc(-c2ccc(-c3csc(N4CCNCC4)n3)cc2)c1
CHEMBL212879,CC(C)C[C@@H](C(=O)NCC#N)c1cccc(-c2cccc(-c3csc(N4CCN(C(C)(C)C)CC4)n3)c2)c1
CHEMBL213194,CC(C)C[C@@H](C(=O)NCC#N)c1cccc(-c2cccc(-c3csc(CN4CCNCC4)n3)c2)c1
CHEMBL213244,CC(C)C[C@@H](C(=O)NCC#N)c1cccc(-c2cccc(-c3csc(N4CCC(N(C)C)C4)n3)c2)c1
CHEMBL184514,CC(C)C[C@@H](C(=O)NCC#N)c1cccc(-c2ccc(N3CCNCC3)cc2)c1
CHEMBL379079,CS(=O)(=O)CC[C@@H](CNc1ccc(OC(F)(F)F)cc1)NC(=O)[C@H](CC1CCCCC1)NC(=O)N1CCOCC1
CHEMBL212703,CC[C@@H](CNc1ccc(OC(F)(F)F)cc1)NC(=O)[C@H](CC1CCCCC1)NC(=O)N1CCOCC1
CHEMBL386383,O=C(N[C@@H](CC1CCCCC1)C(=O)NCCNc1ccc(OC(F)(F)F)cc1)c1cc2ccccc2o1
CHEMBL363847,CN1CCN(CCn2cnc3c(NC4CCCCC4)nc(C#N)nc32)CC1
CHEMBL221591,N#Cc1nccc(NC2CCCCC2)n1
CHEMBL436303,COc1ccc(CCNC(=O)c2cnc(C#N)nc2NCC(C)(C)C)cc1OCCn1ccnc1
CHEMBL449096,CN1CCC(Oc2ccc(CCNC(=O)c3cnc(C#N)nc3NCC(C)(C)C)cc2)CC1
CHEMBL374890,CN1CCN(Cc2ccc(CCNC(=O)c3cnc(C#N)nc3NCC(C)(C)C)cc2)CC1
CHEMBL414530,CN1CCN(c2cccc(CCNC(=O)c3cnc(C#N)nc3NCC(C)(C)C)c2)CC1
CHEMBL220760,CN1CCN(c2ccc(CCNC(=O)c3cnc(C#N)nc3NCC(C)(C)C)cc2)CC1
CHEMBL374695,CC(C)(C)CNc1nc(C#N)ncc1C(=O)NCCc1ccc(N2CCCC2)cc1
CHEMBL219536,CN1CCN(c2ccc(CCNC(=O)c3cnc(C#N)nc3NC3CCCCC3)cc2)CC1
CHEMBL217930,N#Cc1ncc(C(=O)NCCc2ccc(N3CCCC3)cc2)c(NC2CCCCC2)n1
CHEMBL218024,COc1ccc(CCNC(=O)c2cnc(C#N)nc2NC2CCCCC2)cc1
CHEMBL386506,N#Cc1ncc(C(=O)NCCc2ccccc2)c(NC2CCCCC2)n1
CHEMBL221804,N#Cc1ccnc(NC2CCCCC2)n1
CHEMBL390474,Cc1cccc(O[C@H]2CCN3C[C@H]2OC3=O)c1C
CHEMBL230474,O=C1O[C@@H]2CN1CC[C@@H]2Oc1ccccc1
CHEMBL390474,Cc1cccc(O[C@H]2CCN3C[C@H]2OC3=O)c1C
CHEMBL31545,CC(C)C[C@H](NC(=O)c1cc2ccccc2o1)C(=O)N[C@@H](C)C(=O)CNS(=O)(=O)c1ccccn1
CHEMBL232911,CCCC[C@H](NC(=O)O[C@H](Cn1ccc(-c2ccc(C(F)(F)F)cc2)n1)C(C)(C)C)C(=O)CNc1cccc(F)n1
CHEMBL232713,CCCC[C@H](NC(=O)O[C@H](Cn1cnc2cc(Cl)c(Cl)cc21)C(C)(C)C)C(=O)CNS(=O)(=O)c1ccccn1
CHEMBL232712,C[C@H](NC(=O)O[C@H](Cn1cnc2cc(Cl)c(Cl)cc21)C(C)(C)C)C(=O)CNS(=O)(=O)c1ccccn1
CHEMBL232520,CCCC[C@H](NC(=O)O[C@H](Cn1ccc(-c2cccnc2)n1)C(C)(C)C)C(=O)CNS(=O)(=O)c1ccccn1
CHEMBL393354,CCCC[C@H](NC(=O)O[C@H](Cn1ccc(-c2ccncc2)n1)C(C)(C)C)C(=O)CNS(=O)(=O)c1ccccn1
CHEMBL393673,CCCC[C@H](NC(=O)O[C@H](Cn1cc(-c2ccc(C(F)(F)F)cc2)cn1)C(C)(C)C)C(=O)CNS(=O)(=O)c1ccccn1
CHEMBL233706,CCCC[C@H](NC(=O)O[C@H](Cn1cnc(-c2ccc(C(F)(F)F)cc2)c1)C(C)(C)C)C(=O)CNS(=O)(=O)c1ccccn1
CHEMBL232518,CCCC[C@H](NC(=O)O[C@H](Cn1ccc(C(F)(F)F)n1)C(C)(C)C)C(=O)CNS(=O)(=O)c1ccccn1
CHEMBL234576,C[C@H](NC(=O)O[C@H](Cn1ccc(C(F)(F)F)n1)C(C)(C)C)C(=O)CNS(=O)(=O)c1ccccn1
CHEMBL203463,CCCC[C@H](NC(=O)O[C@H](Cn1ccc(-c2ccc(C(F)(F)F)cc2)n1)C(C)(C)C)C(=O)CNS(=O)(=O)c1ccccn1
CHEMBL540964,C[C@H](NC(=O)O[C@H](Cn1ccc(-c2ccc(C(F)(F)F)cc2)n1)C(C)(C)C)C(=O)CNS(=O)(=O)c1ccccn1
CHEMBL234368,CC(C)(C)[C@@H](Cn1ccc(-c2ccc(C(F)(F)F)cc2)n1)OC(=O)NCC(=O)CNS(=O)(=O)c1ccccn1
CHEMBL241309,CC(C)[C@@H](CNc1ccc(OC(F)(F)F)cc1)NC(=O)[C@H](CCc1ccccc1)CC(=O)N1CCOCC1
CHEMBL240235,CC[C@@H](CNc1ccc(OC(F)(F)F)cc1)NC(=O)[C@H](CCc1ccccc1)CC(=O)N1CCOCC1
CHEMBL392302,CCC[C@@H](CNc1ccc(OC(F)(F)F)cc1)NC(=O)[C@@H](CC(=O)N1CCOCC1)CC1CCCC1
CHEMBL241467,CS(=O)(=O)CC[C@@H](CNc1ccc(OC(F)(F)F)cc1)NC(=O)[C@@H](CC(=O)N1CCOCC1)CC1CCCCC1
CHEMBL201914,CSc1ccc(-c2ccccc2C2CCC(F)(F)CC2C(=O)NCC#N)cc1
CHEMBL395698,CSc1ccc(-c2cn(C)nc2C2CCC(F)(F)CC2C(=O)NCC#N)cc1
CHEMBL245580,CSc1ccc(-c2nc(C)sc2C2CCC(F)(F)CC2C(=O)NCC#N)cc1
CHEMBL245579,CSc1ccc(-c2c(C3CCC(F)(F)CC3C(=O)NCC#N)nnn2Cc2ccccc2)cc1
CHEMBL395697,CSc1ccc(-c2c[nH]c(=O)cc2C2CCC(F)(F)CC2C(=O)NCC#N)cc1
CHEMBL245381,CSc1ccc(-c2c(C3CCC(F)(F)CC3C(=O)NCC#N)cc[nH]c2=O)cc1
CHEMBL247783,CSc1ccc(-c2c[n+]([O-])ccc2C2CCC(F)(F)CC2C(=O)NCC#N)cc1
CHEMBL391959,CSc1ccc(-c2ncccc2C2CCC(F)(F)CC2C(=O)NCC#N)cc1
CHEMBL247587,CSc1ccc(-c2cnccc2C2CCC(F)(F)CC2C(=O)NCC#N)cc1
CHEMBL245759,N#CCNC(=O)C1CC(F)(F)CCC1c1cnccc1-c1ccc(SCF)cc1
CHEMBL201914,CSc1ccc(-c2ccccc2C2CCC(F)(F)CC2C(=O)NCC#N)cc1
CHEMBL401175,CC(C)C[C@H](N[C@@H](c1ccc(-c2ccc(S(C)(=O)=O)cc2)cc1)C(F)(F)F)C(=O)NCC(N)=O
CHEMBL248902,CSCC[C@H](NC(=O)[C@H](CC(C)C)N[C@@H](c1ccc(-c2ccc(S(C)(=O)=O)cc2)cc1)C(F)(F)F)C(=O)NS(C)(=O)=O
CHEMBL249276,CSCC[C@H](NC(=O)[C@H](CC(C)C)N[C@@H](c1ccc(-c2ccc(S(C)(=O)=O)cc2)cc1)C(F)(F)F)C(=O)NCC(F)(F)F
CHEMBL249275,CSCC[C@H](NC(=O)[C@H](CC(C)C)N[C@@H](c1ccc(-c2ccc(S(C)(=O)=O)cc2)cc1)C(F)(F)F)C(=O)NCc1ccccc1
CHEMBL251100,CSCC[C@H](NC(=O)[C@H](CC(C)C)N[C@@H](c1ccc(-c2ccc(S(C)(=O)=O)cc2)cc1)C(F)(F)F)C(=O)O
CHEMBL427712,COC(=O)[C@H](CCSC)NC(=O)[C@H](CC(C)C)N[C@@H](c1ccc(-c2ccc(S(C)(=O)=O)cc2)cc1)C(F)(F)F
CHEMBL250904,CSCC[C@H](NC(=O)[C@H](CC(C)C)N[C@@H](c1ccc(-c2ccc(S(C)(=O)=O)cc2)cc1)C(F)(F)F)C(C)=O
CHEMBL250706,CNC(=O)[C@H](CCSC)NC(=O)[C@H](CC(C)C)N[C@@H](c1ccc(-c2ccc(S(C)(=O)=O)cc2)cc1)C(F)(F)F
CHEMBL399361,CC(C)C[C@H](N[C@@H](c1ccc(-c2ccc(S(C)(=O)=O)cc2)cc1)C(F)(F)F)C(=O)N[C@H](C#N)Cc1ccccc1
CHEMBL250501,CSCC[C@@H](C#N)NC(=O)[C@H](CC(C)C)N[C@@H](c1ccc(-c2ccc(S(C)(=O)=O)cc2)cc1)C(F)(F)F
CHEMBL250294,CC(C)C[C@H](N[C@@H](c1ccc(-c2ccc(S(C)(=O)=O)cc2)cc1)C(F)(F)F)C(=O)N[C@@H](C)C#N
CHEMBL437501,CC(C)C[C@H](N[C@@H](c1ccc(-c2ccc(S(C)(=O)=O)cc2)cc1)C(F)(F)F)C(=O)NCC#N
CHEMBL249274,CC(C)C[C@H](N[C@@H](c1ccc(-c2ccc(S(C)(=O)=O)cc2)cc1)C(F)(F)F)C(=O)N[C@@H](CCc1ccccc1)C(N)=O
CHEMBL399359,CC(C)C[C@H](N[C@@H](c1ccc(-c2ccc(S(C)(=O)=O)cc2)cc1)C(F)(F)F)C(=O)N[C@@H](Cc1ccccc1)C(N)=O
CHEMBL250293,CC(C)C[C@H](N[C@@H](c1ccc(-c2ccc(S(C)(=O)=O)cc2)cc1)C(F)(F)F)C(=O)N[C@@H](CCS(C)(=O)=O)C(N)=O
CHEMBL401176,CSCC[C@H](NC(=O)[C@H](CC(C)C)N[C@@H](c1ccc(-c2ccc(S(C)(=O)=O)cc2)cc1)C(F)(F)F)C(N)=O
CHEMBL250089,CC(C)C[C@H](N[C@@H](c1ccc(-c2ccc(S(C)(=O)=O)cc2)cc1)C(F)(F)F)C(=O)N[C@@H](CS(C)(=O)=O)C(N)=O
CHEMBL249885,CSC[C@H](NC(=O)[C@H](CC(C)C)N[C@@H](c1ccc(-c2ccc(S(C)(=O)=O)cc2)cc1)C(F)(F)F)C(N)=O
CHEMBL249680,CC(C)C[C@H](N[C@@H](c1ccc(-c2ccc(S(C)(=O)=O)cc2)cc1)C(F)(F)F)C(=O)N[C@@H](C)C(N)=O
CHEMBL437501,CC(C)C[C@H](N[C@@H](c1ccc(-c2ccc(S(C)(=O)=O)cc2)cc1)C(F)(F)F)C(=O)NCC#N
CHEMBL222649,CC(C)C[C@@H](NC(=O)N1CCOCC1)C(=O)N[C@@H](/C=C/S(=O)(=O)c1ccccc1)CCc1ccccc1
CHEMBL443319,N#CC1(NC(=O)[C@H](CS(=O)(=O)c2ccc(Cl)c(Cl)c2)N[C@@H](c2ccccc2)C(F)(F)F)CC1
CHEMBL250720,N#CC1(NC(=O)[C@H](CS(=O)(=O)c2ccc(Br)cc2)N[C@@H](c2ccccc2)C(F)(F)F)CC1
CHEMBL251114,N#CC1(NC(=O)[C@H](CS(=O)(=O)c2ccc(F)cc2)N[C@@H](c2ccc(F)cc2)C(F)(F)F)CC1
CHEMBL249507,CS(=O)(=O)C[C@H](N[C@@H](c1ccccc1)C(F)(F)F)C(=O)NC1(C#N)CC1
CHEMBL250121,CS(=O)(=O)C[C@H](N[C@@H](c1cccc(F)c1)C(F)(F)F)C(=O)NC1(C#N)CC1
CHEMBL248889,CS(=O)(=O)C[C@H](N[C@@H](c1ccc(-c2ccc(F)cc2)cc1)C(F)(F)F)C(=O)NC1(C#N)CC1
CHEMBL249698,CSC[C@H](N[C@@H](c1ccc(Br)cc1)C(F)(F)F)C(=O)NC1(C#N)CC1
CHEMBL400387,CS(=O)(=O)C[C@H](N[C@@H](c1ccc(Br)cc1)C(F)(F)F)C(=O)NC1(C#N)CC1
CHEMBL249495,CC(C)C[C@H](N[C@@H](c1ccc(-c2ccc(S(C)(=O)=O)cc2)cc1)C(F)(F)F)C(=O)NC1(C#N)CC1
CHEMBL251719,N#CC1(NC(=O)[C@H](CS(=O)(=O)c2cccc(Br)c2)N[C@@H](c2ccccc2)C(F)(F)F)CC1
CHEMBL400395,CC(C)(C)Cn1c(CN2C(=O)C3(CCNCC3)c3cc(F)ccc32)cc2cnc(C#N)nc21
CHEMBL249157,N#Cc1ncc2cc(Cc3ccccc3)n(C3CCCCC3)c2n1
CHEMBL399054,CC(C)(C)Cn1c(CN2CCN(c3ccc(F)cc3)CC2)cc2cnc(C#N)nc21
CHEMBL249759,CC(C)(C)Cn1c(CN2C(=O)OC(C)(C)C2=O)cc2cnc(C#N)nc21
CHEMBL249758,CC(C)(C)Cn1c(COc2ccncc2)cc2cnc(C#N)nc21
CHEMBL249757,CC(C)(C)Cn1c(Cn2ccnn2)cc2cnc(C#N)nc21
CHEMBL250165,CC(C)(C)Cn1c(Cn2cnc(Cl)c2Cl)cc2cnc(C#N)nc21
CHEMBL248539,CC(C)(C)Cn1c(Cn2ccnc2)cc2cnc(C#N)nc21
CHEMBL399842,CC(C)(C)Cn1c(Cc2ccc(NS(=O)(=O)CC(F)(F)F)cc2)cc2cnc(C#N)nc21
CHEMBL250591,CC(C)(C)Cn1c(Cc2ccc(-c3ccc4c(c3)OCO4)cc2)cc2cnc(C#N)nc21
CHEMBL250590,COc1ccc(Cc2cc3cnc(C#N)nc3n2CC(C)(C)C)cc1
CHEMBL249979,CC(C)(C)Cn1c(Cc2ccccc2)cc2cnc(C#N)nc21
CHEMBL398719,CN1CCN(Cc2ccc(Cc3cc4cnc(C#N)nc4n3C3CCCCC3)cc2)CC1
CHEMBL430017,CCN(CC)Cc1ccc(Cc2cc3cnc(C#N)nc3n2C2CCCCC2)cc1
CHEMBL249564,N#Cc1ncc2cc(Cc3ccc(N4CCOCC4)cc3)n(C3CCCCC3)c2n1
CHEMBL398519,N#Cc1ncc2cc(Cc3ccc(-c4ccccc4)cc3)n(C3CCCCC3)c2n1
CHEMBL249367,N#Cc1ncc2cc(Cc3ccc(Cl)cc3)n(C3CCCCC3)c2n1
CHEMBL437501,CC(C)C[C@H](N[C@@H](c1ccc(-c2ccc(S(C)(=O)=O)cc2)cc1)C(F)(F)F)C(=O)NCC#N
CHEMBL481611,CC(C)(F)C[C@H](N[C@@H](c1ccc(-c2ccc(S(C)(=O)=O)cc2)cc1)C(F)(F)F)C(=O)NC1(C#N)CC1
CHEMBL252784,CS(=O)(=O)c1ccc(-c2ccc([C@H](N[C@@H](CC(F)(F)F)C(=O)NC(C#N)(C3CC3)C3CC3)C(F)(F)F)cc2)cc1
CHEMBL399733,CC(F)(F)C[C@H](N[C@@H](c1ccc(-c2ccc(S(C)(=O)=O)cc2)cc1)C(F)(F)F)C(=O)NC(C#N)(C1CC1)C1CC1
CHEMBL252571,C[C@H](C[C@H](N[C@@H](c1ccc(-c2ccc(S(C)(=O)=O)cc2)cc1)C(F)(F)F)C(=O)NC(C#N)(C1CC1)C1CC1)C(F)(F)F
CHEMBL398910,C[C@@H](C[C@H](N[C@@H](c1ccc(-c2ccc(S(C)(=O)=O)cc2)cc1)C(F)(F)F)C(=O)NC(C#N)(C1CC1)C1CC1)C(F)(F)F
CHEMBL252581,CC(C)C[C@H](N[C@@H](c1ccc(-c2ccc(S(C)(=O)=O)cc2)cc1)C(F)(F)F)C(=O)NC(C#N)(C1CCC1)C1CCC1
CHEMBL252383,CC(C)C[C@H](N[C@@H](c1ccc(-c2ccc(S(C)(=O)=O)cc2)cc1)C(F)(F)F)C(=O)NC(C#N)(C1CC1)C1CC1
CHEMBL428417,CC(C)C[C@H](N[C@@H](c1ccc(-c2ccc(S(C)(=O)=O)cc2)cc1)C(F)(F)F)C(=O)NC(C)(C)C#N
CHEMBL252382,CC(C)C[C@H](N[C@@H](c1ccc(-c2ccc(S(C)(=O)=O)cc2)cc1)C(F)(F)F)C(=O)N[C@@H](C#N)Cc1ccccc1
CHEMBL399361,CC(C)C[C@H](N[C@@H](c1ccc(-c2ccc(S(C)(=O)=O)cc2)cc1)C(F)(F)F)C(=O)N[C@H](C#N)Cc1ccccc1
CHEMBL252179,CC(C)C[C@H](N[C@@H](c1ccc(-c2ccc(S(C)(=O)=O)cc2)cc1)C(F)(F)F)C(=O)NC(C#N)c1ccccc1
CHEMBL250294,CC(C)C[C@H](N[C@@H](c1ccc(-c2ccc(S(C)(=O)=O)cc2)cc1)C(F)(F)F)C(=O)N[C@@H](C)C#N
CHEMBL437501,CC(C)C[C@H](N[C@@H](c1ccc(-c2ccc(S(C)(=O)=O)cc2)cc1)C(F)(F)F)C(=O)NCC#N
CHEMBL371064,CCCN1CCN(c2ccc(C(=O)NC3(C(=O)NCC#N)CCCCC3)cc2)CC1
CHEMBL481611,CC(C)(F)C[C@H](N[C@@H](c1ccc(-c2ccc(S(C)(=O)=O)cc2)cc1)C(F)(F)F)C(=O)NC1(C#N)CC1
CHEMBL203665,CC(C)C[C@H](NC(=O)c1cc2ccccc2o1)C(=O)N[C@H]1CC[C@@H](C)N(S(=O)(=O)c2ccccn2)CC1=O
CHEMBL257692,CC(C)C[C@H](NC(=O)C1CCNCC1)C(=O)N[C@@H](CCc1ccccc1)C(=O)c1nc2cc(C(C)(C)C)ccc2o1
CHEMBL446718,CC(C)C[C@H](NC(=O)C1CCNCC1)C(=O)N[C@@H](CCc1ccccc1)C(=O)c1nc2cc(S(N)(=O)=O)ccc2o1
CHEMBL209293,CCC[C@H](NC(=O)C1(NC(=O)c2ccc(N(C)C)cc2)CCCCC1)C(=O)c1nnc(-c2ccco2)o1
CHEMBL361816,CCCC[C@H](NC(=O)O[C@@H](C)CC1CCCCC1)C(=O)c1nc(C(=O)OCC)cs1
CHEMBL116402,CCCC[C@@H](C=O)NC(=O)O[C@@H](C)CC1CCCCC1
CHEMBL270792,CC(C)C[C@H](NC(=O)C1CCNCC1)C(=O)N[C@@H](CCc1ccccc1)C(=O)c1nc2ccccc2o1
CHEMBL209215,CCC[C@H](NC(=O)C1(NC(=O)c2ccc(OC(F)(F)F)cc2)CCCCC1)C(=O)c1nnc(-c2ccco2)o1
CHEMBL379622,CCC[C@H](NC(=O)C1(NC(=O)c2ccc(OC(F)(F)F)cc2)CCCCC1)C(=O)c1nnc(OC)o1
CHEMBL405602,CCC[C@H](NC(=O)C1(NC(=O)c2ccc(OC(F)(F)F)cc2)CCCCC1)C(=O)c1nnc(CC)o1
CHEMBL208566,CCC[C@H](NC(=O)C1(NC(=O)c2ccc(OC(F)(F)F)cc2)CCCCC1)C(=O)c1nnc(-c2cccc(C(F)(F)F)c2)o1
CHEMBL210198,CCC[C@H](NC(=O)C1(NC(=O)c2ccc(OC(F)(F)F)cc2)CCCCC1)C(=O)c1nnc(-c2ccc(OC)cc2)o1
CHEMBL211050,CCC[C@H](NC(=O)C1(NC(=O)c2ccc(OC(F)(F)F)cc2)CCCCC1)C(=O)c1nnc(-c2ccccc2)o1
CHEMBL259939,CN1CCN(c2ccc(CC#Cc3cnc(C#N)nc3NCC(C)(C)C)cc2)CC1
CHEMBL263409,CC(C)(C)CN(Cc1ccc(C#CCn2cncn2)cc1)c1ccnc(C#N)n1
CHEMBL261700,CC(C)(C)CN(Cc1ccc(C#CCN2CCC(N3CCCCC3)CC2)cc1)c1ccnc(C#N)n1
CHEMBL408974,CC(C)(C)CN(Cc1ccc(C#CCN2CCCCC2)cc1)c1ccnc(C#N)n1
CHEMBL410520,CC(=O)N1CCN(CC#Cc2ccc(CN(CC(C)(C)C)c3ccnc(C#N)n3)cc2)CC1
CHEMBL261516,CN1CCN(CC#Cc2ccc(CN(CC(C)(C)C)c3ccnc(C#N)n3)cc2)CC1
CHEMBL258640,CC(C)(C)CN(Cc1ccc(Cn2cncn2)cc1)c1ccnc(C#N)n1
CHEMBL541991,CC(C)(C)CN(Cc1ccc(I)cc1)c1ccnc(C#N)n1
CHEMBL261125,CC(C)(C)CN(Cc1ccccc1)c1ccnc(C#N)n1
CHEMBL429147,CC(C)(C)CNc1nc(C#N)ncc1C#CCN1CCN(S(=O)(=O)CCCCl)CC1
CHEMBL261455,COc1ccc(S(=O)(=O)N2CCN(CC#Cc3cnc(C#N)nc3NCC(C)(C)C)CC2)cc1
CHEMBL408562,CC(C)(C)CNc1nc(C#N)ncc1C#CCn1cnc(Cl)c1Cl
CHEMBL261673,CC(C)(C)CNc1nc(C#N)ncc1C#CCOc1cccnc1
CHEMBL261511,CC(C)(C)CNc1nc(C#N)ncc1C#CCN1CCc2ccccc2C1
CHEMBL261513,CC(C)(C)CNc1nc(C#N)ncc1C#CCN1Cc2ccccc2C1
CHEMBL523392,CC(C)=CCC/C(C)=C/Cc1c(CCC(=O)c2ccc(O)cc2O)ccc(O)c1O
CHEMBL508746,CC(C)=CCC/C(C)=C/Cc1c(CCC(=O)c2ccc(O)cc2O)cc(-c2cc(O)c(O)c(C/C=C(\C)CCC=C(C)C)c2CCC(=O)c2ccc(O)cc2O)c(O)c1O
CHEMBL446283,N#Cc1ncc(C(=O)NCCc2ccccc2)c(NCC2CCCCC2)n1
CHEMBL457001,CN(CC1CCCCC1)c1nc(C#N)ncc1C(=O)NCCc1ccccc1
CHEMBL463180,N#Cc1ncc(C(=O)NCCc2ccccc2)c(OCC2CCCCC2)n1
CHEMBL456755,N#Cc1ncc(C(=O)NCCc2ccccc2)c(NCC2CCC(F)(F)CC2)n1
CHEMBL509262,N#Cc1ncc(C(=O)N[C@@H](Cc2ccccc2)CN2CCCC2)c(NCC2CCC3(CC2)CC3)n1
CHEMBL455912,N#Cc1ncc(C(=O)N[C@H](Cc2ccccc2)CN2CCCC2)c(NCC2CCC3(CC2)CC3)n1
CHEMBL456135,CN1CCC(Cc2ccccc2)(NC(=O)c2cnc(C#N)nc2NCC2CCC3(CC2)CC3)CC1
CHEMBL496657,CN1CCC(CCOc2cc(NCC3CCC4(CC3)CC4)nc(C#N)n2)CC1
CHEMBL526107,CN1CCC(CCOc2nc(C#N)nc(NCC3CCC4(CC3)CC4)c2Br)CC1
CHEMBL508319,CN1CCC(CNC(=O)c2cnc(C#N)nc2NCC2CCC3(CC2)CC3)(c2ccccc2)CC1
CHEMBL462278,CC(=O)N1CCN(c2ccc(OCc3cc4cnc(C#N)nc4n3CCC3CCCC3)cc2)CC1
CHEMBL462277,CC(=O)N1CCCN(c2ccc(OCc3cc4cnc(C#N)nc4n3CCC3CCCCC3)cc2)CC1
CHEMBL492617,CC(C)C(Nc1ccccc1)C(=O)N1CCCCN1C#N
CHEMBL493039,CC(C)C(NC(=O)OCc1ccccc1)C(=O)N1CCCCN1C#N
CHEMBL493018,CC(C)C(NC(=O)OC(C)(C)C)C(=O)N1CCCCN1C#N
CHEMBL493038,Cc1cccc(NC(C(=O)N2CCCCN2C#N)C(C)C)c1
CHEMBL502439,CC(C)C(Nc1cccc(C#N)c1)C(=O)N1CCCCN1C#N
CHEMBL521987,CC(C)C(Nc1cccc(C(F)(F)F)c1)C(=O)N1CCCCN1C#N
CHEMBL492619,CC(C)C(Nc1cccc(Cl)c1)C(=O)N1CCCCN1C#N
CHEMBL523166,CC(C)C(Nc1ccc(Cl)cc1)C(=O)N1CCCCN1C#N
CHEMBL481128,N#Cc1ncc2cc(COc3ccc(C(N)=O)cc3)n(CCC3CCCCC3)c2n1
CHEMBL524016,N#Cc1ncc2cc(COc3ccccn3)n(CCC3CCCCC3)c2n1
CHEMBL493473,COc1ccc(Cc2cc3cnc(C#N)nc3n2CCC2CCCCC2)cc1
CHEMBL495098,N#Cc1ncc2cc(Cc3ccc(Cl)cc3)n(CCc3ccccc3)c2n1
CHEMBL523501,N#Cc1ncc2cc(Cc3ccc(Cl)cc3)n(CCC3CCCC3)c2n1
CHEMBL524045,N#Cc1ncc2cc(Cc3ccc(Cl)cc3)n(CCC3CCCCC3)c2n1
CHEMBL492633,N#Cc1ncc2cc(Cc3ccc(Cl)cc3)n(CC3CCCCC3)c2n1
CHEMBL492632,CC(C)(C)CCCn1c(Cc2ccc(Cl)cc2)cc2cnc(C#N)nc21
CHEMBL481611,CC(C)(F)C[C@H](N[C@@H](c1ccc(-c2ccc(S(C)(=O)=O)cc2)cc1)C(F)(F)F)C(=O)NC1(C#N)CC1
CHEMBL503774,CC(C)(F)C[C@H](N[C@@H](c1ccc(-c2ccc(S(C)(=O)=O)cc2)cc1)C(F)(F)F)C(=O)NC1CCCN(S(=O)(=O)c2ccccn2)CC1=O
CHEMBL503774,CC(C)(F)C[C@H](N[C@@H](c1ccc(-c2ccc(S(C)(=O)=O)cc2)cc1)C(F)(F)F)C(=O)NC1CCCN(S(=O)(=O)c2ccccn2)CC1=O
CHEMBL503774,CC(C)(F)C[C@H](N[C@@H](c1ccc(-c2ccc(S(C)(=O)=O)cc2)cc1)C(F)(F)F)C(=O)NC1CCCN(S(=O)(=O)c2ccccn2)CC1=O
CHEMBL448605,CC(C)(F)C[C@H](N[C@@H](c1ccc(-c2ccc(S(C)(=O)=O)cc2)cc1)C(F)(F)F)C(=O)NC1CCCN(S(=O)(=O)c2cccc[n+]2[O-])CC1=O
CHEMBL448681,CC(C)(F)C[C@H](N[C@@H](c1ccc(-c2ccc(S(C)(=O)=O)cc2)cc1)C(F)(F)F)C(=O)NC1CCCN(S(=O)(=O)Cc2ccccc2)CC1=O
CHEMBL443209,CC(C)(F)C[C@H](N[C@@H](c1ccc(-c2ccc(S(C)(=O)=O)cc2)cc1)C(F)(F)F)C(=O)NC1CCCN(S(C)(=O)=O)CC1=O
CHEMBL499218,CCOC(=O)N1CCCC(NC(=O)[C@H](CC(C)(C)F)N[C@@H](c2ccc(-c3ccc(S(C)(=O)=O)cc3)cc2)C(F)(F)F)C(=O)C1
CHEMBL472831,CC(C)(F)C[C@H](N[C@@H](c1ccc(-c2ccc(S(C)(=O)=O)cc2)cc1)C(F)(F)F)C(=O)NC1CCCNCC1=O
CHEMBL446544,CC(C)(F)C[C@H](N[C@@H](c1ccc(-c2ccc(S(C)(=O)=O)cc2)cc1)C(F)(F)F)C(=O)NC1CCN(S(=O)(=O)c2ccccn2)CC1=O
CHEMBL499380,CCOC(=O)N1CCC(NC(=O)[C@H](CC(C)(C)F)N[C@@H](c2ccc(-c3ccc(S(C)(=O)=O)cc3)cc2)C(F)(F)F)C(=O)C1
CHEMBL454826,CC(C)(F)C[C@H](N[C@@H](c1ccc(-c2ccc(S(C)(=O)=O)cc2)cc1)C(F)(F)F)C(=O)NC1CN(S(=O)(=O)c2ccccn2)CC1=O
CHEMBL515238,CC(C)(F)C[C@H](N[C@@H](c1ccc(-c2ccc(S(C)(=O)=O)cc2)cc1)C(F)(F)F)C(=O)NC1CN(S(C)(=O)=O)CC1=O
CHEMBL481814,CC(C)(F)C[C@H](N[C@@H](c1ccc(-c2ccc(S(C)(=O)=O)cc2)cc1)C(F)(F)F)C(=O)NC1CNCC1=O
CHEMBL480922,COC(=O)N1CC(=O)C(NC(=O)[C@H](CC(C)(C)F)N[C@@H](c2ccc(-c3ccc(S(C)(=O)=O)cc3)cc2)C(F)(F)F)C1
CHEMBL443434,CCOC(=O)N1CC(=O)C(NC(=O)[C@H](CC(C)(C)F)N[C@@H](c2ccc(-c3ccc(S(C)(=O)=O)cc3)cc2)C(F)(F)F)C1
CHEMBL452219,CC(C)(F)C[C@H](N[C@@H](c1ccc(-c2ccc(S(C)(=O)=O)cc2)cc1)C(F)(F)F)C(=O)NC1CN(C(=O)OC(C)(C)C)CC1=O
CHEMBL449314,CC(C)(F)C[C@H](N[C@@H](c1ccc(-c2ccc(S(C)(=O)=O)cc2)cc1)C(F)(F)F)C(=O)NC1CN(C(=O)c2ccccc2)CC1=O
CHEMBL481743,CC(=O)N1CC(=O)C(NC(=O)[C@H](CC(C)(C)F)N[C@@H](c2ccc(-c3ccc(S(C)(=O)=O)cc3)cc2)C(F)(F)F)C1
CHEMBL481744,CC(C)(F)C[C@H](N[C@@H](c1ccc(-c2ccc(S(C)(=O)=O)cc2)cc1)C(F)(F)F)C(=O)NC1CN(C(N)=O)CC1=O
CHEMBL501877,CC(C)(F)C[C@H](N[C@@H](c1ccc(-c2ccc(S(C)(=O)=O)cc2)cc1)C(F)(F)F)C(=O)NC1CN(C(=O)Nc2ccccc2)CC1=O
CHEMBL499527,CC(C)(F)C[C@H](N[C@@H](c1ccc(-c2ccc(S(C)(=O)=O)cc2)cc1)C(F)(F)F)C(=O)NC1CN(C(=O)NCc2ccccc2)CC1=O
CHEMBL443960,CC(C)(F)C[C@H](N[C@@H](c1ccc(-c2ccc(S(C)(=O)=O)cc2)cc1)C(F)(F)F)C(=O)NC1CN(C(=O)NS(=O)(=O)c2ccccc2)CC1=O
CHEMBL475434,COC(=O)NCC(=O)CNC(=O)[C@H](CC(C)(C)F)N[C@@H](c1ccc(-c2ccc(S(C)(=O)=O)cc2)cc1)C(F)(F)F
CHEMBL500545,CC(C)(F)C[C@H](N[C@@H](c1ccc(-c2ccc(S(C)(=O)=O)cc2)cc1)C(F)(F)F)C(=O)NC1CCN(c2ccccc2)CC1=O
CHEMBL500567,CC(C)(F)C[C@H](N[C@@H](c1ccc(-c2ccc(S(C)(=O)=O)cc2)cc1)C(F)(F)F)C(=O)NC1CCN(c2ccccc2S(C)(=O)=O)CC1=O
CHEMBL474438,CC(C)(F)C[C@H](NC(=O)c1cc2ccccc2o1)C(=O)N[C@H]1CCCN(S(=O)(=O)c2ccccn2)CC1=O
CHEMBL473448,CC[C@@H]1OCC(=O)[C@H]1NC(=O)[C@H](CC1(C)CCCC1)NC(=O)c1ccc(NS(=O)(=O)c2cnccc2C)cc1
CHEMBL475669,CC[C@@H]1OCC(=O)[C@H]1NC(=O)[C@H](CC1(C)CCCC1)NC(=O)c1ccc(NS(=O)(=O)c2cccc(OC)c2)cc1
CHEMBL479461,CC[C@@H]1OCC(=O)[C@H]1NC(=O)[C@H](CC1(C)CCCC1)NC(=O)c1ccc(NS(C)(=O)=O)c(C)c1
CHEMBL521115,CC[C@@H]1OCC(=O)[C@H]1NC(=O)[C@H](CC1(C)CCCC1)NC(=O)c1ccc(NS(=O)(=O)N(C)C)cc1
CHEMBL482166,CC[C@@H]1OCC(=O)[C@H]1NC(=O)[C@H](CC1(C)CCCC1)NC(=O)c1ccc(N(C)S(C)(=O)=O)cc1
CHEMBL471972,CC[C@@H]1OCC(=O)[C@H]1NC(=O)[C@H](CC1(C)CCCC1)NC(=O)c1ccc(NS(C)(=O)=O)cc1
CHEMBL512367,CC[C@@H]1OCC(=O)[C@H]1NC(=O)[C@H](CC(C)(C)C)NC(=O)c1ccsc1
CHEMBL514348,CCC[C@H](N)C(=O)N[C@H](/C=C/S(=O)(=O)c1ccccc1)CCc1ccccc1
CHEMBL486232,CC(C)C[C@H](NC(=O)N1CCOCC1)C(=O)N[C@H](/C=C/S(=O)(=O)c1ccccc1)CCc1ccccc1
CHEMBL470915,N#Cc1nc(NC2CC3CCC2C3)c(N)c(N2CCOCC2)n1
CHEMBL474484,CC(C)CNc1nc(C#N)nc(N2CCNCC2)c1N
CHEMBL514805,CC(=O)N1CCN(c2nc(C#N)nc(NCC(C)C)c2N)CC1
CHEMBL472618,N#Cc1nc(NC2CCCC2)c(N)c(N2CCOCC2)n1
CHEMBL474829,CC(C)CNc1nc(C#N)nc(NC2CCS(=O)(=O)C2)c1N
CHEMBL471757,CC(C)(C)CNc1nc(C#N)nc(N2CCOCC2)c1N
CHEMBL450061,CC(C)CNc1nc(C#N)nc(N2CCOCC2)c1N
CHEMBL471951,N#Cc1nc(N2CCCCC2)c(N)c(N2CCOCC2)n1
CHEMBL471584,N#Cc1nc(NC2CCCCC2)c(N)c(N2CCOCC2)n1
CHEMBL474828,COCCNc1nc(C#N)nc(NCC(C)C)c1N
CHEMBL474830,CC(C)CNc1nc(C#N)nc(N2CC(O)C2)c1N
CHEMBL470916,N#Cc1nc(N2CCCC2)c(N)c(N2CCOCC2)n1
CHEMBL474831,CC(C)CNc1nc(C#N)nc(NCc2nnn[nH]2)c1N
CHEMBL471578,N#Cc1nc(Nc2ccccc2)c(N)c(N2CCOCC2)n1
CHEMBL470897,CCC(C)Nc1nc(C#N)nc(N2CCOCC2)c1N
CHEMBL437501,CC(C)C[C@H](N[C@@H](c1ccc(-c2ccc(S(C)(=O)=O)cc2)cc1)C(F)(F)F)C(=O)NCC#N
CHEMBL371133,N#CCNC(=O)C1(NC(=O)c2ccc(-c3ccc(N4CCNCC4)cc3)cc2)CCCCC1
CHEMBL479755,N#CCNC(=O)C1(N[C@@H](c2ccc(-c3ccc(N4CCNCC4)cc3)cc2)C(F)(F)F)CCCCC1
CHEMBL480317,CC(C)C[C@H](NC(=O)c1ccc(-c2ccc(N3CCNCC3)cc2)cc1)C(=O)NCC#N
CHEMBL562915,Cn1nc(C(C)(C)C)cc1C(=O)N[C@@H](Cc1cccc(-c2nnco2)c1)C(=O)NCC#N
CHEMBL549378,Cn1nc(C(C)(C)C)cc1C(=O)N[C@@H](Cc1cccc(-c2nncs2)c1)C(=O)NCC#N
CHEMBL550872,Cc1nnc(-c2cccc(C[C@H](NC(=O)c3cc(C(C)(C)C)nn3C)C(=O)NCC#N)c2)o1
CHEMBL554065,COCc1nnc(-c2cccc(C[C@H](NC(=O)c3cc(C(C)(C)C)nn3C)C(=O)NCC#N)c2)o1
CHEMBL549791,Cn1nc(C(C)(C)C)cc1C(=O)N[C@@H](Cc1cccc(-c2nnc(CO)o2)c1)C(=O)NCC#N
CHEMBL555122,Cn1nc(C(C)(C)C)cc1C(=O)N[C@@H](Cc1cccc(-c2nnc(CCN)o2)c1)C(=O)NCC#N
CHEMBL567785,N#Cc1nc(Nc2cccc(Cl)c2)nc(NC2CCCC2)n1
CHEMBL568171,N#Cc1nc(Nc2cc(F)cc(F)c2)nc(NC2CCCC2)n1
CHEMBL567341,CCn1cnc2c(Nc3cc(F)cc(F)c3)nc(C#N)nc21
CHEMBL567134,CCNc1nc(C#N)nc2c1ncn2-c1cc(F)cc(F)c1
CHEMBL603899,CC(C)(F)C[C@H](N[C@@H](c1ccc(-c2ccc([C@@H](O)C(F)F)cc2)cc1)C(F)(F)F)C(=O)NC1(C#N)CC1
CHEMBL599272,CC(C)(F)C[C@H](N[C@@H](c1ccc(-c2ccc([C@H](O)C(F)F)cc2)cc1)C(F)(F)F)C(=O)NC1(C#N)CC1
CHEMBL597018,CC(C)(F)C[C@H](N[C@@H](c1ccc(-c2ccc(C(C)(C)O)cc2)cc1)C(F)(F)F)C(=O)NC1(C#N)CC1
CHEMBL597627,CC(C)(F)C[C@H](N[C@@H](c1ccc(-c2ccc(C3(O)CC3)cn2)cc1)C(F)(F)F)C(=O)NC1(C#N)CC1
CHEMBL605122,CC(C)(F)C[C@H](N[C@@H](c1ccc(-c2ccc(C3(O)CC3)cc2)cc1)C(F)(F)F)C(=O)NC1(C#N)CC1
CHEMBL597426,C[C@H](C(N)=O)c1ccc(-c2ccc([C@H](N[C@@H](CC(C)(C)F)C(=O)NC3(C#N)CC3)C(F)(F)F)cc2)cc1
CHEMBL598299,CC(C)(F)C[C@H](N[C@@H](c1ccc(-c2ccc(C3(C(N)=O)CC3)cn2)cc1)C(F)(F)F)C(=O)NC1(C#N)CC1
CHEMBL598502,CC(C)(F)C[C@H](N[C@@H](c1ccc(-c2ccc(C3(C(N)=O)CC3)cc2)cc1)C(F)(F)F)C(=O)NC1(C#N)CC1
CHEMBL598298,Cc1csc(-c2ccc([C@H](N[C@@H](CC(C)(C)F)C(=O)NC3(C#N)CC3)C(F)(F)F)cc2)n1
CHEMBL605341,CC(C)(F)C[C@H](N[C@@H](c1ccc(-c2ccc3ncccc3c2)cc1)C(F)(F)F)C(=O)NC1(C#N)CC1
CHEMBL600793,CC(C)(F)C[C@H](N[C@@H](c1ccc(-c2ccc(S(C)(=O)=O)nc2)cc1)C(F)(F)F)C(=O)NC1(C#N)CC1
CHEMBL481611,CC(C)(F)C[C@H](N[C@@H](c1ccc(-c2ccc(S(C)(=O)=O)cc2)cc1)C(F)(F)F)C(=O)NC1(C#N)CC1
CHEMBL1078870,CCCn1c(=O)c(C#N)nn(-c2cccc(C(C)C)c2)c1=O
CHEMBL1078871,CCCn1c(=O)c(C#N)nn(-c2cccc(C(C)(C)C)c2)c1=O
CHEMBL1078992,CCCn1c(=O)c(C#N)nn(C2CCCCC2)c1=O
CHEMBL1078993,CCCn1c(=O)c(C#N)nn(C2CCCCCC2)c1=O
CHEMBL1079015,CN(C)CCCn1c(=O)c(C#N)nn(-c2cccc(C(F)(F)F)c2)c1=O
CHEMBL1084114,N#Cc1nn(-c2cccc(C(F)(F)F)c2)c(=O)n(CCCN2CCCCC2)c1=O
CHEMBL1082523,N#Cc1nn(-c2cccc(C(F)(F)F)c2)c(=O)n(CCN2CCCCC2)c1=O
CHEMBL1082525,N#Cc1nn(-c2cccc(C(F)(F)F)c2)c(=O)n(CCCN2CCOCC2)c1=O
CHEMBL1082526,CN(C)CCCn1c(=O)c(C#N)nn(C2CCCCCC2)c1=O
CHEMBL1084123,N#Cc1nn(C2CCCCCC2)c(=O)n(CCCN2CCCCC2)c1=O
CHEMBL1084125,CC(C)c1cccc(-n2nc(C#N)c(=O)n(CCCN3CCCCC3)c2=O)c1
CHEMBL1079000,CCCc1cc(-c2cccc(C(F)(F)F)c2)nc(C#N)n1
CHEMBL1079100,CCCc1cc(-c2ccc(Cl)c(C(F)(F)F)c2)nc(C#N)n1
CHEMBL1077193,CCCc1cc(-c2cccc(C(C)(C)C)c2)nc(C#N)n1
CHEMBL1082858,CCCc1cc(-c2cccc(S(C)(=O)=O)c2)nc(C#N)n1
CHEMBL1082859,CCCc1cc(-c2cccc(C)c2)nc(C#N)n1
CHEMBL1082860,CCCc1cc(-c2cccc(C#N)c2)nc(C#N)n1
CHEMBL1082861,CCCc1cc(-c2ccc(C)c(C)c2)nc(C#N)n1
CHEMBL1085423,CCCc1cc(C2CCCCCC2)nc(C#N)n1
CHEMBL1077194,CCCc1cc(C2CCCCCCC2)nc(C#N)n1
CHEMBL1084400,N#Cc1nc(CCCN2CCCCC2)cc(-c2cccc(C(F)(F)F)c2)n1
CHEMBL1084401,CCC(CC)NCCCc1cc(-c2cccc(C(F)(F)F)c2)nc(C#N)n1
CHEMBL1084402,CC(C)(C)NCCCc1cc(-c2cccc(C(F)(F)F)c2)nc(C#N)n1
CHEMBL1084403,N#Cc1nc(CCCN2CCCCC2)cc(C2CCCCCC2)n1
CHEMBL1084679,N#Cc1nc(NC2CCCCC2)nc(N2CCNCC2)n1
CHEMBL362134,CCCC[C@H](NC(=O)OC1(Cc2ccccc2)CCCC1)C(=O)C(=O)N[C@H](C)c1ccccc1
CHEMBL188059,CCCC[C@H](NC(=O)OC(CC)(CC)Cc1ccccc1)C(=O)C(=O)N[C@H](C)c1ccccc1
CHEMBL426611,CCCC[C@H](NC(=O)OCC(C)(C)c1ccccc1)C(=O)C(=O)N[C@H](C)c1ccccc1
CHEMBL182775,CCCC[C@H](NC(=O)OCC(C)(C)Cc1ccccc1)C(=O)C(=O)N[C@H](C)c1ccccc1
CHEMBL184329,CCCC[C@H](NC(=O)OCC1(CCc2ccccc2)CCC1)C(=O)C(=O)N[C@H](C)c1ccccc1
CHEMBL187687,CCCC[C@H](NC(=O)OCC1(CCCc2ccccc2)CCC1)C(=O)C(=O)N[C@H](C)c1ccccc1
CHEMBL186778,CCCC[C@H](NC(=O)O[C@H](Cc1nnc(-c2ccccc2)o1)C(C)(C)C)C(=O)C(=O)N[C@H](C)c1ccccc1
CHEMBL1087763,CCCC[C@H](NC(=O)O[C@@H](Cc1nnc(-c2ccccc2)o1)C(C)C)C(=O)C(=O)N[C@H](C)c1ccccc1
CHEMBL188438,CCCC[C@H](NC(=O)O[C@H](Cc1nnc(-c2ccc(F)cc2)o1)C(C)(C)C)C(=O)C(=O)N[C@H](C)c1ccccc1
CHEMBL234367,CCCC[C@H](NC(=O)O[C@H](Cn1ccc(-c2ccc(C(F)(F)F)cc2)n1)C(C)(C)C)C(=O)C(=O)Nc1ccn[nH]1
CHEMBL190053,CCCC[C@H](NC(=O)O[C@H](Cn1cc(-c2ccc(C(F)(F)F)cc2)cn1)C(C)(C)C)C(=O)C(=O)Nc1ccn[nH]1
CHEMBL191584,CCCC[C@H](NC(=O)O[C@H](Cn1cnc(-c2ccc(C(F)(F)F)cc2)c1)C(C)(C)C)C(=O)C(=O)Nc1ccn[nH]1
CHEMBL191178,CCCC[C@H](NC(=O)O[C@H](CN1CCN(c2ccc(C(F)(F)F)cc2)C1=O)C(C)(C)C)C(=O)C(=O)Nc1ccn[nH]1
CHEMBL189417,CCCC[C@H](NC(=O)O[C@H](Cc1nnc(-c2ccc(F)cc2)o1)C(C)(C)C)C(=O)C(=O)NCc1cccnc1
CHEMBL365822,CCCC[C@H](NC(=O)O[C@H](Cc1nnc(-c2ccc(C(F)(F)F)cc2)o1)C(C)(C)C)C(=O)C(=O)NN1CCOC1=O
CHEMBL187864,CCCC[C@H](NC(=O)O[C@H](Cn1cnc(-c2ccc(C(F)(F)F)cc2)c1)C(C)(C)C)C(=O)C(=O)Nc1nccs1
CHEMBL1088047,CCCC[C@H](NC(=O)O[C@@H]1CN(Cc2ccccc2)CC1(C)C)C(=O)C(=O)N[C@H](C)c1ccccc1
CHEMBL1087284,CCCC[C@H](NC(=O)O[C@@H]1CN(S(=O)(=O)c2ccccc2)CC1(C)C)C(=O)C(=O)N[C@H](C)c1ccccc1
CHEMBL1087285,CCCC[C@H](NC(=O)O[C@@H]1CN(C(=O)Cc2ccccc2)CC1(C)C)C(=O)C(=O)N[C@H](C)c1ccccc1
CHEMBL1087286,CCCC[C@H](NC(=O)O[C@@H]1CN(C(=O)Oc2ccccc2)CC1(C)C)C(=O)C(=O)N[C@H](C)c1ccccc1
CHEMBL1085680,CCCC[C@H](NC(=O)O[C@@H]1CN(C(=O)Nc2ccccc2)CC1(C)C)C(=O)C(=O)N[C@H](C)c1ccccc1
CHEMBL1084139,CCCC[C@H](NC(=O)O[C@@H]1CN(S(=O)(=O)Cc2ccccc2)CC1(C)C)C(=O)C(=O)N[C@H](C)c1ccccc1
CHEMBL1084140,CCCC[C@H](NC(=O)O[C@@H]1CN(C(=O)NCc2ccccc2)CC1(C)C)C(=O)C(=O)N[C@H](C)c1ccccc1
CHEMBL1087568,CCCC[C@H](NC(=O)O[C@@H]1CN(C(=O)CCCc2ccccc2)CC1(C)C)C(=O)C(=O)N[C@H](C)c1ccccc1
CHEMBL1087697,CCCC[C@H](NC(=O)O[C@@H]1CN(C(=O)NCCc2ccccc2)CC1(C)C)C(=O)C(=O)N[C@H](C)c1ccccc1
CHEMBL1087814,CCCC[C@H](NC(=O)O[C@@H]1CN(C(=O)c2ccc3ccccc3c2)CC1(C)C)C(=O)C(=O)N[C@H](C)c1ccccc1
CHEMBL1083217,CCCC[C@H](NC(=O)O[C@@H]1CN(C(=O)c2ccc3cc[nH]c3c2)CC1(C)C)C(=O)C(=O)N[C@H](C)c1ccccc1
CHEMBL1077001,CCCC[C@H](NC(=O)O[C@@H]1CN(C(=O)c2ccc(-c3ccccc3)cc2)CC1(C)C)C(=O)C(=O)N[C@H](C)c1ccccc1
CHEMBL1077002,CCCC[C@H](NC(=O)O[C@@H]1CN(C(=O)Oc2ccc3ccccc3c2)CC1(C)C)C(=O)C(=O)N[C@H](C)c1ccccc1
CHEMBL1077003,CCCC[C@H](NC(=O)O[C@@H]1CN(C(=O)Oc2ccc(-c3ccccc3)cc2)CC1(C)C)C(=O)C(=O)N[C@H](C)c1ccccc1
CHEMBL1077004,CCCC[C@H](NC(=O)O[C@@H]1CN(C(=O)OCc2ccc(-c3ccccc3)cc2)CC1(C)C)C(=O)C(=O)N[C@H](C)c1ccccc1
CHEMBL1089046,CCCC[C@H](NC(=O)O[C@@H]1CN(C(=O)c2ccno2)CC1(C)C)C(=O)C(=O)N[C@H](C)c1ccccc1
CHEMBL1089047,CCCC[C@H](NC(=O)O[C@@H]1CN(C(=O)c2cccnc2)CC1(C)C)C(=O)C(=O)N[C@H](C)c1ccccc1
CHEMBL1092804,CCCC[C@H](NC(=O)O[C@@H]1CN(C(=O)c2ccc(C(F)(F)F)cc2)CC1(C)C)C(=O)C(=O)Nc1cc[nH]n1
CHEMBL163185,CCCC[C@H](NC(=O)OCC(C)(C)C)C(=O)C(=O)N[C@H](C)c1ccccc1
CHEMBL349045,CCCC[C@H](NC(=O)O[C@H](CCc1ccccc1)C(C)(C)C)C(=O)C(=O)N[C@H](C)c1ccccc1
CHEMBL163286,CCCC[C@H](NC(=O)O[C@H](CCCc1ccccc1)C(C)(C)C)C(=O)C(=O)N[C@H](C)c1ccccc1
CHEMBL351877,CCCC[C@H](NC(=O)OC(CC)CC)C(=O)C(=O)N[C@H](C)c1ccccc1
CHEMBL162041,CCCC[C@H](NC(=O)OC(CCC)CCC)C(=O)C(=O)N[C@H](C)c1ccccc1
CHEMBL84691,CCCC[C@H](NC(=O)OC(C(C)C)C(C)C)C(=O)C(=O)N[C@H](C)c1ccccc1
CHEMBL354473,CCCC[C@H](NC(=O)OC(C(C)(C)C)C(C)(C)C)C(=O)C(=O)N[C@H](C)c1ccccc1
CHEMBL366268,CCCC[C@H](NC(=O)OCC1(Cc2ccccc2)CCC1)C(=O)C(=O)N[C@H](C)c1ccccc1
CHEMBL185097,CCCC[C@H](NC(=O)OCC1(Cc2ccc(F)cc2)CCC1)C(=O)C(=O)Nc1ccn[nH]1
CHEMBL363773,CCCC[C@H](NC(=O)O[C@H](Cc1nnc(-c2ccc(C(F)(F)F)cc2)o1)C(C)(C)C)C(=O)C(=O)N[C@H](C)c1ccccc1
CHEMBL188400,CCCC[C@H](NC(=O)O[C@H](Cc1nnc(-c2ccc(C(F)(F)F)cc2)o1)C(C)(C)C)C(=O)C(=O)Nc1ccn[nH]1
CHEMBL1087934,CCCC[C@H](NC(=O)O[C@H](Cc1nnc(-c2ccc(F)cc2)o1)C(C)(C)C)C(=O)C(=O)N[C@H]1CCCNC1=O
CHEMBL1087177,CCCC[C@H](NC(=O)O[C@@H]1CN(C(=O)c2ccccc2)CC1(C)C)C(=O)C(=O)N[C@H](C)c1ccccc1
CHEMBL1086659,CCCC[C@H](NC(=O)O[C@@H]1CN(C(=O)OCCc2ccccc2)CC1(C)C)C(=O)C(=O)N[C@H](C)c1ccccc1
CHEMBL1086660,CCCC[C@H](NC(=O)O[C@@H]1CN(C(=O)c2cc3ccccc3s2)CC1(C)C)C(=O)C(=O)N[C@H](C)c1ccccc1
CHEMBL1085660,CCCC[C@H](NC(=O)O[C@@H]1CN(C(=O)c2c(C)noc2C)CC1(C)C)C(=O)C(=O)N[C@H](C)c1ccccc1
CHEMBL164373,CCCC[C@H](NC(=O)OC(C)C(C)(C)C)C(=O)C(=O)N[C@H](C)c1ccccc1
CHEMBL355138,CCCC[C@H](NC(=O)OC(C1CCCC1)C1CCCC1)C(=O)C(=O)N[C@H](C)c1ccccc1
CHEMBL607169,CC(C)C[C@H](NC(=O)c1ccc(C(C)(C)C)cc1)C(=O)N1CC[C@@H]2[C@H]1C(=O)CN2C(=O)c1ccccc1
CHEMBL523352,CS(=O)(=O)c1ccc(-c2cn(CC(F)(F)F)nc2[C@@H]2CCC(Cl)(Cl)C[C@H]2C(=O)NC2(C#N)CC2)cc1
CHEMBL1083675,CC[C@@H](CNc1ccc(OCC(=O)O)cc1)NC(=O)C1(Nc2cccc(-c3ccccc3)c2)CCCCC1
CHEMBL450061,CC(C)CNc1nc(C#N)nc(N2CCOCC2)c1N
CHEMBL481611,CC(C)(F)C[C@H](N[C@@H](c1ccc(-c2ccc(S(C)(=O)=O)cc2)cc1)C(F)(F)F)C(=O)NC1(C#N)CC1
CHEMBL203665,CC(C)C[C@H](NC(=O)c1cc2ccccc2o1)C(=O)N[C@H]1CC[C@@H](C)N(S(=O)(=O)c2ccccn2)CC1=O
CHEMBL1086008,CC[C@@H]1OCC(=O)[C@H]1NC(=O)C1(NC(=O)c2ccc(-c3csc(N4CCN(C)CC4)n3)cc2)CCCCC1
CHEMBL371064,CCCN1CCN(c2ccc(C(=O)NC3(C(=O)NCC#N)CCCCC3)cc2)CC1
CHEMBL367800,CN1CCN(c2nc(-c3ccc(C(=O)NC4(C(=O)N[C@@H]5C(=O)N[C@@H]5Oc5ccccc5)CCCCC4)cc3)cs2)CC1
CHEMBL1085282,CC(C)COC[C@H](CC(C)C)NC(=O)[C@H]1O[C@@H]1C(=O)[O-].[Na+]
CHEMBL1083675,CC[C@@H](CNc1ccc(OCC(=O)O)cc1)NC(=O)C1(Nc2cccc(-c3ccccc3)c2)CCCCC1
