"cage::R,R (given)",2ITY,-8.3
"cage::R,R (given)",1H00,-9.6
"cage::R,R (given)",1HSG,-7.2
"cage::R,R (given)",4EY7,-11.6
"cage::R,R (given)",3ERT,-8.7
"cage::R,R (given)",3HS4,-9.4
"cage::R,R (given)",2P16,-8.4
"cage::R,R (given)",1UDT,-9.4
"cage::R,R (given)",1OYT,-0.0
"cage::R,R (given)",3BQD,-8.5
"cage::R,R (given)",3HR1,-8.6
"cage::S,S (mirror)",2ITY,-7.6
"cage::S,S (mirror)",1H00,-9.5
"cage::S,S (mirror)",1HSG,-7.7
"cage::S,S (mirror)",4EY7,-10.8
"cage::S,S (mirror)",3ERT,-8.3
"cage::S,S (mirror)",3HS4,-8.7
"cage::S,S (mirror)",2P16,-8.0
"cage::S,S (mirror)",1UDT,-9.9
"cage::S,S (mirror)",1OYT,0.0
"cage::S,S (mirror)",3BQD,-8.6
"cage::S,S (mirror)",3HR1,-8.3
CHEMBL68920,2ITY,-9.0
CHEMBL68920,2ITY,-9.0
CHEMBL69960,2ITY,-9.8
CHEMBL69960,2ITY,-9.8
CHEMBL76589,2ITY,-6.2
CHEMBL304271,2ITY,inf
CHEMBL136491,2ITY,-7.5
CHEMBL133024,2ITY,-7.5
CHEMBL138125,2ITY,-8.1
CHEMBL137364,2ITY,-7.9
CHEMBL302552,2ITY,inf
CHEMBL67057,2ITY,inf
CHEMBL67057,2ITY,inf
CHEMBL432903,2ITY,inf
CHEMBL69964,2ITY,-9.1
CHEMBL260416,1H00,-9.7
CHEMBL84944,1H00,-9.4
CHEMBL419720,1H00,inf
CHEMBL260163,1H00,-9.4
CHEMBL427909,1H00,-9.4
CHEMBL407981,1H00,-9.3
CHEMBL259838,1H00,-9.6
CHEMBL408019,1H00,-9.4
CHEMBL260417,1H00,-9.5
CHEMBL84436,1H00,-8.7
CHEMBL419534,1H00,-8.4
CHEMBL405145,1H00,-9.4
CHEMBL270054,1H00,-9.6
CHEMBL442957,1H00,-9.0
CHEMBL44119,1H00,-9.2
CHEMBL86971,1HSG,inf
CHEMBL308649,1HSG,inf
CHEMBL108102,1HSG,inf
CHEMBL114,1HSG,inf
CHEMBL75310,1HSG,inf
CHEMBL433293,1HSG,-5.9
CHEMBL301213,1HSG,inf
CHEMBL303625,1HSG,inf
CHEMBL320783,1HSG,inf
CHEMBL309346,1HSG,inf
CHEMBL301219,1HSG,inf
CHEMBL308574,1HSG,inf
CHEMBL68317,1HSG,inf
CHEMBL304520,1HSG,inf
CHEMBL308694,1HSG,inf
CHEMBL336398,4EY7,-8.3
CHEMBL130628,4EY7,-10.0
CHEMBL130098,4EY7,-9.5
CHEMBL335033,4EY7,-11.3
CHEMBL130666,4EY7,-9.0
CHEMBL336524,4EY7,-8.9
CHEMBL336276,4EY7,-9.5
CHEMBL334395,4EY7,-9.5
CHEMBL131320,4EY7,-9.7
CHEMBL54126,4EY7,-7.4
CHEMBL431519,4EY7,inf
CHEMBL154972,4EY7,-10.7
CHEMBL154211,4EY7,-8.8
CHEMBL433041,4EY7,-9.4
CHEMBL154263,4EY7,-9.4
CHEMBL431611,3ERT,-9.6
CHEMBL316132,3ERT,-9.5
CHEMBL304552,3ERT,inf
CHEMBL85881,3ERT,-10.1
CHEMBL85536,3ERT,-10.7
CHEMBL267385,3ERT,-11.2
CHEMBL315761,3ERT,-8.9
CHEMBL281499,3ERT,-11.0
CHEMBL25228,3ERT,-10.0
CHEMBL432454,3ERT,-10.3
CHEMBL24950,3ERT,-11.0
CHEMBL419110,3ERT,-8.9
CHEMBL85090,3ERT,-9.7
CHEMBL85650,3ERT,-9.1
CHEMBL313941,3ERT,inf
CHEMBL268177,3HS4,-6.2
CHEMBL268439,3HS4,-8.2
CHEMBL544127,3HS4,-7.5
CHEMBL148167,3HS4,inf
CHEMBL358290,3HS4,-8.1
CHEMBL148426,3HS4,-7.6
CHEMBL144766,3HS4,-8.4
CHEMBL356059,3HS4,-7.3
CHEMBL144970,3HS4,-8.5
CHEMBL144186,3HS4,-7.6
CHEMBL340519,3HS4,-7.4
CHEMBL144982,3HS4,-7.7
CHEMBL2370954,3HS4,inf
CHEMBL218490,3HS4,-7.1
CHEMBL144006,3HS4,-7.5
CHEMBL117716,2P16,inf
CHEMBL369583,2P16,inf
CHEMBL176744,2P16,inf
CHEMBL367476,2P16,inf
CHEMBL366405,2P16,inf
CHEMBL126575,2P16,-10.3
CHEMBL337921,2P16,-9.9
CHEMBL340500,2P16,-9.4
CHEMBL117721,2P16,inf
CHEMBL331807,2P16,inf
CHEMBL323642,2P16,inf
CHEMBL176640,2P16,inf
CHEMBL366855,2P16,inf
CHEMBL125499,2P16,inf
CHEMBL369480,2P16,inf
CHEMBL90164,1UDT,inf
CHEMBL87901,1UDT,-8.8
CHEMBL313197,1UDT,inf
CHEMBL86578,1UDT,inf
CHEMBL313561,1UDT,inf
CHEMBL87202,1UDT,-10.0
CHEMBL87954,1UDT,-8.9
CHEMBL327772,1UDT,inf
CHEMBL433418,1UDT,-9.8
CHEMBL86743,1UDT,-10.3
CHEMBL314981,1UDT,-9.8
CHEMBL87304,1UDT,-10.1
CHEMBL89670,1UDT,inf
CHEMBL85350,1UDT,-9.8
CHEMBL86673,1UDT,inf
CHEMBL108952,1OYT,inf
CHEMBL3142655,1OYT,inf
CHEMBL3142745,1OYT,inf
CHEMBL3142745,1OYT,inf
CHEMBL431443,1OYT,inf
CHEMBL3142679,1OYT,-0.0
CHEMBL47481,1OYT,-0.0
CHEMBL3349684,1OYT,-0.0
CHEMBL3349684,1OYT,-0.0
CHEMBL177225,1OYT,inf
CHEMBL111195,1OYT,inf
CHEMBL366535,1OYT,inf
CHEMBL322178,1OYT,inf
CHEMBL320707,1OYT,inf
CHEMBL320351,1OYT,inf
CHEMBL134277,3BQD,-6.5
CHEMBL134277,3BQD,-6.5
CHEMBL415524,3BQD,-6.6
CHEMBL415524,3BQD,-6.6
CHEMBL336353,3BQD,-2.8
CHEMBL413309,3BQD,-5.2
CHEMBL717,3BQD,-10.4
CHEMBL717,3BQD,-10.4
CHEMBL337856,3BQD,-7.4
CHEMBL337856,3BQD,-7.4
CHEMBL335996,3BQD,-6.4
CHEMBL335996,3BQD,-6.4
CHEMBL130141,3BQD,-5.1
CHEMBL130141,3BQD,-5.1
CHEMBL336169,3BQD,-6.3
CHEMBL246344,3HR1,inf
CHEMBL246143,3HR1,inf
CHEMBL246142,3HR1,inf
CHEMBL437183,3HR1,inf
CHEMBL246141,3HR1,inf
CHEMBL245939,3HR1,inf
CHEMBL245938,3HR1,inf
CHEMBL245737,3HR1,inf
CHEMBL397774,3HR1,inf
CHEMBL248059,3HR1,inf
CHEMBL439572,3HR1,inf
CHEMBL248058,3HR1,inf
CHEMBL395205,3HR1,inf
CHEMBL440954,3HR1,inf
CHEMBL397600,3HR1,-9.4
