smiles_a,smiles_b,ddg
[H][C]1=[N][C]2=[C]([N]=[C]1[H])[C]([C]1=[C]([H])[C]([H])=[C]([N]([H])[H])[C]([H])=[C]1[H])=[C]([H])[C]([N]([H])[C]1=[C]([H])[N]=[C]([H])[C]([H])=[C]1[S](=[O])(=[O])[C]([H])([H])[H])=[C]2[H],[H][C]1=[N][C]2=[C]([N]=[C]1[H])[C]([C]1=[C]([H])[C]([H])=[C]([Br])[C]([H])=[C]1[H])=[C]([H])[C]([N]([H])[C]1=[C]([H])[N]=[C]([H])[C]([H])=[C]1[S](=[O])(=[O])[C]([H])([H])[H])=[C]2[H],-2.0161343768422686
[H][C]1=[N][C]2=[C]([H])[C]([N]([H])[C]3=[C]([S](=[O])(=[O])[C]([H])([H])[H])[C]([H])=[C]([H])[C]([H])=[C]3[H])=[C]([H])[C]([C]3=[C]([H])[C]([H])=[C]4[C]([H])=[C]([H])[N]([C]([H])([H])[H])[C]4=[C]3[H])=[C]2[N]=[C]1[H],[H][C]1=[N][C]2=[C]([H])[C]([N]([H])[C]3=[C]([S](=[O])(=[O])[C]([H])([H])[H])[C]([H])=[C]([H])[N]=[C]3[H])=[C]([H])[C]([C]3=[C]([H])[C]4=[C]([C]([H])=[C]3[H])[C]([H])=[C]([H])[N]4[C]([H])([H])[H])=[C]2[N]=[C]1[H],-0.4932178729007344
[H][C]1=[N][C]2=[C]([H])[C]([N]([H])[C]3=[C]([S](=[O])(=[O])[C]([H])([H])[H])[C]([H])=[C]([H])[N]=[C]3[H])=[C]([H])[C]([C]3=[C]([H])[C]4=[C]([C]([H])=[C]3[H])[C]([H])=[C]([H])[N]4[C]([H])([H])[H])=[C]2[N]=[C]1[H],[H][C]1=[N][C]2=[C]([N]=[C]1[H])[C]([C]1=[C]([H])[C]3=[N][O][N]=[C]3[C]([H])=[C]1[H])=[C]([H])[C]([N]([H])[C]1=[C]([S](=[O])(=[O])[C]([H])([H])[H])[C]([H])=[C]([H])[N]=[C]1[H])=[C]2[H],2.4491974381929493
[H][C]1=[N][C]2=[C]([N]=[C]1[H])[C]([C]1=[C]([H])[C]([H])=[C]3[C]([H])=[C]([H])[N]([C]([H])([H])[H])[C]3=[C]1[H])=[C]([H])[C]([N]([H])[C]1=[C]([C](=[O])[N]([H])[H])[C]([H])=[C]([H])[N]=[C]1[H])=[C]2[H],[H][C]1=[N][C]2=[C]([H])[C]([N]([H])[C]3=[C]([H])[N]=[C]([H])[C]([H])=[C]3[H])=[C]([H])[C]([C]3=[C]([H])[C]([H])=[C]4[C]([H])=[C]([H])[N]([C]([H])([H])[H])[C]4=[C]3[H])=[C]2[N]=[C]1[H],2.059702377950857
[H][C]1=[N][C]2=[C]([N]=[C]1[H])[C]([C]1=[C]([H])[C]([H])=[C]([H])[C]([N]([H])[H])=[C]1[H])=[C]([H])[C]([N]([H])[C]1=[C]([H])[N]=[C]([H])[C]([H])=[C]1[S](=[O])(=[O])[C]([H])([H])[H])=[C]2[H],[H][C]1=[N][C]2=[C]([N]=[C]1[H])[C]([C]1=[C]([H])[C]([H])=[C]([Br])[C]([H])=[C]1[H])=[C]([H])[C]([N]([H])[C]1=[C]([H])[N]=[C]([H])[C]([H])=[C]1[S](=[O])(=[O])[C]([H])([H])[H])=[C]2[H],-2.753564527472683
[H][C]1=[N][C]2=[C]([N]=[C]1[H])[C]([C]1=[C]([H])[C]([C]([H])([H])[H])=[C]3[C]([H])=[C]([H])[N]([C]([H])([H])[H])[C]3=[C]1[H])=[C]([H])[C]([N]([H])[C]1=[C]([H])[N]=[C]([H])[C]([H])=[C]1[S](=[O])(=[O])[C]([H])([H])[H])=[C]2[H],[H][C]1=[N][C]2=[C]([H])[C]([N]([H])[C]3=[C]([S](=[O])(=[O])[C]([H])([H])[H])[C]([H])=[C]([H])[N]=[C]3[H])=[C]([H])[C]([C]3=[C]([H])[C]4=[C]([C]([H])=[C]3[H])[C]([H])=[C]([H])[N]4[C]([H])([H])[H])=[C]2[N]=[C]1[H],0.4272838697655974
[H][C]1=[N][C]2=[C]([H])[C]([H])=[C]([C]3=[C]([H])[C]([N]([H])[C]4=[C]([S](=[O])(=[O])[C]([H])([H])[H])[C]([H])=[C]([H])[N]=[C]4[H])=[C]([H])[C]4=[C]3[N]=[C]([H])[C]([H])=[N]4)[C]([H])=[C]2[S]1,[H][C]1=[N][C]2=[C]([N]=[C]1[H])[C]([C]1=[C]([H])[C]3=[N][S][N]=[C]3[C]([H])=[C]1[H])=[C]([H])[C]([N]([H])[C]1=[C]([S](=[O])(=[O])[C]([H])([H])[H])[C]([H])=[C]([H])[N]=[C]1[H])=[C]2[H],0.8613890964780904
[H][C]1=[N][C]2=[C]([H])[C]([N]([H])[C]3=[C]([H])[N]=[C]([H])[C]([H])=[C]3[S](=[O])(=[O])[C]([H])([H])[H])=[C]([H])[C]([C]3=[C]([H])[C]([F])=[C]4[C]([H])=[C]([H])[N]([C]([H])([H])[H])[C]4=[C]3[H])=[C]2[N]=[C]1[H],[H][C]1=[N][C]2=[C]([H])[C]([N]([H])[C]3=[C]([S](=[O])(=[O])[C]([H])([H])[H])[C]([H])=[C]([H])[N]=[C]3[H])=[C]([H])[C]([C]3=[C]([H])[C]4=[C]([C]([H])=[C]3[H])[C]([H])=[C]([H])[N]4[C]([H])([H])[H])=[C]2[N]=[C]1[H],0.4971292099098328
[H][C]1=[N][C]2=[C]([N]=[C]1[H])[C]([C]1=[C]([H])[C]([H])=[C]3[C]([H])=[C]([H])[N]([C]([H])([H])[H])[C]3=[C]1[H])=[C]([H])[C]([N]([H])[C]1=[C]([C](=[O])[N]([H])[H])[C]([H])=[C]([H])[C]([H])=[C]1[H])=[C]2[H],[H][C]1=[N][C]2=[C]([H])[C]([N]([H])[C]3=[C]([H])[C]([H])=[C]([H])[C]([H])=[C]3[H])=[C]([H])[C]([C]3=[C]([H])[C]4=[C]([C]([H])=[C]3[H])[C]([H])=[C]([H])[N]4[C]([H])([H])[H])=[C]2[N]=[C]1[H],1.620059573125321
[H][C]1=[N][C]2=[C]([N]=[C]1[H])[C]([C]1=[C]([H])[C]([H])=[C]([H])[C]([O][C]([F])([F])[F])=[C]1[H])=[C]([H])[C]([N]([H])[C]1=[C]([H])[N]=[C]([H])[C]([H])=[C]1[S](=[O])(=[O])[C]([H])([H])[H])=[C]2[H],[H][C]1=[N][C]2=[C]([N]=[C]1[H])[C]([C]1=[C]([H])[C]([H])=[C]([H])[C]([N]([H])[H])=[C]1[H])=[C]([H])[C]([N]([H])[C]1=[C]([H])[N]=[C]([H])[C]([H])=[C]1[S](=[O])(=[O])[C]([H])([H])[H])=[C]2[H],0.19035574701473035
[H][C]1=[N][C]2=[C]([H])[C]([N]([H])[C]3=[C]([H])[N]=[C]([H])[C]([H])=[C]3[S](=[O])(=[O])[C]([H])([H])[H])=[C]([H])[C]([C]3=[C]([H])[C]([H])=[C]([C]([H])([H])[C]([H])([H])[H])[C]([H])=[C]3[H])=[C]2[N]=[C]1[H],[H][C]1=[N][C]2=[C]([N]=[C]1[H])[C]([C]1=[C]([H])[C]([H])=[C]([N]([H])[H])[C]([H])=[C]1[H])=[C]([H])[C]([N]([H])[C]1=[C]([H])[N]=[C]([H])[C]([H])=[C]1[S](=[O])(=[O])[C]([H])([H])[H])=[C]2[H],0.39950642684643967
[H][C]1=[N][C]2=[C]([N]=[C]1[H])[C]([C]1=[C]([H])[C]3=[N][S][N]=[C]3[C]([H])=[C]1[H])=[C]([H])[C]([N]([H])[C]1=[C]([S](=[O])(=[O])[C]([H])([H])[H])[C]([H])=[C]([H])[N]=[C]1[H])=[C]2[H],[H][C]1=[N][C]2=[C]([N]=[C]1[H])[C]([C]1=[C]([H])[C]([H])=[C]([H])[C]([Br])=[C]1[H])=[C]([H])[C]([N]([H])[C]1=[C]([H])[N]=[C]([H])[C]([H])=[C]1[S](=[O])(=[O])[C]([H])([H])[H])=[C]2[H],0.5644627047385296
[H][C]1=[N][C]2=[C]([N]=[C]1[H])[C]([C]1=[C]([H])[C]([H])=[C]([H])[C]([Br])=[C]1[H])=[C]([H])[C]([N]([H])[C]1=[C]([H])[N]=[C]([H])[C]([H])=[C]1[S](=[O])(=[O])[C]([H])([H])[H])=[C]2[H],[H][C]1=[N][C]2=[C]([N]=[C]1[H])[C]([C]1=[C]([H])[C]([H])=[C]([H])[C]([N]([H])[H])=[C]1[H])=[C]([H])[C]([N]([H])[C]1=[C]([H])[N]=[C]([H])[C]([H])=[C]1[S](=[O])(=[O])[C]([H])([H])[H])=[C]2[H],0.8008583580578019
[H][C]1=[N][C]2=[C]([N]=[C]1[H])[C]([C]1=[C]([H])[C]3=[N][O][N]=[C]3[C]([H])=[C]1[H])=[C]([H])[C]([N]([H])[C]1=[C]([S](=[O])(=[O])[C]([H])([H])[H])[C]([H])=[C]([H])[N]=[C]1[H])=[C]2[H],[H][C]1=[N][C]2=[C]([N]=[C]1[H])[C]([C]1=[C]([H])[C]([H])=[C]([H])[C]([Br])=[C]1[H])=[C]([H])[C]([N]([H])[C]1=[C]([H])[N]=[C]([H])[C]([H])=[C]1[S](=[O])(=[O])[C]([H])([H])[H])=[C]2[H],-0.3061929907705663
[H][C]1=[N][C]2=[C]([N]=[C]1[H])[C]([C]1=[C]([H])[C]([H])=[C]3[S][C]([H])=[C]([C]([H])([H])[H])[C]3=[C]1[H])=[C]([H])[C]([N]([H])[C]1=[C]([S](=[O])(=[O])[C]([H])([H])[H])[C]([H])=[C]([H])[N]=[C]1[H])=[C]2[H],[H][C]1=[N][C]2=[C]([H])[C]([C]3=[C]([H])[C]([N]([H])[C]4=[C]([H])[N]=[C]([H])[C]([H])=[C]4[S](=[O])(=[O])[C]([H])([H])[H])=[C]([H])[C]4=[C]3[N]=[C]([H])[C]([H])=[N]4)=[C]([H])[C]([H])=[C]2[S]1,1.2277904129163648
[H][C]1=[N][C]2=[C]([N]=[C]1[H])[C]([C]1=[C]([H])[C]([H])=[C]3[C]([H])=[C]([H])[N]([C]([H])([H])[H])[C]3=[C]1[H])=[C]([H])[C]([N]([H])[C]1=[C]([H])[N]=[C]([H])[C]([H])=[C]1[C](=[O])[N]([H])[C]1([H])[C]([H])([H])[C]([H])([H])[O][C]([H])([H])[C]1([H])[H])=[C]2[H],[H][C]1=[N][C]2=[C]([H])[C]([N]([H])[C]3=[C]([H])[N]=[C]([H])[C]([H])=[C]3[H])=[C]([H])[C]([C]3=[C]([H])[C]([H])=[C]4[C]([H])=[C]([H])[N]([C]([H])([H])[H])[C]4=[C]3[H])=[C]2[N]=[C]1[H],2.0844142869163944
[H][C]1=[N][C]2=[C]([N]=[C]1[H])[C]([C]1=[C]([H])[C]([H])=[C]([O][C]([H])([H])[H])[C]([H])=[C]1[H])=[C]([H])[C]([N]([H])[C]1=[C]([H])[N]=[C]([H])[C]([H])=[C]1[S](=[O])(=[O])[C]([H])([H])[H])=[C]2[H],[H][C]1=[N][C]2=[C]([H])[C]([N]([H])[C]3=[C]([H])[N]=[C]([H])[C]([H])=[C]3[S](=[O])(=[O])[C]([H])([H])[H])=[C]([H])[C]([C]3=[C]([H])[C]([H])=[C]([C]([H])([H])[C]([H])([H])[H])[C]([H])=[C]3[H])=[C]2[N]=[C]1[H],-0.3273766693039235
[H][C]1=[N][C]2=[C]([H])[C]([N]([H])[C]3=[C]([H])[N]=[C]([H])[C]([H])=[C]3[H])=[C]([H])[C]([C]3=[C]([H])[C]([H])=[C]4[C]([H])=[C]([H])[N]([C]([H])([H])[H])[C]4=[C]3[H])=[C]2[N]=[C]1[H],[H][C]1=[N][C]2=[C]([H])[C]([N]([H])[C]3=[C]([H])[N]=[C]([H])[C]([H])=[C]3[O][C]([H])([H])[H])=[C]([H])[C]([C]3=[C]([H])[C]([H])=[C]4[C]([H])=[C]([H])[N]([C]([H])([H])[H])[C]4=[C]3[H])=[C]2[N]=[C]1[H],-1.3691980521589135
[H][C]1=[N][C]2=[C]([H])[C]([N]([H])[C]3=[C]([H])[N]=[C]([H])[C]([H])=[C]3[S](=[O])(=[O])[C]([H])([H])[H])=[C]([H])[C]([C]3=[C]([H])[C]([H])=[C]([C]([H])([H])[C]([H])([H])[H])[C]([H])=[C]3[H])=[C]2[N]=[C]1[H],[H][C]1=[N][C]2=[C]([N]=[C]1[H])[C]([C]1=[C]([H])[C]([H])=[C]([Br])[C]([H])=[C]1[H])=[C]([H])[C]([N]([H])[C]1=[C]([H])[N]=[C]([H])[C]([H])=[C]1[S](=[O])(=[O])[C]([H])([H])[H])=[C]2[H],-1.616627949995829
[H][C]1=[N][C]2=[C]([H])[C]([N]([H])[C]3=[C]([S](=[O])(=[O])[C]([H])([H])[H])[C]([H])=[C]([H])[C]([H])=[C]3[H])=[C]([H])[C]([C]3=[C]([H])[C]([H])=[C]4[C]([H])=[C]([H])[N]([C]([H])([H])[H])[C]4=[C]3[H])=[C]2[N]=[C]1[H],[H][C]1=[N][C]2=[C]([N]=[C]1[H])[C]([C]1=[C]([H])[C]([H])=[C]3[C]([H])=[C]([H])[N]([C]([H])([H])[H])[C]3=[C]1[H])=[C]([H])[C]([N]([H])[C]1=[C]([C](=[O])[N]([H])[H])[C]([H])=[C]([H])[C]([H])=[C]1[H])=[C]2[H],0.4769930796924111
[H][C]1=[N][C]2=[C]([H])[C]([N]([H])[C]3=[C]([S](=[O])(=[O])[C]([H])([H])[H])[C]([H])=[C]([H])[N]=[C]3[H])=[C]([H])[C]([C]3=[C]([H])[C]4=[C]([C]([H])=[C]3[H])[C]([H])=[C]([H])[N]4[C]([H])([H])[H])=[C]2[N]=[C]1[H],[H][C]1=[N][C]2=[C]([H])[C]([N]([H])[C]3=[C]([H])[N]=[C]([H])[C]([H])=[C]3[H])=[C]([H])[C]([C]3=[C]([H])[C]([H])=[C]4[C]([H])=[C]([H])[N]([C]([H])([H])[H])[C]4=[C]3[H])=[C]2[N]=[C]1[H],2.2262774925324367
[H][C]1=[N][C]2=[C]([N]=[C]1[H])[C]([C]1=[C]([H])[C]([N]([C]([H])([H])[H])[C]([H])([H])[H])=[C]([H])[C]([H])=[C]1[H])=[C]([H])[C]([N]([H])[C]1=[C]([H])[N]=[C]([H])[C]([H])=[C]1[S](=[O])(=[O])[C]([H])([H])[H])=[C]2[H],[H][C]1=[N][C]2=[C]([N]=[C]1[H])[C]([C]1=[C]([H])[C]([H])=[C]([H])[C]([N]([H])[H])=[C]1[H])=[C]([H])[C]([N]([H])[C]1=[C]([H])[N]=[C]([H])[C]([H])=[C]1[S](=[O])(=[O])[C]([H])([H])[H])=[C]2[H],1.562615574814993
[H][C]1=[N][C]2=[C]([N]=[C]1[H])[C]([C]1=[C]([H])[C]([H])=[C]3[C]([H])=[C]([H])[N]([C]([H])([F])[F])[C]3=[C]1[H])=[C]([H])[C]([N]([H])[C]1=[C]([H])[N]=[C]([H])[C]([H])=[C]1[S](=[O])(=[O])[C]([H])([H])[H])=[C]2[H],[H][C]1=[N][C]2=[C]([H])[C]([N]([H])[C]3=[C]([S](=[O])(=[O])[C]([H])([H])[H])[C]([H])=[C]([H])[N]=[C]3[H])=[C]([H])[C]([C]3=[C]([H])[C]4=[C]([C]([H])=[C]3[H])[C]([H])=[C]([H])[N]4[C]([H])([H])[H])=[C]2[N]=[C]1[H],0.33587251662803297
[H][C]1=[N][C]2=[C]([N]=[C]1[H])[C]([C]1=[C]([H])[C]([H])=[C]3[C]([H])=[C]([H])[N]([C]([H])([H])[H])[C]3=[C]1[H])=[C]([H])[C]([N]([H])[C]1=[C]([C](=[O])[N]([H])[H])[C]([H])=[C]([H])[N]=[C]1[H])=[C]2[H],[H][C]1=[N][C]2=[C]([H])[C]([N]([H])[C]3=[C]([H])[C]([H])=[C]([H])[C]([H])=[C]3[H])=[C]([H])[C]([C]3=[C]([H])[C]4=[C]([C]([H])=[C]3[H])[C]([H])=[C]([H])[N]4[C]([H])([H])[H])=[C]2[N]=[C]1[H],2.4236954111368867
[H][C]1=[N][C]2=[C]([H])[C]([N]([H])[C]3=[C]([C]#[N])[C]([H])=[C]([H])[N]=[C]3[H])=[C]([H])[C]([C]3=[C]([H])[C]([H])=[C]4[C]([H])=[C]([H])[N]([C]([H])([H])[H])[C]4=[C]3[H])=[C]2[N]=[C]1[H],[H][C]1=[N][C]2=[C]([H])[C]([N]([H])[C]3=[C]([H])[N]=[C]([H])[C]([H])=[C]3[H])=[C]([H])[C]([C]3=[C]([H])[C]([H])=[C]4[C]([H])=[C]([H])[N]([C]([H])([H])[H])[C]4=[C]3[H])=[C]2[N]=[C]1[H],0.6930604469483095
[H][C]1=[N][C]2=[C]([H])[C]([N]([H])[C]3=[C]([H])[C]([H])=[C]([H])[C]([H])=[C]3[H])=[C]([H])[C]([C]3=[C]([H])[C]4=[C]([C]([H])=[C]3[H])[C]([H])=[C]([H])[N]4[C]([H])([H])[H])=[C]2[N]=[C]1[H],[H][C]1=[N][C]2=[C]([H])[C]([N]([H])[C]3=[C]([H])[N]=[C]([H])[C]([H])=[C]3[H])=[C]([H])[C]([C]3=[C]([H])[C]([H])=[C]4[C]([H])=[C]([H])[N]([C]([H])([H])[H])[C]4=[C]3[H])=[C]2[N]=[C]1[H],-0.3639930331860297
[H][C]1=[N][C]2=[C]([N]=[C]1[H])[C]([C]1=[C]([H])[C]([H])=[C]3[O][C]([H])([H])[C]([H])([H])[O][C]3=[C]1[H])=[C]([H])[C]([N]([H])[C]1=[C]([H])[N]=[C]([H])[C]([H])=[C]1[S](=[O])(=[O])[C]([H])([H])[H])=[C]2[H],[H][C]1=[N][C]2=[C]([N]=[C]1[H])[C]([C]1=[C]([H])[C]([H])=[C]([H])[C]([Br])=[C]1[H])=[C]([H])[C]([N]([H])[C]1=[C]([H])[N]=[C]([H])[C]([H])=[C]1[S](=[O])(=[O])[C]([H])([H])[H])=[C]2[H],0.11760767206152245
[H][C]1=[N][C]2=[C]([H])[C]([N]([H])[C]3=[C]([S](=[O])(=[O])[C]([H])([H])[H])[C]([H])=[C]([H])[N]=[C]3[H])=[C]([H])[C]([C]3=[C]([H])[C]4=[C]([C]([H])=[C]3[H])[C]([H])=[C]([H])[N]4[C]([H])([H])[H])=[C]2[N]=[C]1[H],[H][C]1=[N][C]2=[C]([N]=[C]1[H])[C]([C]1=[C]([H])[C]([H])=[C]3[C]([H])=[C]([H])[N]([C]([H])([H])[C]([H])([H])[H])[C]3=[C]1[H])=[C]([H])[C]([N]([H])[C]1=[C]([H])[N]=[C]([H])[C]([H])=[C]1[S](=[O])(=[O])[C]([H])([H])[H])=[C]2[H],-0.256688400801691
[H][C]1=[N][C]2=[C]([N]=[C]1[H])[C]([C]1=[C]([H])[C]([H])=[C]([O][C]([H])([H])[H])[C]([H])=[C]1[H])=[C]([H])[C]([N]([H])[C]1=[C]([H])[N]=[C]([H])[C]([H])=[C]1[S](=[O])(=[O])[C]([H])([H])[H])=[C]2[H],[H][C]1=[N][C]2=[C]([N]=[C]1[H])[C]([C]1=[C]([H])[C]([H])=[C]([Br])[C]([H])=[C]1[H])=[C]([H])[C]([N]([H])[C]1=[C]([H])[N]=[C]([H])[C]([H])=[C]1[S](=[O])(=[O])[C]([H])([H])[H])=[C]2[H],-1.9440046192997524
[H][C]1=[N][C]2=[C]([N]=[C]1[H])[C]([C]1=[C]([H])[C]([H])=[C]([H])[C]([O][C]([H])([H])[H])=[C]1[H])=[C]([H])[C]([N]([H])[C]1=[C]([H])[N]=[C]([H])[C]([H])=[C]1[S](=[O])(=[O])[C]([H])([H])[H])=[C]2[H],[H][C]1=[N][C]2=[C]([N]=[C]1[H])[C]([C]1=[C]([H])[C]([H])=[C]([H])[C]([N]([H])[H])=[C]1[H])=[C]([H])[C]([N]([H])[C]1=[C]([H])[N]=[C]([H])[C]([H])=[C]1[S](=[O])(=[O])[C]([H])([H])[H])=[C]2[H],1.320097705789987
[H][C]1=[N][C]2=[C]([H])[C]([N]([H])[C]3=[C]([H])[N]=[C]([H])[C]([H])=[C]3[S](=[O])(=[O])[C]([H])([H])[H])=[C]([H])[C]([C]3=[C]([H])[C]([F])=[C]4[C]([H])=[C]([H])[N]([C]([H])([H])[H])[C]4=[C]3[H])=[C]2[N]=[C]1[H],[H][C]1=[N][C]2=[C]([N]=[C]1[H])[C]([C]1=[C]([H])[C]([C]([H])([H])[H])=[C]3[C]([H])=[C]([H])[N]([C]([H])([H])[H])[C]3=[C]1[H])=[C]([H])[C]([N]([H])[C]1=[C]([H])[N]=[C]([H])[C]([H])=[C]1[S](=[O])(=[O])[C]([H])([H])[H])=[C]2[H],0.06984534014423538
[H][C]1=[N][C]2=[C]([H])[C]([N]([H])[C]3=[C]([S](=[O])(=[O])[C]([H])([H])[H])[C]([H])=[C]([H])[N]=[C]3[H])=[C]([H])[C]([C]3=[C]([H])[C]4=[C]([C]([H])=[C]3[H])[C]([H])=[C]([H])[N]4[C]([H])([H])[H])=[C]2[N]=[C]1[H],[H][C]1=[N][C]2=[C]([N]=[C]1[H])[C]([C]1=[C]([H])[C]([H])=[C]3[O][C]([H])=[C]([C]([H])([H])[H])[C]3=[C]1[H])=[C]([H])[C]([N]([H])[C]1=[C]([S](=[O])(=[O])[C]([H])([H])[H])[C]([H])=[C]([H])[N]=[C]1[H])=[C]2[H],-0.16527704766412832
[H][C]1=[N][C]2=[C]([N]=[C]1[H])[C]([C]1=[C]([H])[C]([H])=[C]3[C]([H])=[C]([H])[N]([C]([H])([H])[H])[C]3=[C]1[H])=[C]([H])[C]([N]([H])[C]1=[C]([H])[C]([H])=[C]([H])[C]([H])=[C]1[C]#[N])=[C]2[H],[H][C]1=[N][C]2=[C]([H])[C]([N]([H])[C]3=[C]([H])[N]=[C]([H])[C]([H])=[C]3[H])=[C]([H])[C]([C]3=[C]([H])[C]([H])=[C]4[C]([H])=[C]([H])[N]([C]([H])([H])[H])[C]4=[C]3[H])=[C]2[N]=[C]1[H],0.9562762399068587
[H][C]1=[N][C]2=[C]([H])[C]([N]([H])[C]3=[C]([H])[C]([H])=[C]([H])[C]([H])=[C]3[H])=[C]([H])[C]([C]3=[C]([H])[C]4=[C]([C]([H])=[C]3[H])[C]([H])=[C]([H])[N]4[C]([H])([H])[H])=[C]2[N]=[C]1[H],[H][C]1=[N][C]2=[C]([H])[C]([N]([H])[C]3=[C]([H])[N]=[C]([H])[C]([H])=[C]3[O][C]([H])([H])[H])=[C]([H])[C]([C]3=[C]([H])[C]([H])=[C]4[C]([H])=[C]([H])[N]([C]([H])([H])[H])[C]4=[C]3[H])=[C]2[N]=[C]1[H],-1.7331910853449433
[H][C]1=[N][C]2=[C]([N]=[C]1[H])[C]([C]1=[C]([H])[C]([H])=[C]3[C]([H])=[C]([H])[N]([C]([H])([F])[F])[C]3=[C]1[H])=[C]([H])[C]([N]([H])[C]1=[C]([H])[N]=[C]([H])[C]([H])=[C]1[S](=[O])(=[O])[C]([H])([H])[H])=[C]2[H],[H][C]1=[N][C]2=[C]([N]=[C]1[H])[C]([C]1=[C]([H])[C]([H])=[C]3[C]([H])=[C]([H])[N]([C]([H])([H])[C]([H])([H])[H])[C]3=[C]1[H])=[C]([H])[C]([N]([H])[C]1=[C]([H])[N]=[C]([H])[C]([H])=[C]1[S](=[O])(=[O])[C]([H])([H])[H])=[C]2[H],0.079184115826342
[H][C]1=[N][C]2=[C]([N]=[C]1[H])[C]([C]1=[C]([H])[C]([N]([C]([H])([H])[H])[C]([H])([H])[H])=[C]([H])[C]([H])=[C]1[H])=[C]([H])[C]([N]([H])[C]1=[C]([H])[N]=[C]([H])[C]([H])=[C]1[S](=[O])(=[O])[C]([H])([H])[H])=[C]2[H],[H][C]1=[N][C]2=[C]([N]=[C]1[H])[C]([C]1=[C]([H])[C]([H])=[C]([H])[C]([O][C]([H])([H])[H])=[C]1[H])=[C]([H])[C]([N]([H])[C]1=[C]([H])[N]=[C]([H])[C]([H])=[C]1[S](=[O])(=[O])[C]([H])([H])[H])=[C]2[H],0.24251786902500605
[H][C]1=[N][C]2=[C]([N]=[C]1[H])[C]([C]1=[C]([H])[C]([H])=[C]3[C]([H])=[C]([H])[N]([C]([H])([H])[H])[C]3=[C]1[H])=[C]([H])[C]([N]([H])[C]1=[C]([H])[N]=[C]([H])[C]([H])=[C]1[C](=[O])[N]([H])[C]1([H])[C]([H])([H])[C]([H])([H])[O][C]([H])([H])[C]1([H])[H])=[C]2[H],[H][C]1=[N][C]2=[C]([N]=[C]1[H])[C]([C]1=[C]([H])[C]([H])=[C]3[C]([H])=[C]([H])[N]([C]([H])([H])[H])[C]3=[C]1[H])=[C]([H])[C]([N]([H])[C]1=[C]([C](=[O])[N]([H])[H])[C]([H])=[C]([H])[N]=[C]1[H])=[C]2[H],0.024711908965537432
[H][C]1=[N][C]2=[C]([N]=[C]1[H])[C]([C]1=[C]([H])[C]([H])=[C]3[O][C]([H])([H])[C]([H])([H])[C]3=[C]1[H])=[C]([H])[C]([N]([H])[C]1=[C]([H])[N]=[C]([H])[C]([H])=[C]1[S](=[O])(=[O])[C]([H])([H])[H])=[C]2[H],[H][C]1=[N][C]2=[C]([N]=[C]1[H])[C]([C]1=[C]([H])[C]([H])=[C]([H])[C]([Br])=[C]1[H])=[C]([H])[C]([N]([H])[C]1=[C]([H])[N]=[C]([H])[C]([H])=[C]1[S](=[O])(=[O])[C]([H])([H])[H])=[C]2[H],1.1364760250614925
[H][C]1=[N][C]2=[C]([H])[C]([H])=[C]([C]3=[C]([H])[C]([N]([H])[C]4=[C]([S](=[O])(=[O])[C]([H])([H])[H])[C]([H])=[C]([H])[N]=[C]4[H])=[C]([H])[C]4=[C]3[N]=[C]([H])[C]([H])=[N]4)[C]([H])=[C]2[S]1,[H][C]1=[N][C]2=[C]([N]=[C]1[H])[C]([C]1=[C]([H])[C]3=[N][O][N]=[C]3[C]([H])=[C]1[H])=[C]([H])[C]([N]([H])[C]1=[C]([S](=[O])(=[O])[C]([H])([H])[H])[C]([H])=[C]([H])[N]=[C]1[H])=[C]2[H],1.7320447919871862
[H][C]1=[N][C]2=[C]([H])[C]([C]3=[C]([H])[C]([N]([H])[C]4=[C]([H])[N]=[C]([H])[C]([H])=[C]4[S](=[O])(=[O])[C]([H])([H])[H])=[C]([H])[C]4=[C]3[N]=[C]([H])[C]([H])=[N]4)=[C]([H])[C]([H])=[C]2[S]1,[H][C]1=[N][C]2=[C]([N]=[C]1[H])[C]([C]1=[C]([H])[C]3=[N][O][N]=[C]3[C]([H])=[C]1[H])=[C]([H])[C]([N]([H])[C]1=[C]([S](=[O])(=[O])[C]([H])([H])[H])[C]([H])=[C]([H])[N]=[C]1[H])=[C]2[H],1.7977203510127593
[H][C]1=[N][C]2=[C]([N]=[C]1[H])[C]([C]1=[C]([H])[C]([H])=[C]([H])[C]([S][C]([H])([H])[H])=[C]1[H])=[C]([H])[C]([N]([H])[C]1=[C]([H])[N]=[C]([H])[C]([H])=[C]1[S](=[O])(=[O])[C]([H])([H])[H])=[C]2[H],[H][C]1=[N][C]2=[C]([N]=[C]1[H])[C]([C]1=[C]([H])[C]([H])=[C]([H])[C]([N]([H])[H])=[C]1[H])=[C]([H])[C]([N]([H])[C]1=[C]([H])[N]=[C]([H])[C]([H])=[C]1[S](=[O])(=[O])[C]([H])([H])[H])=[C]2[H],1.270403652683875
[H][C]1=[N][C]2=[C]([N]=[C]1[H])[C]([C]1=[C]([H])[C]([H])=[C]3[S][C]([H])=[C]([C]([H])([H])[H])[C]3=[C]1[H])=[C]([H])[C]([N]([H])[C]1=[C]([S](=[O])(=[O])[C]([H])([H])[H])[C]([H])=[C]([H])[N]=[C]1[H])=[C]2[H],[H][C]1=[N][C]2=[C]([N]=[C]1[H])[C]([C]1=[C]([H])[C]([H])=[C]3[O][C]([H])=[C]([C]([H])([H])[H])[C]3=[C]1[H])=[C]([H])[C]([N]([H])[C]1=[C]([S](=[O])(=[O])[C]([H])([H])[H])[C]([H])=[C]([H])[N]=[C]1[H])=[C]2[H],0.41103627807204646
[H][C]1=[N][C]2=[C]([N]=[C]1[H])[C]([C]1=[C]([H])[C]([H])=[C]([H])[C]([Br])=[C]1[H])=[C]([H])[C]([N]([H])[C]1=[C]([H])[N]=[C]([H])[C]([H])=[C]1[S](=[O])(=[O])[C]([H])([H])[H])=[C]2[H],[H][C]1=[N][C]2=[C]([N]=[C]1[H])[C]([C]1=[C]([H])[C]([H])=[C]([Br])[C]([H])=[C]1[H])=[C]([H])[C]([N]([H])[C]1=[C]([H])[N]=[C]([H])[C]([H])=[C]1[S](=[O])(=[O])[C]([H])([H])[H])=[C]2[H],-1.9527061694148813
[H][C]1=[N][C]2=[C]([N]=[C]1[H])[C]([C]1=[C]([H])[C]([H])=[C]([H])[C]([O][C]([F])([F])[F])=[C]1[H])=[C]([H])[C]([N]([H])[C]1=[C]([H])[N]=[C]([H])[C]([H])=[C]1[S](=[O])(=[O])[C]([H])([H])[H])=[C]2[H],[H][C]1=[N][C]2=[C]([N]=[C]1[H])[C]([C]1=[C]([H])[C]([H])=[C]([H])[C]([S][C]([H])([H])[H])=[C]1[H])=[C]([H])[C]([N]([H])[C]1=[C]([H])[N]=[C]([H])[C]([H])=[C]1[S](=[O])(=[O])[C]([H])([H])[H])=[C]2[H],-1.0800479056691445
[H][C]1=[N][C]2=[C]([N]=[C]1[H])[C]([C]1=[C]([H])[C]([H])=[C]3[C]([H])=[C]([H])[N]([C]([H])([H])[H])[C]3=[C]1[H])=[C]([H])[C]([N]([H])[C]1=[C]([H])[C]([H])=[C]([H])[C]([H])=[C]1[C]#[N])=[C]2[H],[H][C]1=[N][C]2=[C]([H])[C]([N]([H])[C]3=[C]([C]#[N])[C]([H])=[C]([H])[N]=[C]3[H])=[C]([H])[C]([C]3=[C]([H])[C]([H])=[C]4[C]([H])=[C]([H])[N]([C]([H])([H])[H])[C]4=[C]3[H])=[C]2[N]=[C]1[H],0.26321579295854924
