CHEMBL90164,CCCOc1ccc(S(=O)(=O)N(CC)CCN(C)C)cc1-c1nc2c(=O)n(C)c(=O)n(CC(C)C)c2[nH]1
CHEMBL87901,CCCOc1ccccc1-c1nc2c(=O)n(C)c(=O)n(CC(C)C)c2[nH]1
CHEMBL313197,CCCOc1ccc(S(=O)(=O)N2CCN(CCN(C)C)CC2)cc1-c1nc2c(=O)n(C)c(=O)n(CC(C)C)c2[nH]1
CHEMBL86578,CC(C)COc1ccc(S(=O)(=O)N2CCN(C)CC2)cc1-c1nc2c(=O)n(C)c(=O)n(CC(C)C)c2[nH]1
CHEMBL313561,CCCCCCn1c(=O)n(C)c(=O)c2[nH]c(-c3cc(S(=O)(=O)N4CCN(C)CC4)ccc3OCC)nc21
CHEMBL87202,CCCOc1ccc(S(=O)(=O)N2CCN(C)CC2)cc1-c1nc2c(=O)n(C)c(=O)n(CC(C)C)c2[nH]1
CHEMBL87954,CCCCOc1ccccc1-c1nc2c(=O)n(C)c(=O)n(CC(C)C)c2[nH]1
CHEMBL327772,CCCOc1ccc(S(=O)(=O)N2CCN(C(=O)N(C)C)CC2)cc1-c1nc2c(=O)n(C)c(=O)n(CC(C)C)c2[nH]1
CHEMBL433418,CCCOc1ccc(S(N)(=O)=O)cc1-c1nc2c(=O)n(C)c(=O)n(CC(C)C)c2[nH]1
CHEMBL86743,CCOc1ccc(S(=O)(=O)N2CCN(C)CC2)cc1-c1nc2c(=O)n(C)c(=O)n(CC(C)(C)C)c2[nH]1
CHEMBL314981,CCOc1ccc(S(=O)(=O)N2CCN(C)CC2)cc1-c1nc2c(=O)[nH]c(=O)n(CC(C)C)c2[nH]1
CHEMBL87304,CCOc1ccc(S(=O)(=O)N2CCN(C)CC2)cc1-c1nc2c(=O)n(C)c(=O)n(CC3CC3)c2[nH]1
CHEMBL89670,CCCOc1ccc(S(=O)(=O)N2CCN(CCOC)CC2)cc1-c1nc2c(=O)n(C)c(=O)n(CC(C)C)c2[nH]1
CHEMBL85350,CCOc1ccc(S(=O)(=O)N2CCN(C)CC2)cc1-c1nc2c(=O)n(C)c(=O)n(CC(C)C)c2[nH]1
CHEMBL86673,CCOc1ccc(S(=O)(=O)N2CCN(CCN(C)C)CC2)cc1-c1nc2c(=O)n(C)c(=O)n(CC(C)C)c2[nH]1
CHEMBL89151,CCOc1ccc(S(=O)(=O)N2CCN(CC)CC2)cc1-c1nc2c(=O)n(C)c(=O)n(CC(C)C)c2[nH]1
CHEMBL84731,CCOc1ccc(S(=O)(=O)N2CCN(C)CC2)cc1-c1nc2c(=O)n(C)c(=O)n(Cc3ccc(OC)cc3)c2[nH]1
CHEMBL89248,CCOc1ccc(S(=O)(=O)N2CCN(C)CC2)cc1-c1nc2c(=O)n(C)c(=O)n(CC(C)CC)c2[nH]1
CHEMBL314667,CC(C)Cn1c(=O)n(C)c(=O)c2[nH]c(-c3ccccc3OC(C)C)nc21
CHEMBL316372,CC(C)COc1ccccc1-c1nc2c(=O)n(C)c(=O)n(CC(C)C)c2[nH]1
CHEMBL314849,CCCOc1ccc(S(=O)(=O)N2CCN(CCO)CC2)cc1-c1nc2c(=O)n(C)c(=O)n(CC(C)C)c2[nH]1
CHEMBL87202,CCCOc1ccc(S(=O)(=O)N2CCN(C)CC2)cc1-c1nc2c(=O)n(C)c(=O)n(CC(C)C)c2[nH]1
CHEMBL89239,CCCOc1ccc(S(=O)(=O)N(C)CCN(C)C)cc1-c1nc2c(=O)n(C)c(=O)n(CC(C)C)c2[nH]1
CHEMBL314891,CCOc1ccc(S(=O)(=O)N2CCN(CCO)CC2)cc1-c1nc2c(=O)n(C)c(=O)n(CC(C)C)c2[nH]1
CHEMBL313482,CCOc1ccc(S(=O)(=O)N2CCN(C)CC2)cc1-c1nc2c(=O)n(C)c(=O)n(CC3CCCCC3)c2[nH]1
CHEMBL86602,C=CCCn1c(=O)n(C)c(=O)c2nc(-c3cc(S(=O)(=O)N4CCN(C)CC4)ccc3OCC)[nH]c21
CHEMBL410057,CCOc1ccccc1-c1nc2c(=O)n(C)c(=O)n(CC(C)C)c2[nH]1
CHEMBL86785,CC(C)Cn1c(=O)n(C)c(=O)c2[nH]c(-c3cc(S(=O)(=O)N4CCN(C)CC4)ccc3OC(C)C)nc21
CHEMBL86512,CCCOc1ccc(S(=O)(=O)N2CCC(CCO)CC2)cc1-c1nc2c(=O)n(C)c(=O)n(CC(C)C)c2[nH]1
CHEMBL315477,CCCOc1ccc(S(=O)(=O)N2CCN(CC)CC2)cc1-c1nc2c(=O)n(C)c(=O)n(CC(C)C)c2[nH]1
CHEMBL87777,CCCn1c(=O)n(C)c(=O)c2[nH]c(-c3cc(S(=O)(=O)N4CCN(C)CC4)ccc3OCC)nc21
CHEMBL142238,COc1ccc(S(=O)(=O)n2c(N)nc3c2c(=O)n(CC2CC2)c(=O)n3CC2CC2)cc1OC
CHEMBL144400,COc1ccc(Cn2c(N)nc3c2c(=O)n(CC2CC2)c(=O)n3CC2CC2)cc1
CHEMBL144196,COc1ccc(Cn2c(/N=C3/CCCN3C)nc3c2c(=O)n(CC2CC2)c(=O)n3CC2CC2)cc1
CHEMBL423559,COc1ccc(Cn2c(/N=C/N(C)C)nc3c2c(=O)n(CC2CC2)c(=O)n3CC2CC2)cc1
CHEMBL541818,COC(=O)c1c(-c2cc(OC)c(C)c(OC)c2)c2ccc(OCc3ccccn3)cc2c(=O)n1-c1ccc(N)cc1.Cl.Cl
CHEMBL540539,COC(=O)c1c(-c2cc(OC)c(OC)c(OC)c2)c2ccc(OCc3ccccc3)cc2c(=O)n1-c1ccc(N)cc1.Cl
CHEMBL553371,COC(=O)c1c(-c2cc(OC)c(OC)c(OC)c2)c2ccc(OCc3ccccn3)cc2c(=O)n1-c1ccc(N)cc1.Cl.Cl
CHEMBL544289,COC(=O)c1c(-c2cc(OC)c(OC)c(OC)c2)c2ccc(OCc3cccnc3)cc2c(=O)n1-c1ccc(N)cc1.Cl.Cl
CHEMBL192,CCCc1nn(C)c2c(=O)[nH]c(-c3cc(S(=O)(=O)N4CCN(C)CC4)ccc3OCC)nc12
CHEMBL538498,COC(=O)c1c(-c2cc(OC)c(Br)c(OC)c2)c2ccc(OCc3ccccn3)cc2c(=O)n1-c1ccc(N)cc1.Cl.Cl
CHEMBL553786,COC(=O)c1c(-c2cc(OC)c(OC)c(OC)c2)c2ccc(OCc3ccncc3)cc2c(=O)n1-c1ccc(N)cc1.Cl.Cl
CHEMBL115152,COc1ccc(CNc2nnc(Cl)c3ccc(Cl)cc23)cc1Cl
CHEMBL334291,COc1ccc(CNc2nnc(Cl)c3ccc([N+](=O)[O-])cc23)cc1Cl
CHEMBL25616,O=C([O-])C1CCN(c2nc(NCc3ccc4c(c3)OCO4)c3cc(Cl)ccc3n2)CC1.[Na+]
CHEMBL114145,COc1ccc(CNc2nnc(Cl)c3ccc(C(F)(F)F)cc23)cc1Cl
CHEMBL115936,COc1ccc(CNc2nnc(Cl)c3cc(C#N)ccc23)cc1Cl
CHEMBL116276,O=[N+]([O-])c1ccc2c(Cl)nnc(NCc3ccc4c(c3)OCO4)c2c1
CHEMBL419215,N#Cc1ccc2c(Cl)nnc(NCc3ccc4c(c3)OCO4)c2c1
CHEMBL113667,COc1ccc(C(C)Nc2nnc(Cl)c3ccc(C#N)cc23)cc1Cl
CHEMBL324363,COc1ccc(CNc2nnc(Cl)c3ccc(C#N)cc23)cc1
CHEMBL112699,CCOc1ccc(CNc2nnc(Cl)c3ccc(C#N)cc23)cc1Cl
CHEMBL115732,COc1ccc(CNc2nnc(Cl)c3ccc(C#N)cc23)cc1Cl
CHEMBL342922,O=C(c1ccc(-c2ccsc2)o1)N1Cc2c(nc3ccccc3c2O)C1c1ccc2c(c1)OCO2
CHEMBL131892,COc1ccc(-c2cnc(N3Cc4c(nc5ccccc5c4O)C3c3ccc4c(c3)OCCO4)nc2)cc1
CHEMBL192,CCCc1nn(C)c2c(=O)[nH]c(-c3cc(S(=O)(=O)N4CCN(C)CC4)ccc3OCC)nc12
CHEMBL131718,COc1ccc(-c2cnc(N3Cc4c(nc5ccccc5c4O)C3c3ccc4c(c3)OCO4)nc2)cc1
CHEMBL336291,COc1ccc(-c2cnc(N3Cc4c(nc5ccccc5c4O)C3c3ccc4c(c3)CCC4)nc2)cc1OC
CHEMBL344152,O=C(c1ccc(-c2cccc(C(F)(F)F)c2)o1)N1Cc2c(nc3ccccc3c2O)C1c1ccc2c(c1)OCO2
CHEMBL335784,O=C(c1ccc(-c2ccc(O)cc2)o1)N1Cc2c(nc3ccccc3c2O)C1c1ccc2c(c1)OCO2
CHEMBL342197,CN1CCN(C(=O)c2ccc(-c3ccc(C(=O)N4Cc5c(nc6ccccc6c5O)C4c4ccc5c(c4)CCO5)o3)cc2)CC1
CHEMBL336003,O=C(c1cc2ccc(O)cc2o1)N1Cc2c(nc3ccccc3c2O)C1c1ccc2c(c1)OCO2
CHEMBL343345,O=Cc1ccc(-c2ccc(C(=O)N3Cc4c(nc5ccccc5c4O)C3c3ccc4c(c3)OCO4)o2)cc1
CHEMBL422100,O=C(c1ccc(-c2cccc([N+](=O)[O-])c2)o1)N1Cc2c(nc3ccccc3c2O)C1c1ccc2c(c1)OCO2
CHEMBL136521,O=C(O)c1ccc(-c2ccc(C(=O)N3Cc4c(nc5ccccc5c4O)C3c3ccc4c(c3)OCO4)o2)cc1
CHEMBL138949,O=C(c1ccc(-c2ccncc2)o1)N1Cc2c(nc3ccccc3c2O)C1c1ccc2c(c1)OCO2
CHEMBL344366,O=C(c1ccccc1)N1Cc2c(nc3ccccc3c2O)C1c1ccc2c(c1)OCO2
CHEMBL132689,Oc1c2c(nc3ccccc13)C(c1ccc3c(c1)CCO3)N(c1ncccn1)C2
CHEMBL423177,O=C(c1ccc(Br)o1)N1Cc2c(nc3ccccc3c2O)C1c1ccc2c(c1)OCO2
CHEMBL133285,COc1ccc(-c2cnc(N3CC(=O)c4c([nH]c5ccccc45)C3c3ccc4c(c3)OCO4)nc2)cc1OC
CHEMBL192,CCCc1nn(C)c2c(=O)[nH]c(-c3cc(S(=O)(=O)N4CCN(C)CC4)ccc3OCC)nc12
CHEMBL136498,O=C(c1cc2ccc(O)cc2o1)N1Cc2c(nc3ccccc3c2O)C1c1ccc2c(c1)CCO2
CHEMBL131541,Oc1ccc(-c2cnc(N3Cc4c(nc5ccccc5c4O)C3c3ccc4c(c3)CCO4)nc2)cc1
CHEMBL138799,O=C(c1cccnc1)N1Cc2c(nc3ccccc3c2O)C1c1ccc2c(c1)OCO2
CHEMBL337804,O=C(c1ccc(-c2ccco2)o1)N1Cc2c(nc3ccccc3c2O)C1c1ccc2c(c1)OCO2
CHEMBL337560,N#Cc1ccc(-c2ccc(C(=O)N3Cc4c(nc5ccccc5c4O)C3c3ccc4c(c3)OCO4)o2)cc1
CHEMBL344431,O=C(c1ccc(-c2ccc(CO)cc2)o1)N1Cc2c(nc3ccccc3c2O)C1c1ccc2c(c1)OCO2
CHEMBL130721,COc1ccc(-c2cnc(N3Cc4c(nc5ccccc5c4O)[C@H]3c3ccc4c(c3)CCO4)nc2)cc1
CHEMBL424280,O=C(c1ccc(-c2ccc([N+](=O)[O-])cc2)o1)N1Cc2c(nc3ccccc3c2O)C1c1ccc2c(c1)OCO2
CHEMBL334903,CN1CCN(C(=O)c2ccc(-c3ccc(C(=O)N4Cc5c(nc6ccccc6c5O)C4c4ccc5c(c4)OCO5)o3)cc2)CC1
CHEMBL341092,Oc1c2c(nc3ccccc13)C(c1ccc3c(c1)OCO3)N(c1ncccn1)C2
CHEMBL142030,COC(=O)c1ccc(-c2ccc(C(=O)N3Cc4c(nc5ccccc5c4O)C3c3ccc4c(c3)OCO4)o2)cc1
CHEMBL130811,COc1ccc(-c2cnc(N3Cc4c(nc5ccccc5c4O)C3c3ccc4c(c3)CCO4)nc2)cc1
CHEMBL334903,CN1CCN(C(=O)c2ccc(-c3ccc(C(=O)N4Cc5c(nc6ccccc6c5O)C4c4ccc5c(c4)OCO5)o3)cc2)CC1
CHEMBL280439,CCN(CC)CCOc1ccc(-c2cnc(N3Cc4c(nc5ccccc5c4O)C3c3ccc4c(c3)CCO4)nc2)cc1
CHEMBL343596,O=C(c1ccc(-c2cccc(CO)c2)o1)N1Cc2c(nc3ccccc3c2O)C1c1ccc2c(c1)OCO2
CHEMBL342159,CS(=O)(=O)Nc1ccc(-c2ccc(C(=O)N3Cc4c(nc5ccccc5c4O)C3c3ccc4c(c3)OCO4)o2)cc1
CHEMBL342404,O=C(c1ccc(-c2ccc(OCCN3CCCC3)cc2)o1)N1Cc2c(nc3ccccc3c2O)C1c1ccc2c(c1)OCO2
CHEMBL1744059,COc1ccc(-c2cnc(N3Cc4c(nc5ccccc5c4O)[C@H]3c3ccc4c(c3)OCO4)nc2)cc1OC
CHEMBL133687,Oc1c2c(nc3ccccc13)C(c1ccc3c(c1)CCO3)N(c1ncc(-c3ccc(OCCN4CCOCC4)cc3)cn1)C2
CHEMBL335090,CN(C)c1ccc(-c2ccc(C(=O)N3Cc4c(nc5ccccc5c4O)C3c3ccc4c(c3)OCO4)o2)cc1
CHEMBL336815,COc1ccc(-c2cnc(N3Cc4c(nc5ccccc5c4O)C3c3ccc4c(c3)CCO4)nc2)cc1OC
CHEMBL138511,COc1ccc(-c2ccc(C(=O)N3Cc4c(nc5ccccc5c4O)C3c3ccc4c(c3)OCO4)o2)cc1
CHEMBL336921,O=C(c1ccc(-c2ccccc2)o1)N1Cc2c(nc3ccccc3c2O)C1c1ccc2c(c1)OCO2
CHEMBL139785,O=C(c1ccc(-c2cccnc2)o1)N1Cc2c(nc3ccccc3c2O)C1c1ccc2c(c1)OCO2
CHEMBL423180,O=C(c1ccc(-c2cccnc2)o1)N1Cc2c(nc3ccccc3c2O)C1c1ccc2c(c1)CCO2
CHEMBL337782,Cc1ccc(-c2ccc(C(=O)N3Cc4c(nc5ccccc5c4O)C3c3ccc4c(c3)OCO4)o2)cc1
CHEMBL130612,COc1ccc(-c2cnc(N3Cc4c(nc5ccccc5c4O)C3c3ccc(OC)c(OC)c3)nc2)cc1OC
CHEMBL164755,O=C(c1ccc(-c2cccc(C(F)(F)F)c2)o1)N1CCc2c([nH]c3ccccc23)C1c1ccc2c(c1)OCO2
CHEMBL350515,O=C(c1ccc(-c2ccc(Cl)cc2)o1)N1CCc2c([nH]c3ccccc23)C1c1ccc2c(c1)OCO2
CHEMBL347047,O=C(O)CCCC(=O)Nc1cccc(-c2ccc(C(=O)N3CCc4c([nH]c5ccccc45)C3c3ccc4c(c3)OCO4)o2)c1
CHEMBL418594,O=C1[C@H]2Cc3c([nH]c4ccccc34)[C@@H](c3ccc4c(c3)OCO4)N2C(=O)CN1[C@@H]1CCN(CCc2ncc[nH]2)C1
CHEMBL284594,CN(C)CCN1CC(=O)N2[C@H](c3ccc4c(c3)OCO4)c3[nH]c4ccccc4c3C[C@@H]2C1=O
CHEMBL33518,O=C1[C@H]2Cc3c([nH]c4ccccc34)[C@@H](c3ccc4c(c3)OCO4)N2C(=O)CN1[C@@H]1CCN(CCc2cccnc2)C1
CHEMBL282515,Cn1ccnc1CCN1CC[C@@H](N2CC(=O)N3[C@H](c4ccc5c(c4)OCO5)c4[nH]c5ccccc5c4C[C@@H]3C2=O)C1
CHEMBL349359,O=C(c1ccc(-c2ccccn2)o1)N1CCc2c([nH]c3ccccc23)C1c1ccc2c(c1)CCO2
CHEMBL422389,O=C(c1ccc(-c2ccc(Cl)cc2[N+](=O)[O-])o1)N1CCc2c([nH]c3ccccc23)C1c1ccc2c(c1)OCO2
CHEMBL286905,O=C1[C@H]2Cc3c([nH]c4ccccc34)[C@@H](c3ccc4c(c3)OCO4)N2C(=O)CN1C1CCN(Cc2ccccc2)CC1
CHEMBL34802,COCCCN1CC[C@@H](N2CC(=O)N3[C@H](c4ccc5c(c4)OCO5)c4[nH]c5ccccc5c4C[C@@H]3C2=O)C1
CHEMBL286309,O=C(CCN1CC[C@@H](N2CC(=O)N3[C@H](c4ccc5c(c4)OCO5)c4[nH]c5ccccc5c4C[C@@H]3C2=O)C1)N1CCC1
CHEMBL284535,COc1ccc([C@@H]2c3[nH]c4ccccc4c3C[C@@H]3C(=O)N([C@@H]4CCN(Cc5ccccc5)C4)CC(=O)N23)cc1C
CHEMBL349204,CC(=O)Nc1ccc(-c2ccc(C(=O)N3CCc4c([nH]c5ccccc45)C3c3ccc4c(c3)OCO4)o2)cc1
CHEMBL350187,COc1ccc(-c2cnc(N3CC(=O)c4c([nH]c5ccccc45)C3c3ccc4c(c3)OCO4)nc2)cc1
CHEMBL34169,O=C1[C@H]2Cc3c([nH]c4ccccc34)[C@@H](c3ccc(O)nc3)N2C(=O)CN1[C@@H]1CCN(Cc2ccccc2)C1
CHEMBL163712,O=C(c1ccc(-c2ccccc2[N+](=O)[O-])o1)N1CCc2c([nH]c3ccccc23)C1c1ccc2c(c1)OCO2
CHEMBL164906,COc1ccc(-c2cnc(N3CCc4c([nH]c5ccccc45)C3c3ccc4c(c3)OCO4)nc2)cc1
CHEMBL32255,O=C1[C@H]2Cc3c([nH]c4ccccc34)[C@@H](c3ccc4c(c3)OCO4)N2C(=O)CN1[C@@H]1CCN(Cc2ccccc2)C1
CHEMBL33944,O=C1[C@H]2Cc3c([nH]c4ccccc34)[C@@H](c3ccc4c(c3)OCO4)N2C(=O)CN1[C@@H]1CCN(CCC2CC2)C1
CHEMBL165117,Nc1ccc(-c2ccc(C(=O)N3CCc4c([nH]c5ccccc45)C3c3ccc4c(c3)OCO4)o2)cc1
CHEMBL285737,CCNC(=O)CCN1CC[C@@H](N2CC(=O)N3[C@H](c4ccc5c(c4)OCO5)c4[nH]c5ccccc5c4C[C@@H]3C2=O)C1
CHEMBL34276,COc1ccc([C@@H]2c3[nH]c4ccccc4c3C[C@@H]3C(=O)N([C@@H]4CCN(Cc5ccccc5)C4)CC(=O)N23)cc1
CHEMBL163890,Oc1ccc(-c2cnc(N3CCc4c([nH]c5ccccc45)C3c3ccc4c(c3)CCO4)nc2)cc1
CHEMBL192,CCCc1nn(C)c2c(=O)[nH]c(-c3cc(S(=O)(=O)N4CCN(C)CC4)ccc3OCC)nc12
CHEMBL423088,COc1ccc(-c2cnc(N3CCc4c([nH]c5ccccc45)C3c3ccc4c(c3)CCO4)nc2)cc1
CHEMBL284258,CCCN1CC[C@@H](N2CC(=O)N3[C@H](c4ccc5c(c4)OCO5)c4[nH]c5ccccc5c4C[C@@H]3C2=O)C1
CHEMBL282515,Cn1ccnc1CCN1CC[C@@H](N2CC(=O)N3[C@H](c4ccc5c(c4)OCO5)c4[nH]c5ccccc5c4C[C@@H]3C2=O)C1
CHEMBL284627,CN(C)CC(=O)CN1CC[C@@H](N2CC(=O)N3[C@H](c4ccc5c(c4)OCO5)c4[nH]c5ccccc5c4C[C@@H]3C2=O)C1
CHEMBL164906,COc1ccc(-c2cnc(N3CCc4c([nH]c5ccccc45)C3c3ccc4c(c3)OCO4)nc2)cc1
CHEMBL433708,CN1CCN(C(=O)c2ccc(-c3ccc(C(=O)N4CCc5c([nH]c6ccccc56)C4c4ccc5c(c4)CCO5)o3)cc2)CC1
CHEMBL163905,c1ccc(-c2ccc(N3CCc4c([nH]c5ccccc45)C3c3ccc4c(c3)CCO4)nc2)nc1
CHEMBL284719,O=C1[C@H]2Cc3c([nH]c4ccccc34)[C@@H](c3ccc4c(c3)OCO4)N2C(=O)CN1C1CN(Cc2ccccc2)C1
CHEMBL349947,COc1ccc(-c2cnc(N3CCc4c([nH]c5ccccc45)C3c3ccc4c(c3)OCO4)nc2)cc1OC
CHEMBL165168,CS(=O)(=O)c1ccc(-c2cnc(N3CCc4c([nH]c5ccccc45)C3c3ccc4c(c3)OCO4)nc2)c([N+](=O)[O-])c1
CHEMBL351744,Cc1ncc(-c2cnc(N3CCc4c([nH]c5ccccc45)C3c3ccc4c(c3)CCO4)nc2)n1C
CHEMBL284070,O=C1[C@H]2Cc3c([nH]c4ccccc34)[C@@H](c3ccc4c(c3)OCO4)N2C(=O)CN1[C@@H]1CCN(CCc2ccccn2)C1
CHEMBL284560,COc1cccc([C@@H]2c3[nH]c4ccccc4c3C[C@@H]3C(=O)N([C@@H]4CCN(Cc5ccccc5)C4)CC(=O)N23)c1
CHEMBL30936,O=C1[C@H]2Cc3c([nH]c4ccccc34)[C@@H](c3ccc4c(c3)OCO4)N2C(=O)CN1CCN1CCOCC1
CHEMBL284059,O=C1[C@H]2Cc3c([nH]c4ccccc34)[C@@H](c3ccc4c(c3)OCO4)N2C(=O)CN1[C@H]1CCN(Cc2ccccc2)C1
CHEMBL33381,CCCCCN1CC[C@@H](N2CC(=O)N3[C@H](c4ccc5c(c4)OCO5)c4[nH]c5ccccc5c4C[C@@H]3C2=O)C1
CHEMBL423088,COc1ccc(-c2cnc(N3CCc4c([nH]c5ccccc45)C3c3ccc4c(c3)CCO4)nc2)cc1
CHEMBL34628,C=CCCN1CC[C@@H](N2CC(=O)N3[C@H](c4ccc5c(c4)OCO5)c4[nH]c5ccccc5c4C[C@@H]3C2=O)C1
CHEMBL34744,Cc1ccc([C@@H]2c3[nH]c4ccccc4c3C[C@@H]3C(=O)N([C@@H]4CCN(Cc5ccccc5)C4)CC(=O)N23)cc1
CHEMBL166025,O=C(c1ccc(-c2ccc([N+](=O)[O-])cc2)o1)N1CCc2c([nH]c3ccccc23)C1c1ccc2c(c1)OCO2
CHEMBL779,CN1CC(=O)N2[C@H](c3ccc4c(c3)OCO4)c3[nH]c4ccccc4c3C[C@@H]2C1=O
CHEMBL350962,Nc1cccc(-c2ccc(C(=O)N3CCc4c([nH]c5ccccc45)C3c3ccc4c(c3)OCO4)o2)c1
CHEMBL446433,Clc1ccc(-c2cnc(N3CCc4c([nH]c5ccccc45)C3c3ccc4c(c3)OCO4)nc2)cc1
CHEMBL33627,CN(C)C(=O)CCN1CC[C@@H](N2CC(=O)N3[C@H](c4ccc5c(c4)OCO5)c4[nH]c5ccccc5c4C[C@@H]3C2=O)C1
CHEMBL33147,NC(=O)CCN1CC[C@@H](N2CC(=O)N3[C@H](c4ccc5c(c4)OCO5)c4[nH]c5ccccc5c4C[C@@H]3C2=O)C1
CHEMBL166018,CC(=O)Nc1cccc(-c2ccc(C(=O)N3CCc4c([nH]c5ccccc45)C3c3ccc4c(c3)OCO4)o2)c1
CHEMBL133285,COc1ccc(-c2cnc(N3CC(=O)c4c([nH]c5ccccc45)C3c3ccc4c(c3)OCO4)nc2)cc1OC
CHEMBL33121,O=C1[C@H]2Cc3c([nH]c4ccccc34)[C@@H](c3ccc4c(c3)OCO4)N2C(=O)CN1[C@@H]1CCN(CCc2cnccn2)C1
CHEMBL354251,O=C(O)CCCC(=O)Nc1ccc(-c2ccc(C(=O)N3CCc4c([nH]c5ccccc45)C3c3ccc4c(c3)OCO4)o2)cc1
CHEMBL164181,O=C(c1ccc(-c2cccc([N+](=O)[O-])c2)o1)N1CCc2c([nH]c3ccccc23)C1c1ccc2c(c1)OCO2
CHEMBL164173,O=C(c1ccc(-c2ccc(Cl)cc2[N+](=O)[O-])o1)N1CCc2c([nH]c3ccccc23)[C@H]1c1ccc2c(c1)OCO2
CHEMBL349947,COc1ccc(-c2cnc(N3CCc4c([nH]c5ccccc45)C3c3ccc4c(c3)OCO4)nc2)cc1OC
CHEMBL284560,COc1cccc([C@@H]2c3[nH]c4ccccc4c3C[C@@H]3C(=O)N([C@@H]4CCN(Cc5ccccc5)C4)CC(=O)N23)c1
CHEMBL322272,CCn1c(=O)c2c(nc(NC3CCCCC3)n2Cc2cccc(O)c2)n(CC)c1=O
CHEMBL541830,COc1ccc(CNc2nnc(N3CCC(O)CC3)c3ccc(C(N)=O)cc23)cc1Cl.Cl
CHEMBL323746,CCn1c(=O)c2c(nc(NC3CCCCC3)n2Cc2cccc(OC)c2)n(CC)c1=O
CHEMBL553075,COc1ccc(CNc2nnc(N3CCC(=O)CC3)c3ccc(C#N)cc23)cc1Cl.Cl
CHEMBL440705,CCn1c(=O)c2c(nc(NC3CCCCC3)n2Cc2ccccc2)n(CC)c1=O
CHEMBL321764,CCn1c(=O)c2c(nc(NC3CCCCC3)n2Cc2ccc3c(c2)OCO3)n(CC)c1=O
CHEMBL557200,COc1ccc(CNc2nnc(N3CCC(O)CC3)c3cc(Cl)c(Cl)cc23)cc1Cl.Cl
CHEMBL106447,CCn1c(=O)c2c(nc(NC3CCCC3)n2Cc2ccc(O)c(Cl)c2)n(CC)c1=O
CHEMBL544548,COc1ccc(CNc2nnc(N3CCCC(O)C3)c3ccc(C#N)cc23)cc1Cl.Cl
CHEMBL544305,COc1ccc(CNc2nnc(N3CCC(C(N)=O)CC3)c3ccc(C#N)cc23)cc1Cl.Cl
CHEMBL106205,CCn1c(=O)c2c(nc(NC3CCCCC3)n2Cc2ccc(OC)c(C)c2)n(CC)c1=O
CHEMBL1737,CCCc1nn(C)c2c(=O)[nH]c(-c3cc(S(=O)(=O)N4CCN(C)CC4)ccc3OCC)nc12.O=C(O)CC(O)(CC(=O)O)C(=O)O
CHEMBL110595,CCn1c(=O)c2c(nc(NC3CCCC3)n2Cc2ccc(OC)c(Cl)c2)n(CC)c1=O
CHEMBL554459,COc1ccc(CNc2nnc(N3CCC(C(=O)O)CC3)c3ccc(C#N)cc23)cc1Cl.Cl
CHEMBL325323,CCn1c(=O)c2c(nc(NC3CCCCC3)n2Cc2ccc(OC)c(Br)c2)n(CC)c1=O
CHEMBL545472,COc1ccc(CNc2nnc(N3CCSCC3)c3ccc(C#N)cc23)cc1Cl.Cl
CHEMBL553960,COc1ccc(CNc2nnc(N3CCCCC3)c3ccc(C#N)cc23)cc1Cl.Cl
CHEMBL554047,COc1ccc(CNc2nnc(N3CCNCC3)c3ccc(C#N)cc23)cc1Cl.Cl
CHEMBL543130,COc1ccc(CNc2nnc(N3CCC(OC)CC3)c3ccc(C#N)cc23)cc1Cl.Cl
CHEMBL544540,COc1ccc(CNc2nnc(N3CCC(NS(C)(=O)=O)CC3)c3ccc(C#N)cc23)cc1Cl.Cl
CHEMBL553076,COc1ccc(CNc2nnc(N3CC=CCC3)c3ccc(C#N)cc23)cc1Cl.Cl
CHEMBL25616,O=C([O-])C1CCN(c2nc(NCc3ccc4c(c3)OCO4)c3cc(Cl)ccc3n2)CC1.[Na+]
CHEMBL545243,COc1ccc(CNc2nnc(N3CCC(O)CC3)c3ccc(C(F)(F)F)cc23)cc1Cl.Cl
CHEMBL325777,CCn1c(=O)c2c(nc(NC3CCCC3)n2Cc2ccc(OC)cc2)n(CC)c1=O
CHEMBL542166,COc1ccc(CNc2nnc(N3CCC(O)CC3)c3ccc([N+](=O)[O-])cc23)cc1Cl.Cl
CHEMBL106480,CCn1c(=O)c2c(nc(NC3CCCC3)n2Cc2ccc(O)cc2)n(CC)c1=O
CHEMBL545012,COc1ccc(CNc2nnc(N3CC[S+]([O-])CC3)c3ccc(C#N)cc23)cc1Cl.Cl
CHEMBL539789,COc1ccc(CNc2nnc(N3CCC(O)CC3)c3ccc(Cl)cc23)cc1Cl.Cl
CHEMBL324645,CCn1c(=O)c2c(nc(NC3CCCC3)n2Cc2ccc(O)c(F)c2)n(CC)c1=O
CHEMBL545712,COc1ccc(CNc2nnc(N3CCC(O)CC3)c3ccc(C#N)cc23)cc1Cl.Cl
CHEMBL545242,COc1ccc(CNc2nnc(Cl)c3ccc(C#N)cc23)cc1Cl.Cl
CHEMBL552689,COc1ccc(CNc2nnc(NCc3ccncc3)c3ccc(C#N)cc23)cc1Cl.Cl
CHEMBL316819,CCn1c(=O)c2c(nc(NC3CCCCC3)n2Cc2ccc(OC)cc2)n(CC)c1=O
CHEMBL106180,CCn1c(=O)c2c(nc(NC3CCCCC3)n2Cc2ccc(OC)c(Cl)c2)n(CC)c1=O
CHEMBL545715,COc1ccc(CNc2nnc(N3CCC(CCO)CC3)c3ccc(C#N)cc23)cc1Cl.Cl
CHEMBL542418,COc1ccc(CNc2nnc(N3CCC(C)(O)CC3)c3ccc(C#N)cc23)cc1Cl.Cl
CHEMBL544310,COc1ccc(CNc2nnc(NCc3ccccn3)c3ccc(C#N)cc23)cc1Cl.Cl
CHEMBL553348,COc1ccc(CNc2nnc(N3CCC(CO)CC3)c3ccc(C#N)cc23)cc1Cl.Cl
CHEMBL545476,COc1ccc(CNc2nnc(-n3ccnc3)c3ccc(C#N)cc23)cc1Cl.Cl
CHEMBL540044,COc1ccc(CNc2nnc(N3CCN(CCO)CC3)c3ccc(C#N)cc23)cc1Cl.Cl
CHEMBL558019,COc1ccc(CNc2nnc(N3CCN(c4ccccn4)CC3)c3ccc(C#N)cc23)cc1Cl.Cl
CHEMBL108491,CCn1c(=O)c2c(nc(NC3CCCCC3)n2Cc2ccc(O)c(F)c2)n(CC)c1=O
CHEMBL323473,CCn1c(=O)c2c(nc(NC3CCCCC3)n2Cc2ccc(O)c(Cl)c2)n(CC)c1=O
CHEMBL556618,COc1ccc(CNc2nnc(NCCCO)c3ccc(C#N)cc23)cc1Cl.Cl
CHEMBL321229,CCn1c(=O)c2c(nc(NC3CCCC3)n2Cc2ccccc2)n(CC)c1=O
CHEMBL192,CCCc1nn(C)c2c(=O)[nH]c(-c3cc(S(=O)(=O)N4CCN(C)CC4)ccc3OCC)nc12
CHEMBL3084583,COc1ccc(CNc2nnc(N[C@H]3CC[C@H](O)CC3)c3ccc(C#N)cc23)cc1Cl.Cl
CHEMBL106153,CCn1c(=O)c2c(nc(NC3CCCCC3)n2Cc2ccc(O)c(C)c2)n(CC)c1=O
CHEMBL107156,CCn1c(=O)c2c(nc(NC3CCCCC3)n2Cc2ccc(O)cc2)n(CC)c1=O
CHEMBL107349,CCn1c(=O)c2c(nc(NC3CCCCC3)n2Cc2ccc(OC)c(F)c2)n(CC)c1=O
CHEMBL542899,COc1ccc(CNc2nnc(N3CCN(c4ncccn4)CC3)c3ccc(C#N)cc23)cc1Cl.Cl
CHEMBL108844,CCn1c(=O)c2c(nc(NC3CCCC3)n2Cc2ccc(OC)c(F)c2)n(CC)c1=O
CHEMBL542663,COc1ccc(CNc2nnc(N3CCS(=O)(=O)CC3)c3ccc(C#N)cc23)cc1Cl.Cl
CHEMBL555168,COc1ccc(CNc2nnc(N3CCN(C)CC3)c3ccc(C#N)cc23)cc1Cl.Cl
CHEMBL544546,COc1ccc(CNc2nnc(NCc3cccnc3)c3ccc(C#N)cc23)cc1Cl.Cl
CHEMBL545470,COc1ccc(CNc2nnc(NCc3ccc(OC)c(Cl)c3)c3cc(C#N)ccc23)cc1Cl.Cl
CHEMBL544347,Cl.Cl.O=[N+]([O-])c1ccc2nc(-c3cccnc3)nc(NCc3ccccc3)c2c1
CHEMBL192,CCCc1nn(C)c2c(=O)[nH]c(-c3cc(S(=O)(=O)N4CCN(C)CC4)ccc3OCC)nc12
CHEMBL72650,c1ccc(CNc2nc(-c3ccccc3)nc3ccccc23)cc1
CHEMBL41950,CCOC(=O)c1cnc2cc(C(F)(F)F)ccc2c1NCc1ccc(OC)c(Cl)c1
CHEMBL289047,COc1ccc(CNc2c(CO)cnc3ccc(C#N)cc23)cc1Cl
CHEMBL545518,Brc1ccc2nc(-n3ccnc3)nc(NCc3ccccc3)c2c1.Cl.Cl
CHEMBL291127,CCc1cc(C#N)cc2c(NCc3ccc(OC)c(Cl)c3)ccnc12
CHEMBL545749,Cl.Fc1ccc2nc(-c3cccnc3)nc(NCc3ccccc3)c2c1
CHEMBL544816,Cl.Cl.Clc1ccc2nc(-c3cccnc3)nc(NCc3ccccc3)c2c1
CHEMBL557022,Cl.Cl.O=[N+]([O-])c1ccc2nc(-n3ccnc3)nc(NCc3ccccc3)c2c1
CHEMBL555218,CSc1ccc2nc(-n3ccnc3)nc(NCc3ccccc3)c2c1.Cl.Cl
CHEMBL538031,Cc1ccc2nc(-c3cccnc3)nc(NCc3ccccc3)c2c1.Cl.Cl
CHEMBL42869,CCOC(=O)c1cnc2ccc(C(F)(F)F)cc2c1NCc1ccc(OC)c(Cl)c1
CHEMBL554051,CS(=O)(=O)c1ccc2nc(-n3ccnc3)nc(NCc3ccccc3)c2c1.Cl.Cl
CHEMBL539033,C#Cc1ccc2nc(-n3ccnc3)nc(NCc3ccccc3)c2c1.Cl
CHEMBL40371,CCOC(=O)c1cnc2ccc(C#N)cc2c1NCc1ccc(OC)c(Cl)c1
CHEMBL118462,c1ccc(CNc2nc(-c3ccncc3)nc3ccccc23)cc1
CHEMBL38735,CCc1cc(C#N)cc2c(NCc3ccc(OC)c(Cl)c3)c(CO)cnc12
CHEMBL554946,Cl.Cl.c1ccc2c(NCC3CCCCC3)nc(-n3ccnc3)nc2c1
CHEMBL41236,COc1ccc(CNc2ccnc3ccc(C#N)cc23)cc1Cl
CHEMBL116818,COC(=O)c1cccc(Nc2nc(-c3ccccc3)nc3ccccc23)c1
CHEMBL39065,CCc1cc(C#N)cc2c(NCc3ccc(OC)c(Cl)c3)c(C(=O)NCc3ccccn3)cnc12
CHEMBL539806,Cl.Cl.Clc1ccc2nc(-n3ccnc3)nc(NCc3ccccc3)c2c1
CHEMBL117583,c1csc(CNc2nc(-n3ccnc3)nc3ccccc23)c1
CHEMBL555463,COc1ccc2nc(-n3ccnc3)nc(NCc3ccccc3)c2c1.Cl.Cl
CHEMBL442348,COc1ccc(CNc2c(C(=O)NCc3ccccn3)cnc3ccc(C#N)cc23)cc1Cl
CHEMBL41083,CCOC(=O)c1cnc2c(CC)cc(C#N)cc2c1NCc1ccc(OC)c(Cl)c1
CHEMBL542707,COc1ccc2nc(-n3ccnc3)nc(NCc3ccco3)c2c1.Cl.Cl
CHEMBL118944,c1ccc(CNc2nc(-n3ccnc3)nc3ccccc23)cc1
CHEMBL553819,Cl.Cl.Clc1ccc2nc(-c3cccnc3)nc(NCc3ccco3)c2c1
CHEMBL304927,CSc1ccc2ncnc(NCc3ccc4c(c3)OCO4)c2c1
CHEMBL67276,Cc1ccc2ncnc(NCc3ccc4c(c3)OCO4)c2c1
CHEMBL66620,Clc1ccc2ncnc(NCc3ccc4c(c3)OCO4)c2c1
CHEMBL67243,N#Cc1ccc2ncnc(NCc3ccc4c(c3)OCO4)c2c1
CHEMBL66323,COc1ccc2ncnc(NCc3ccc4c(c3)OCO4)c2c1
CHEMBL779,CN1CC(=O)N2[C@H](c3ccc4c(c3)OCO4)c3[nH]c4ccccc4c3C[C@@H]2C1=O
CHEMBL344018,CCn1ncc2c3c(NCc4ccc(OC)c(Cl)c4)nnc(NCc4ccncc4)c3cnc21
CHEMBL140520,CCn1ncc2c3c(NCc4ccc(OC)c(Cl)c4)nnc(N4CCC(O)CC4)c3cnc21
CHEMBL139998,CCn1ncc2c3c(NCc4ccc(OC)c(Cl)c4)nnc(-n4cnc(C(=O)NC)c4)c3cnc21
CHEMBL410215,CCn1ncc2c3c(NCc4ccc(OC)c(Cl)c4)nnc(N4CCC(C(=O)O)CC4)c3cnc21
CHEMBL7868,CCn1ncc2c(NCc3ccc(OC)c(Cl)c3)c(C(=O)NCc3ccncc3)cnc21
CHEMBL1520,CCCc1nc(C)c2c(=O)nc(-c3cc(S(=O)(=O)N4CCN(CC)CC4)ccc3OCC)[nH]n12
CHEMBL192,CCCc1nn(C)c2c(=O)[nH]c(-c3cc(S(=O)(=O)N4CCN(C)CC4)ccc3OCC)nc12
CHEMBL266960,COc1ccc(CNc2nnc(N3CCC(O)CC3)c3ccc(C#N)cc23)cc1Cl
CHEMBL281065,CCN1C(=O)c2c(nc(Cc3ccccc3)n2Cc2ccc(C)cc2)N2C1=N[C@@H]1CCC[C@@H]12
CHEMBL24552,CCN1C(=O)c2c(ncn2Cc2ccc(OC)cc2)N2C1=N[C@@H]1CCC[C@@H]12
CHEMBL26229,CCN1C(=O)c2c(nc(OCc3ccccc3)n2Cc2ccc(O)c(Cl)c2)N2C[C@@H](Cc3ccccc3)N=C12
CHEMBL285573,CCN1C(=O)c2c(nc(C(=O)OC)n2Cc2ccc(OC)cc2)N2C1=N[C@@H]1CCC[C@@H]12
CHEMBL282189,CCSc1nc2c(n1Cc1ccc(O)cc1)C(=O)N(CC)C1=N[C@@H]3CCC[C@@H]3N12
CHEMBL280578,CCN1C(=O)c2c(ncn2Cc2ccc(OC)c(Br)c2)N2C1=N[C@@H]1CCC[C@@H]12
CHEMBL146501,CCCOc1ccc(C(=O)N2CC[C@@H](N(C)C)C2)cc1-c1nc(O)c2cc3c(cc2n1)ncn3Cc1ccc(F)cc1
CHEMBL432657,CCN1C(=O)c2c(nc(C(N)=O)n2Cc2ccc(OC)c(Br)c2)N2C1=N[C@@H]1CCC[C@@H]12
CHEMBL278354,CCCOc1ccc(C(N)=O)cc1-c1nc(O)c2cc3c(cc2n1)ncn3Cc1ccc(F)cc1
CHEMBL283562,CCN1C(=O)c2[nH]c(Cc3ccccc3)nc2N2C[C@@H](Cc3ccccc3)N=C12
CHEMBL356968,CCCOc1ccc(S(=O)(=O)N2CCN(CC)CC2)cc1-c1nc(O)c2cc3c(cc2n1)ncn3Cc1cccc(F)c1
CHEMBL2112876,CCCOc1ccc(S(=O)(=O)N2CC[C@@H](N(C)C)C2)cc1-c1nc2cc3ncn(Cc4ccc(F)cc4)c3cc2c(=O)[nH]1
CHEMBL280576,CCOc1nc2c(n1Cc1ccc(OC)cc1)C(=O)N(CC)C1=N[C@@H]3CCC[C@@H]3N12
CHEMBL26445,CCSc1nc2c(n1Cc1ccc(OC)cc1)C(=O)N(CC)C1=N[C@@H]3CCC[C@@H]3N12
CHEMBL25419,CCN1C(=O)c2c(nc(C(N)=O)n2Cc2ccc(OC)c(Cl)c2)N2C[C@@H](Cc3ccccc3)N=C12
CHEMBL286723,CCN1C(=O)c2c(nc(C(N)=O)n2Cc2ccc(O)c(Br)c2)N2C1=N[C@@H]1CCC[C@@H]12
CHEMBL24587,CCN1C(=O)c2c(nc(C(N)=O)n2Cc2ccc(O)c(Cl)c2)N2C[C@@H](Cc3ccccc3)N=C12
CHEMBL192,CCCc1nn(C)c2c(=O)[nH]c(-c3cc(S(=O)(=O)N4CCN(C)CC4)ccc3OCC)nc12
CHEMBL2112009,CCCOc1ccc(S(=O)(=O)N2CC[C@@H](N(C)C)C2)cc1-c1nc(O)c2cc3c(cc2n1)ncn3Cc1ccccc1
CHEMBL149536,CCCOc1ccc(S(N)(=O)=O)cc1-c1nc(O)c2cc3c(cc2n1)ncn3Cc1ccc(F)cc1
CHEMBL280525,CCOc1nc2c(n1Cc1ccc(O)cc1)C(=O)N(CC)C1=N[C@@H]3CCC[C@@H]3N12
CHEMBL24228,CCN1C(=O)c2c(nc(OC)n2Cc2ccc(OC)c(C#N)c2)N2C[C@@H](Cc3ccccc3)N=C12
CHEMBL177716,CCN1C(=O)c2c(nc(C(N)=O)n2Cc2ccc(OC)cc2)N2C1=N[C@@H]1CCC[C@@H]12
CHEMBL487704,CCN1C(=O)c2c(nc(C(F)(F)F)n2Cc2ccc(O)cc2)N2C1=N[C@@H]1CCC[C@@H]12
CHEMBL2112879,CCCOc1ccc(S(=O)(=O)N2CC[C@H](N(C)C)C2)cc1-c1nc(O)c2cc3c(cc2n1)ncn3Cc1ccccc1
CHEMBL342527,CCCOc1ccc(S(=O)(=O)N2CCN(C)CC2)cc1-c1nc(O)c2cc3c(cc2n1)ncn3Cc1ccc(F)cc1
CHEMBL24536,CCN1C(=O)c2c(nc(C#Cc3ccccc3)n2Cc2ccc(OC)cc2)N2C1=N[C@@H]1CCC[C@@H]12
CHEMBL488322,CCN1C(=O)c2c(nc(C(F)(F)F)n2Cc2ccc(OC)cc2)N2C1=N[C@@H]1CCC[C@@H]12
CHEMBL23123,CCN1C(=O)c2c(nc(OC)n2Cc2ccc(OC)c(Cl)c2)N2C[C@@H](Cc3ccccc3)N=C12
CHEMBL283122,CCCOc1ccc(S(=O)(=O)N2CCN(C)CC2)cc1-c1nc(O)c2cc3c(cc2n1)ncn3Cc1ccccc1
CHEMBL23572,CCN1C(=O)c2c(nc(OC)n2Cc2ccc(O)c(Cl)c2)N2C[C@@H](Cc3ccccc3)N=C12
CHEMBL281087,CCN1C(=O)c2c(nc(C#Cc3ccccc3)n2Cc2ccccc2)N2C1=N[C@@H]1CCC[C@@H]12
CHEMBL26396,CCN1C(=O)c2c(nc(C#Cc3ccccc3)n2Cc2ccc(O)cc2)N2C1=N[C@@H]1CCC[C@@H]12
CHEMBL23375,CCN1C(=O)c2c(nc(C(=O)NC)n2Cc2ccc(O)c(Cl)c2)N2C1=N[C@@H]1CCC[C@@H]12
CHEMBL282114,CCN1C(=O)c2c(nc(OC)n2Cc2ccc(O)c(Br)c2)N2C1=N[C@@H]1CCC[C@@H]12
CHEMBL24543,CCOc1nc2c(n1Cc1ccc(O)c(Cl)c1)C(=O)N(CC)C1=N[C@@H]3CCC[C@@H]3N12
CHEMBL25311,CCN1C(=O)c2c(nc(OC)n2Cc2ccc(OC)c(Cl)c2)N2C1=N[C@@H]1CCC[C@@H]12
CHEMBL192,CCCc1nn(C)c2c(=O)[nH]c(-c3cc(S(=O)(=O)N4CCN(C)CC4)ccc3OCC)nc12
CHEMBL441223,CCOc1nc2c(n1Cc1ccc(OC)c(Br)c1)C(=O)N(CC)C1=N[C@@H]3CCC[C@@H]3N12
CHEMBL446663,CCN1C(=O)c2[nH]c(Cc3ccccc3)nc2N2C1=N[C@@H]1CCC[C@@H]12
CHEMBL436460,CCCOc1ccc(S(=O)(=O)N2CCN(CC)CC2)cc1-c1nc(O)c2cc3c(cc2n1)ncn3Cc1ccc(F)cc1
CHEMBL436144,CCN1C(=O)c2c(nc(Cc3ccccc3)n2Cc2ccc3c(c2)OCO3)N2C1=N[C@@H]1CCC[C@@H]12
CHEMBL283242,CCN1C(=O)c2c(ncn2Cc2ccc(O)c(Br)c2)N2C1=N[C@@H]1CCC[C@@H]12
CHEMBL279903,CCN1C(=O)c2c(nc(OC)n2Cc2ccc(OC)c(Br)c2)N2C[C@@H](Cc3ccccc3)N=C12
CHEMBL356775,CCCOc1ccc(S(=O)(=O)N2CCN(CC)CC2)cc1-c1nc(O)c2cc3c(cc2n1)ncn3Cc1cccc(OC)c1
CHEMBL285610,CCN1C(=O)c2c(nc(C(N)=O)n2Cc2ccc(O)c(Cl)c2)N2C1=N[C@@H]1CCC[C@@H]12
CHEMBL148193,CCCOc1ccc(S(=O)(=O)N2CCN(CC)CC2)cc1-c1nc(O)c2cc3c(cc2n1)ncn3Cc1ccccc1OC
CHEMBL2112881,CCCOc1ccc(S(=O)(=O)N2CC[C@@H](N(C)C)C2)cc1-c1nc(O)c2cc3c(cc2n1)ncn3Cc1ccc(Cl)cc1
CHEMBL277692,CCN1C(=O)c2c(nc(Cc3ccccc3)n2Cc2ccc(OC)cc2)N2C1=N[C@@H]1CCC[C@@H]12
CHEMBL440786,CCN1C(=O)c2c(nc(Cc3ccccc3)n2Cc2ccc(OC)c(Cl)c2)N2C1=N[C@@H]1CCC[C@@H]12
CHEMBL280993,CCN1C(=O)c2c(nc(N)n2Cc2ccc(O)cc2)N2C1=N[C@@H]1CCC[C@@H]12
CHEMBL280624,CCN1C(=O)c2c(nc(C(N)=O)n2Cc2ccc(O)cc2)N2C1=N[C@@H]1CCC[C@@H]12
CHEMBL23513,CCN1C(=O)c2c(nc(OC)n2Cc2ccc(O)c(C#N)c2)N2C[C@@H](Cc3ccccc3)N=C12
CHEMBL23308,CCN1C(=O)c2c(nc(OC)n2Cc2ccc(O)c(Br)c2)N2C[C@@H](Cc3ccccc3)N=C12
CHEMBL282709,CCN1C(=O)c2c(nc(N=[N+]=[N-])n2Cc2ccc(O)cc2)N2C1=N[C@@H]1CCC[C@@H]12
CHEMBL23992,CCN1C(=O)c2c(nc(Cc3ccccc3)n2Cc2ccc(O)cc2)N2C1=N[C@@H]1CCC[C@@H]12
CHEMBL281772,CCN1C(=O)c2c(nc(C#N)n2Cc2ccc(OC)cc2)N2C1=N[C@@H]1CCC[C@@H]12
CHEMBL26102,CCN1C(=O)c2c(nc(C(=O)NC)n2Cc2ccc(OC)c(Cl)c2)N2C1=N[C@@H]1CCC[C@@H]12
CHEMBL26775,CCN1C(=O)c2c(nc(OC)n2Cc2ccc(OC)c(Br)c2)N2C1=N[C@@H]1CCC[C@@H]12
CHEMBL24653,CCN1C(=O)c2c(nc(C#Cc3ccccc3)n2Cc2ccc(Cl)cc2)N2C1=N[C@@H]1CCC[C@@H]12
CHEMBL24815,CCN1C(=O)c2c(nc(OC)n2Cc2ccc(O)c(Cl)c2)N2C1=N[C@@H]1CCC[C@@H]12
CHEMBL146373,CCCOc1ccc(S(=O)(=O)N2CCN(CC)CC2)cc1-c1nc(O)c2cc3c(cc2n1)ncn3Cc1ccccc1Cl
CHEMBL423838,CCN1C(=O)c2c(nc(Cc3ccccc3)n2Cc2ccc(Cl)cc2)N2C1=N[C@@H]1CCC[C@@H]12
CHEMBL280699,CCOc1nc2c(n1Cc1ccc(OC)c(Cl)c1)C(=O)N(CC)C1=N[C@@H]3CCC[C@@H]3N12
CHEMBL227489,CCCOc1ccc(S(=O)(=O)N2CCN(CC)CC2)cc1-c1nc(O)c2cc3c(cc2n1)ncn3Cc1ccccc1
CHEMBL356178,CCCOc1ccc(C(=O)N2CCN(CC)CC2)cc1-c1nc(O)c2cc3c(cc2n1)ncn3Cc1ccc(F)cc1
CHEMBL282528,CCN1C(=O)c2c(nc(Cc3ccccc3)n2Cc2ccccc2)N2C1=N[C@@H]1CCC[C@@H]12
CHEMBL25985,CCN1C(=O)c2c(ncn2Cc2ccc(OC)c(Cl)c2)N2C1=N[C@@H]1CCC[C@@H]12
CHEMBL53538,CCCc1nn(C)c2c(=O)[nH]c(-c3cc(S(=O)(=O)N4CCN(CCO)CC4)ccc3OCC)nc12
CHEMBL192,CCCc1nn(C)c2c(=O)[nH]c(-c3cc(S(=O)(=O)N4CCN(C)CC4)ccc3OCC)nc12
CHEMBL192,CCCc1nn(C)c2c(=O)[nH]c(-c3cc(S(=O)(=O)N4CCN(C)CC4)ccc3OCC)nc12
CHEMBL444046,CCCc1nn(C)c2c(O)nc(-c3cc(S(=O)(=O)N4CCN(C(N)=O)CC4)ccc3OCC)nc12
CHEMBL910,CCCc1nn(C)c2c(=O)[nH]c(-c3cc(S(=O)(=O)N4CCNCC4)ccc3OCC)nc12
CHEMBL54079,CCCc1nn(C)c2c(=O)[nH]c(-c3ccccc3OCC)nc12
CHEMBL54079,CCCc1nn(C)c2c(=O)[nH]c(-c3ccccc3OCC)nc12
CHEMBL298535,CCCc1n[nH]c2c(O)nc(-c3ccccc3OCC)nc12
CHEMBL8184,CCCCNc1c(C(=O)OCC)cnc2c1cnn2CC
CHEMBL192,CCCc1nn(C)c2c(=O)[nH]c(-c3cc(S(=O)(=O)N4CCN(C)CC4)ccc3OCC)nc12
CHEMBL267805,CCn1ncc2c(NCc3ccc(OC)c(Cl)c3)c(C(=O)O)cnc21
CHEMBL269079,CCn1ncc2c(NCc3ccc(OC)c(Cl)c3)c(C(=O)NCCCCCO)cnc21
CHEMBL8198,CCn1ncc2c(NCc3ccc(OC)c(Cl)c3)c(C(=O)NCCCN3CCCC3=O)cnc21
CHEMBL168949,CCCc1nc(C)c2c(=O)[nH]c(-c3cc(S(=O)(=O)N4CCN(C)CC4)ccc3OCC)nn12
CHEMBL8410,CCn1ncc2c(NCc3ccc(OC)c(Cl)c3)c(C(=O)NC[C@@H]3CCCO3)cnc21
CHEMBL192,CCCc1nn(C)c2c(=O)[nH]c(-c3cc(S(=O)(=O)N4CCN(C)CC4)ccc3OCC)nc12
CHEMBL192,CCCc1nn(C)c2c(=O)[nH]c(-c3cc(S(=O)(=O)N4CCN(C)CC4)ccc3OCC)nc12
CHEMBL169843,CCCOc1ccc(S(=O)(=O)N2CCN(C)CC2)cc1-c1nc2c(ncn2CCC)c(=O)[nH]1
CHEMBL7868,CCn1ncc2c(NCc3ccc(OC)c(Cl)c3)c(C(=O)NCc3ccncc3)cnc21
CHEMBL7868,CCn1ncc2c(NCc3ccc(OC)c(Cl)c3)c(C(=O)NCc3ccncc3)cnc21
CHEMBL353248,CCCOc1ccccc1-c1nc2c(ncn2CCC)c(=O)[nH]1
CHEMBL8132,CCn1ncc2c(N[C@@H](C)C3CCCCC3)c3cc(C#N)ccc3nc21
CHEMBL352722,CCCc1nc(C)c2c(=O)[nH]c(-c3ccccc3OCC)nn12
CHEMBL54079,CCCc1nn(C)c2c(=O)[nH]c(-c3ccccc3OCC)nc12
CHEMBL1339,CCCc1nc(C)c2c(O)nc(-c3cc(S(=O)(=O)N4CCN(CC)CC4)ccc3OCC)nn12.Cl
CHEMBL266960,COc1ccc(CNc2nnc(N3CCC(O)CC3)c3ccc(C#N)cc23)cc1Cl
CHEMBL67064,CCCOc1ccc(S(=O)(=O)N2CCC(CCP(=O)(O)OCC)CC2)cc1-c1nc(O)c2c(n1)c(CCC)nn2C
CHEMBL100779,CCOC(=O)c1sc(Nc2nc(NCc3ccc(OC)c(OC)c3)c3c(ncn3CC)n2)nc1OC
CHEMBL63686,CCCOc1ccc(S(=O)(=O)N2CCN(CP(=O)(OCC)OCC)CC2)cc1-c1nc(O)c2c(n1)c(CCC)nn2C
CHEMBL246536,CCCOc1ccc(S(=O)(=O)N2CCN(CCP(=O)(OCC)OCC)CC2)cc1-c1nc2c(CCC)nn(C)c2c(=O)[nH]1
CHEMBL63548,CCCOc1ccc(S(=O)(=O)N2CCN(CP(=O)(O)O)CC2)cc1-c1nc(O)c2c(n1)c(CCC)nn2C
CHEMBL192,CCCc1nn(C)c2c(=O)[nH]c(-c3cc(S(=O)(=O)N4CCN(C)CC4)ccc3OCC)nc12
CHEMBL309849,CCCOc1ccc(S(=O)(=O)N2CC[C@@H](N(C)C)C2)cc1-c1nc(O)c2c(NCc3ccc(OC)c(Cl)c3)[nH]c3nncc-3c2n1
CHEMBL394040,CCCOc1ccc(S(=O)(=O)N2CCC(CP(=O)(OCC)OCC)CC2)cc1-c1nc2c(CCC)nn(C)c2c(=O)[nH]1
CHEMBL79579,CCCOc1ccc(S(=O)(=O)N2CC[C@@H](N(C)C)C2)cc1-c1nc(O)c2c[nH]c3nncc-3c2n1
CHEMBL80004,CCCOc1ccc(S(=O)(=O)N2CC[C@@H](N(C)C)C2)cc1-c1nc(O)c2c(NCc3ccc(F)cc3)[nH]c3nncc-3c2n1
CHEMBL192,CCCc1nn(C)c2c(=O)[nH]c(-c3cc(S(=O)(=O)N4CCN(C)CC4)ccc3OCC)nc12
CHEMBL192,CCCc1nn(C)c2c(=O)[nH]c(-c3cc(S(=O)(=O)N4CCN(C)CC4)ccc3OCC)nc12
CHEMBL245323,CCCOc1ccc(S(=O)(=O)N2CCC(CP(=O)(O)O)CC2)cc1-c1nc2c(CCC)nn(C)c2c(=O)[nH]1
CHEMBL541468,CCCOc1ccc(S(=O)(=O)N2CCN(CCP(=O)(O)OCC)CC2)cc1-c1nc2c(CCC)nn(C)c2c(=O)[nH]1
CHEMBL245517,CCCOc1ccc(S(=O)(=O)N2CCN(CP(=O)(O)OCC)CC2)cc1-c1nc2c(CCC)nn(C)c2c(=O)[nH]1
CHEMBL245317,CCCOc1ccc(S(=O)(=O)N2CCC(CP(=O)(O)OCC)CC2)cc1-c1nc2c(CCC)nn(C)c2c(=O)[nH]1
CHEMBL81285,CCCOc1ccc(S(=O)(=O)N2CC[C@@H](N(C)C)C2)cc1-c1nc(O)c2c(NCc3ccc(F)cc3)nc3nn(Cc4ccc(OC)cc4)cc3c2n1
CHEMBL245522,CCCOc1ccc(S(=O)(=O)N2CCC(P(=O)(OCC)OCC)CC2)cc1-c1nc2c(CCC)nn(C)c2c(=O)[nH]1
CHEMBL245721,CCCOc1ccc(S(=O)(=O)N2CCN(CCP(=O)(O)O)CC2)cc1-c1nc2c(CCC)nn(C)c2c(=O)[nH]1
CHEMBL245922,CCCOc1ccc(S(=O)(=O)N2CCC(P(=O)(O)O)CC2)cc1-c1nc2c(CCC)nn(C)c2c(=O)[nH]1
CHEMBL245315,CCCOc1ccc(S(=O)(=O)N2CCC(P(=O)(O)OCC)CC2)cc1-c1nc2c(CCC)nn(C)c2c(=O)[nH]1
CHEMBL76827,CCCOc1ccc(S(=O)(=O)N2CC[C@@H](N(C)C)C2)cc1-c1nc(O)c2c(Cl)nc3nn(Cc4ccc(OC)cc4)cc3c2n1
CHEMBL28079,CCCOc1ccccc1-c1nc2[nH]nnc2c(=O)[nH]1
CHEMBL42570,CCCOc1ccccc1-c1nc(O)c2ccncc2n1
CHEMBL43862,CCCOc1ccc(NC(=S)NC(=O)OCC)cc1-c1nc2c(c(C)nn2C)c(=O)[nH]1
CHEMBL416267,CCCOc1ccc(NC(C)=O)cc1-c1nc2c(c(C)nn2CC)c(=O)[nH]1
CHEMBL46714,CCCOc1ccccc1-c1nc2c(c(C)nn2CC)c(=O)[nH]1
CHEMBL289344,CCCOc1ccc(-c2cccs2)cc1-c1nc2c(c(C)nn2C)c(=O)[nH]1
CHEMBL42563,CCCOc1ccccc1-c1nc(O)c2cncnc2n1
CHEMBL295796,CCCOc1ccccc1-c1nc(O)c2ccsc2n1
CHEMBL46416,Cc1nn(C)c2nc(-c3ccccc3OC(C)C)[nH]c(=O)c12
CHEMBL42796,CCCOc1ccccc1-c1nc2c(c(C)nn2Cc2ccccc2)c(=O)[nH]1
CHEMBL45367,CCCOc1ccc(NS(C)(=O)=O)cc1-c1nc2c(c(C)nn2C)c(=O)[nH]1
CHEMBL290694,CCCOc1ccc(-c2nc(C)cs2)cc1-c1nc2c(c(C)nn2CC)c(=O)[nH]1
CHEMBL46771,CCCOc1ccc(NC(=O)c2ccc(F)cc2)cc1-c1nc2c(c(C)nn2C)c(=O)[nH]1
CHEMBL42680,CCCOc1ccccc1-c1nc2c(c(C)nn2C)c(=O)[nH]1
CHEMBL42172,CCCCn1nc(C)c2c(=O)[nH]c(-c3ccccc3OCCC)nc21
CHEMBL42776,CCCOc1ccc(N(C)C)cc1-c1nc2c(c(C)nn2CC)c(=O)[nH]1
CHEMBL46831,CCCOc1ccccc1-c1nc(O)c2c(C)snc2n1
CHEMBL439923,CCCOc1ccc(N)cc1-c1nc2c(c(C)nn2CC)c(=O)[nH]1
CHEMBL42272,CCCOc1ccc(-c2csc(C)n2)cc1-c1nc2c(c(C)nn2CC)c(=O)[nH]1
CHEMBL298478,CCCOc1ccc(NC(=O)c2cccs2)cc1-c1nc2c(c(C)nn2C)c(=O)[nH]1
CHEMBL291178,CCCOc1ccc(NC(=O)OC)cc1-c1nc2c(c(C)nn2C)c(=O)[nH]1
CHEMBL42435,CCCOc1ccccc1-c1nc(O)c2c(C)csc2n1
CHEMBL298294,CCCOc1ccc(NS(C)(=O)=O)cc1-c1nc2c(c(C)nn2CC)c(=O)[nH]1
CHEMBL43225,CCCOc1ccc(NC(=O)NCC)cc1-c1nc2c(c(C)nn2C)c(=O)[nH]1
CHEMBL296294,CCCOc1ccc(-c2n[nH]c(-c3ccccc3)n2)cc1-c1nc2c(c(C)nn2CC)c(=O)[nH]1
CHEMBL43205,CCCOc1ccc(-c2csc(-c3ccccc3)n2)cc1-c1nc2c(c(C)nn2C)c(=O)[nH]1
CHEMBL297763,CCCOc1ccc(-c2csc(-c3ccccc3)n2)cc1-c1nc2c(c(C)nn2CC)c(=O)[nH]1
CHEMBL296071,CCCOc1ccc(-c2csc(C)n2)cc1-c1nc2c(c(C)nn2C)c(=O)[nH]1
CHEMBL42886,CCCOc1ccc(NC(N)=O)cc1-c1nc2c(c(C)nn2C)c(=O)[nH]1
CHEMBL46639,CCCOc1ccccc1-c1nc(O)c2scc(C)c2n1
CHEMBL44467,CCCOc1ccccc1-c1nc2c(c(C)nn2C(C)(C)C)c(=O)[nH]1
CHEMBL47108,CCOc1ccccc1-c1nc2c(c(C)nn2C)c(=O)[nH]1
CHEMBL42988,CCCOc1ccc(NC(=O)Nc2ccc(F)cc2)cc1-c1nc2c(c(C)nn2C)c(=O)[nH]1
CHEMBL295613,CCCOc1ccc(N)cc1-c1nc2c(c(C)nn2C)c(=O)[nH]1
CHEMBL46621,CCCOc1ccc(NC(=O)CN2CCN(C)CC2)cc1-c1nc2c(c(C)nn2C)c(=O)[nH]1
CHEMBL41004,CCCOc1ccc(N(C)C)cc1-c1nc2c(c(C)nn2C)c(=O)[nH]1
CHEMBL289701,CCCOc1ccc(NC(=S)NCC)cc1-c1nc2c(c(C)nn2C)c(=O)[nH]1
CHEMBL42779,CCCOc1ccc(C(=O)CN2CCOCC2)cc1-c1nc2c(c(C)nn2C)c(=O)[nH]1
CHEMBL43443,CCCOc1ccc(NC(C)=O)cc1-c1nc2c(c(C)nn2C)c(=O)[nH]1
CHEMBL43617,CCCOc1ccccc1-c1nc(O)c2c(C)noc2n1
CHEMBL45039,CCCOc1ccc(-c2nc(C)cs2)cc1-c1nc2c(c(C)nn2C)c(=O)[nH]1
CHEMBL295329,CCCOc1ccc(-c2csc(-c3cccnc3)n2)cc1-c1nc2c(c(C)nn2CC)c(=O)[nH]1
CHEMBL42713,CCCOc1ccccc1-c1nc2nc[nH]c2c(=O)[nH]1
CHEMBL44508,CCCOc1ccccc1-c1nc(O)c2c[nH]nc2n1
CHEMBL43320,CCCOc1ccccc1-c1nc2c(c(C)nn2CC(F)(F)F)c(=O)[nH]1
CHEMBL298295,CCCOc1ccc([N+](=O)[O-])cc1-c1nc2c(c(C)nn2CC)c(=O)[nH]1
CHEMBL43795,CCCOc1ccccc1-c1nc(O)c2cnccc2n1
CHEMBL46693,CCCOc1ccccc1-c1nc(O)c2sccc2n1
CHEMBL288061,CCCOc1ccccc1-c1nc2c(c(C)nn2CCC)c(=O)[nH]1
CHEMBL298282,CCCOc1ccc(-c2ccc(C)s2)cc1-c1nc2c(c(C)nn2C)c(=O)[nH]1
CHEMBL43665,CCCOc1ccc(-c2n[nH]c(-c3ccccc3)n2)cc1-c1nc2c(c(C)nn2C)c(=O)[nH]1
CHEMBL295614,CCCOc1ccc(-c2nccs2)cc1-c1nc2c(c(C)nn2C)c(=O)[nH]1
CHEMBL295224,CCCOc1ccc(Nc2nnc(N)[nH]2)cc1-c1nc2c(c(C)nn2C)c(=O)[nH]1
CHEMBL290402,CCCOc1ccc([N+](=O)[O-])cc1-c1nc2c(c(C)nn2C)c(=O)[nH]1
CHEMBL297864,CCCOc1ccc(NC(N)=S)cc1-c1nc2c(c(C)nn2C)c(=O)[nH]1
CHEMBL557593,CCOc1cc2cc(CO)c(CO)c(-c3ccnc(-n4nc(-c5cccnc5)c5ccccc5c4=O)c3)c2cc1OCC.Cl
CHEMBL543016,COc1cc2cc(CO)cc(-c3ccnc(-n4nc(-c5cccnc5)c5ccccc5c4=O)c3)c2cc1OC.Cl
CHEMBL28079,CCCOc1ccccc1-c1nc2[nH]nnc2c(=O)[nH]1
CHEMBL192,CCCc1nn(C)c2c(=O)[nH]c(-c3cc(S(=O)(=O)N4CCN(C)CC4)ccc3OCC)nc12
CHEMBL22906,CCCOc1ccc(S(=O)(=O)N2CCN(C)CC2)cc1-c1nc(O)c2cc3[nH]cnc3cc2n1
CHEMBL25391,CCCOc1ccccc1-c1nc(O)c2cc3[nH]cnc3cc2n1
CHEMBL283122,CCCOc1ccc(S(=O)(=O)N2CCN(C)CC2)cc1-c1nc(O)c2cc3c(cc2n1)ncn3Cc1ccccc1
CHEMBL278354,CCCOc1ccc(C(N)=O)cc1-c1nc(O)c2cc3c(cc2n1)ncn3Cc1ccc(F)cc1
CHEMBL422006,Oc1c2c(nc3ccccc13)C(c1ccc3c(c1)OCO3)N(C/C=C/c1ccccc1)C2
CHEMBL192,CCCc1nn(C)c2c(=O)[nH]c(-c3cc(S(=O)(=O)N4CCN(C)CC4)ccc3OCC)nc12
CHEMBL160847,CN(Cc1ccccc1)C(=O)N1Cc2c(nc3ccccc3c2O)C1c1ccc2c(c1)OCO2
CHEMBL158374,O=C(/C=C/c1ccccc1)N1Cc2c(nc3ccccc3c2O)C1c1ccc2c(c1)OCO2
CHEMBL161408,O=C(NCc1ccccc1)N1Cc2c(nc3ccccc3c2O)C1c1ccc2c(c1)OCO2
CHEMBL158633,O=S(=O)(Cc1ccccc1)N1Cc2c(nc3ccccc3c2O)C1c1ccc2c(c1)OCO2
CHEMBL263000,O=C(C#Cc1ccccc1)N1Cc2c(nc3ccccc3c2O)C1c1ccc2c(c1)OCO2
CHEMBL345179,O=C(CCc1ccccc1)N1Cc2c(nc3ccccc3c2O)C1c1ccc2c(c1)OCO2
CHEMBL160556,O=S(=O)(/C=C/c1ccccc1)N1Cc2c(nc3ccccc3c2O)C1c1ccc2c(c1)OCO2
CHEMBL157819,O=C(OCc1ccccc1)N1Cc2c(nc3ccccc3c2O)C1c1ccc2c(c1)OCO2
CHEMBL351813,O=C(OCc1ccncc1)N1Cc2c(nc3ccccc3c2O)[C@H]1c1ccc2c(c1)OCO2
CHEMBL158829,O=C(OCc1ccncc1)N1Cc2c(nc3ccccc3c2O)[C@@H]1c1ccc2c(c1)OCO2
CHEMBL344366,O=C(c1ccccc1)N1Cc2c(nc3ccccc3c2O)C1c1ccc2c(c1)OCO2
CHEMBL157701,O=C(Cc1ccccc1)N1Cc2c(nc3ccccc3c2O)C1c1ccc2c(c1)OCO2
CHEMBL158817,O=C(OCc1ccncc1)N1Cc2c(nc3ccccc3c2O)C1c1ccc2c(c1)OCO2
CHEMBL179849,CCOc1ccccc1-c1nc(O)c2c(C)nc(C3CCCC3)n2n1
CHEMBL361136,CCOc1ccccc1-c1nc(O)c2ncn(C3CCC3)c2n1
CHEMBL183150,CCOc1ccc(S(=O)(=O)N2CCN(CCO)CC2)cc1-c1nc(O)n2c(C)nc(C3CCCC3)c2n1
CHEMBL414842,CCCc1nc(CC)c2c(O)nc(-c3cc(S(=O)(=O)N4CCN(C)CC4)ccc3OCC)nn12
CHEMBL182179,CCCc1nc(C)c2c(O)nc(-c3cc(S(=O)(=O)N4CCN(CCO)CC4)ccc3OCC)nn12
CHEMBL183343,CCOc1ccc(S(=O)(=O)N2CCN(C)CC2)cc1-c1nc(O)c2c(CC)nc(C3CCCC3)n2n1
CHEMBL183370,CCCn1nc(C)c2c(=O)[nH]c(-c3cc(S(=O)(=O)N4CCN(C)CC4)ccc3OCC)nc21
CHEMBL180994,CCOc1ccccc1-c1nc(O)n2c(C)nc(C3CCCC3)c2n1
CHEMBL434135,CCOc1ccc(S(=O)(=O)N2CCN(CCO)CC2)cc1-c1nc(O)c2c(n1)c(C1CCCC1)nn2C
CHEMBL182712,CCOc1ccc(S(=O)(=O)N2CCN(CCO)CC2)cc1-c1nc(O)c2c(C)nc(C)n2n1
CHEMBL182895,CCOc1ccccc1-c1nc(O)c2c(C)nc(C)n2n1
CHEMBL360086,CCCn1nc(CC)c2c(=O)[nH]c(-c3cc(S(=O)(=O)N4CCN(C)CC4)ccc3OCC)nc21
CHEMBL183096,CCOc1ccc(S(=O)(=O)N2CCN(C)CC2)cc1-c1nc2c(c(CC)nn2C2CCCC2)c(=O)[nH]1
CHEMBL361582,CCOc1ccc(S(=O)(=O)N2CCN(C)CC2)cc1-c1nc(O)c2c(C)nc(C3CCCC3)n2n1
CHEMBL181916,CCOc1ccc(S(=O)(=O)N2CCN(CCO)CC2)cc1-c1nc(O)c2nnc(C3CCCC3)n2n1
CHEMBL54079,CCCc1nn(C)c2c(=O)[nH]c(-c3ccccc3OCC)nc12
CHEMBL360508,CCOc1ccccc1-c1nc(O)c2ncn(C3CC3)c2n1
CHEMBL298535,CCCc1n[nH]c2c(O)nc(-c3ccccc3OCC)nc12
CHEMBL425344,CCCn1nnc2c(O)nc(-c3ccccc3OCC)nc21
CHEMBL192,CCCc1nn(C)c2c(=O)[nH]c(-c3cc(S(=O)(=O)N4CCN(C)CC4)ccc3OCC)nc12
CHEMBL182829,CCOc1ccccc1-c1nc(O)c2nnc(C3CCCC3)n2n1
CHEMBL183696,CCOc1ccc(S(=O)(=O)N2CCN(CCO)CC2)cc1-c1nc(O)c2onc(C3CCCC3)c2n1
CHEMBL369081,CCOc1ccc(S(=O)(=O)N2CCN(CCO)CC2)cc1-c1nc(O)c2c(C)nc(C3CCCC3)n2n1
CHEMBL444354,CCCc1nc(C)n2c(O)nc(-c3ccccc3OCC)nc12
CHEMBL359924,CCOc1ccccc1-c1nc(O)c2onc(C3CCCC3)c2n1
CHEMBL180237,CCCn1cnc2c(O)nc(-c3cc(S(=O)(=O)N4CCN(C)CC4)ccc3OCC)nc21
CHEMBL168949,CCCc1nc(C)c2c(=O)[nH]c(-c3cc(S(=O)(=O)N4CCN(C)CC4)ccc3OCC)nn12
CHEMBL359944,CCOc1ccccc1-c1nc(O)c2ncn(C3CCCC3)c2n1
CHEMBL183877,CCCc1nc(C)n2c(O)nc(-c3cc(S(=O)(=O)N4CCN(C)CC4)ccc3OCC)nc12
CHEMBL361736,CCCn1nc(C)c2c(=O)[nH]c(-c3ccccc3OCC)nc21
CHEMBL352722,CCCc1nc(C)c2c(=O)[nH]c(-c3ccccc3OCC)nn12
CHEMBL362512,CCc1cc(C(C)=O)c(O)cc1OCc1cccc(C(=O)NCCCCCCCC(=O)NO)n1
CHEMBL188292,CCc1cc(C(C)=O)c(O)cc1OCc1cccc(C(=O)NCCCCCCCCC(=O)O)n1
CHEMBL188461,CCc1cc(C(C)=O)c(O)cc1OCc1cccc(C(=O)NCCCCCCCCCC(=O)O)n1
CHEMBL35970,CCc1cc(C(C)=O)c(O)cc1OCc1cccc(C(=O)NCCC(=O)O)n1
CHEMBL362871,CCc1cc(C(C)=O)c(O)cc1OCc1cccc(C(=O)NCOCC(=O)O)n1
CHEMBL363668,CCc1cc(C(C)=O)c(O)cc1OCc1cccc(C(=O)NCCCCCCCCCC(=O)NO)n1
CHEMBL187548,O=C(Cc1cccc(NC(=O)c2cccc(COc3ccccc3)n2)n1)NO
CHEMBL190787,O=C(Cc1csc(NC(=O)c2cccc(COc3ccccc3)n2)n1)NO
CHEMBL188211,O=C(Cc1cccc(NC(=O)c2cccc(COc3ccccc3)n2)c1)NO
CHEMBL362755,CCc1cc(C(C)=O)c(O)cc1OCc1cccc(C(=O)NC(C)C(=O)O)c1
CHEMBL34816,CCc1cc(C(C)=O)c(O)cc1OCc1cccc(C(=O)NCC(=O)O)n1
CHEMBL191041,CCc1cc(C(C)=O)c(O)cc1OCc1cccc(C(=O)NCC(=O)NO)n1
CHEMBL190849,Cc1sc(NC(=O)c2cccc(COc3ccccc3)n2)nc1CC(=O)NO
CHEMBL365694,O=C(Cc1csc(NC(=O)c2cnccc2Oc2ccc(Cl)cc2)n1)NO
CHEMBL185798,CCCCC(C(=O)NO)c1csc(NC(=O)c2cccc(COc3ccccc3)n2)n1
CHEMBL366118,CCc1cc(C(C)=O)c(O)cc1OCc1cccc(C(=O)Nc2nc(CC(=O)NO)cs2)n1
CHEMBL188333,O=C(Cc1csc(NC(=O)c2ccc3ccccc3n2)n1)NO
CHEMBL439667,CCCCCCC(C(=O)NO)c1csc(NC(=O)c2cccc(COc3ccccc3)n2)n1
CHEMBL28079,CCCOc1ccccc1-c1nc2[nH]nnc2c(=O)[nH]1
CHEMBL192,CCCc1nn(C)c2c(=O)[nH]c(-c3cc(S(=O)(=O)N4CCN(C)CC4)ccc3OCC)nc12
CHEMBL1520,CCCc1nc(C)c2c(=O)nc(-c3cc(S(=O)(=O)N4CCN(CC)CC4)ccc3OCC)[nH]n12
CHEMBL779,CN1CC(=O)N2[C@H](c3ccc4c(c3)OCO4)c3[nH]c4ccccc4c3C[C@@H]2C1=O
CHEMBL68152,CN1C(=O)c2[nH]c(Cc3ccccc3)nc2N2C1=N[C@@H]1CCC[C@@H]12
CHEMBL446663,CCN1C(=O)c2[nH]c(Cc3ccccc3)nc2N2C1=N[C@@H]1CCC[C@@H]12
CHEMBL372955,CCC[C@@H]1CN2C(=N1)N(CC)C(=O)c1nc(Cc3ccccc3)n(Cc3ccccc3)c12
CHEMBL194511,CCN1C(=O)c2nc(Cc3ccccc3)n(Cc3ccccc3)c2N2C[C@@H](c3ccccc3)N=C12
CHEMBL372917,CCN1C(=O)c2nc(Cc3ccccc3)n(Cc3ccccc3)c2N2C[C@@H](Cc3ccccc3)N=C12
CHEMBL193645,CC[C@@H]1CN2C(=N1)N(CC)C(=O)c1[nH]c(Cc3ccccc3)nc12
CHEMBL364459,CCC[C@@H]1CN2C(=N1)N(CC)C(=O)c1[nH]c(Cc3ccccc3)nc12
CHEMBL372427,CCN1C(=O)c2[nH]c(Cc3ccccc3)nc2N2C[C@@H](C(C)C)N=C12
CHEMBL283562,CCN1C(=O)c2[nH]c(Cc3ccccc3)nc2N2C[C@@H](Cc3ccccc3)N=C12
CHEMBL381886,CN1C(=O)c2[nH]c(Cc3ccccc3)nc2N2C[C@@H](Cc3ccccc3)N=C12
CHEMBL370241,CC(C)N1C(=O)c2[nH]c(Cc3ccccc3)nc2N2C[C@@H](Cc3ccccc3)N=C21
CHEMBL193477,CCN1C(=O)c2ncn(Cc3ccccc3)c2N2C[C@@H](Cc3ccccc3)N=C12
CHEMBL435502,CCN1C(=O)c2nc(Cl)n(Cc3ccccc3)c2N2C[C@@H](Cc3ccccc3)N=C12
CHEMBL196930,CCN1C(=O)c2nc(Br)n(Cc3ccccc3)c2N2C[C@@H](Cc3ccccc3)N=C12
CHEMBL439673,CCN1C(=O)c2nc(C#Cc3ccccc3)n(Cc3ccccc3)c2N2C[C@@H](Cc3ccccc3)N=C12
CHEMBL193364,CCN1C(=O)c2nc(CCc3ccccc3)n(Cc3ccccc3)c2N2C[C@@H](Cc3ccccc3)N=C12
CHEMBL194056,CCN1C(=O)c2nc(Cc3ccccc3)n(Cc3ccc(OC)cc3)c2N2C[C@@H](Cc3ccccc3)N=C12
CHEMBL373320,CCN1C(=O)c2nc(Br)n(Cc3ccc(OC)cc3)c2N2C[C@@H](Cc3ccccc3)N=C12
CHEMBL193855,CCN1C(=O)c2nc(C#Cc3ccccc3)n(Cc3ccc(OC)cc3)c2N2C[C@@H](Cc3ccccc3)N=C12
CHEMBL370118,CCN1C(=O)c2nc(Cc3ccccc3)n(Cc3ccc(O)cc3)c2N2C[C@@H](Cc3ccccc3)N=C12
CHEMBL370413,CCN1C(=O)c2nc(Br)n(Cc3ccc(O)cc3)c2N2C[C@@H](Cc3ccccc3)N=C12
CHEMBL362938,CCN1C(=O)c2nc(C#Cc3ccccc3)n(Cc3ccc(O)cc3)c2N2C[C@@H](Cc3ccccc3)N=C12
CHEMBL365591,CCN1C(=O)c2c(nc(C#Cc3ccccc3)n2Cc2ccccc2)N2C[C@@H](Cc3ccccc3)N=C12
CHEMBL371515,CCN1C(=O)c2c(nc(Cc3ccccc3)n2Cc2ccc(OC)cc2)N2C[C@@H](Cc3ccccc3)N=C12
CHEMBL363411,CCN1C(=O)c2c(nc(Br)n2Cc2ccc(OC)cc2)N2C[C@@H](Cc3ccccc3)N=C12
CHEMBL197049,CCN1C(=O)c2c(nc(C#Cc3ccccc3)n2Cc2ccc(OC)cc2)N2C[C@@H](Cc3ccccc3)N=C12
CHEMBL193603,CCN1C(=O)c2c(nc(Cc3ccccc3)n2Cc2ccc(O)cc2)N2C[C@@H](Cc3ccccc3)N=C12
CHEMBL373102,CCN1C(=O)c2c(nc(Br)n2Cc2ccc(O)cc2)N2C[C@@H](Cc3ccccc3)N=C12
CHEMBL365944,CCN1C(=O)c2c(nc(C#Cc3ccccc3)n2Cc2ccc(O)cc2)N2C[C@@H](Cc3ccccc3)N=C12
CHEMBL193989,CCN1C(=O)c2c(nc(Cl)n2Cc2ccc(O)cc2)N2C[C@@H](Cc3ccccc3)N=C12
CHEMBL194341,CCN1C(=O)c2c(nc(C)n2Cc2ccc(O)cc2)N2C[C@@H](Cc3ccccc3)N=C12
CHEMBL365358,CCN1C(=O)c2c(nc(I)n2Cc2ccc(O)cc2)N2C[C@@H](Cc3ccccc3)N=C12
CHEMBL192,CCCc1nn(C)c2c(=O)[nH]c(-c3cc(S(=O)(=O)N4CCN(C)CC4)ccc3OCC)nc12
CHEMBL1520,CCCc1nc(C)c2c(=O)nc(-c3cc(S(=O)(=O)N4CCN(CC)CC4)ccc3OCC)[nH]n12
CHEMBL779,CN1CC(=O)N2[C@H](c3ccc4c(c3)OCO4)c3[nH]c4ccccc4c3C[C@@H]2C1=O
CHEMBL139998,CCn1ncc2c3c(NCc4ccc(OC)c(Cl)c4)nnc(-n4cnc(C(=O)NC)c4)c3cnc21
CHEMBL382494,Cc1nn(Cc2ccccc2)c(=O)c2nc(C)n3nc(-c4ccccc4)cc3c12
CHEMBL194010,CCOc1ccccc1-c1nc(O)c2nc3cccc(C)n3c2n1
CHEMBL363638,Cc1nn(Cc2cccc(OP(=O)(O)O)c2)c(=O)c2nc(C)n3nc(-c4ccccc4)cc3c12
CHEMBL193363,Cc1nn(Cc2ccccc2)c(=O)c2nc(C)n3nc(-c4ccccn4)cc3c12
CHEMBL195584,Cc1nn(Cc2ccccc2)c(=O)c2nc(-c3ccccc3)n3nc(-c4ccccc4)cc3c12
CHEMBL371793,Cc1nn(Cc2ccccc2)c(=O)c2nc(-c3ccccn3)n3nc(-c4ccccc4)cc3c12
CHEMBL371451,Cc1nn(Cc2ccccc2)c(=O)c2nc(-c3cccnc3)n3nc(-c4ccccc4)cc3c12
CHEMBL372476,Cc1cccc(-c2nc3c(=O)n(Cc4ccccc4)nc(C)c3c3cc(-c4ccccc4)nn23)c1
CHEMBL365943,COCc1nc2c(=O)n(Cc3ccccc3)nc(C)c2c2cc(-c3ccccc3)nn12
CHEMBL364045,CSCc1nc2c(=O)n(Cc3ccccc3)nc(C)c2c2cc(-c3ccccc3)nn12
CHEMBL439862,Cc1nn(Cc2ccccc2)c(=O)c2nc(/C=C/C(=O)O)n3nc(-c4ccccc4)cc3c12
CHEMBL194081,Cc1nn(Cc2ccccc2)c(=O)c2nc(CCCC(=O)O)n3nc(-c4ccccc4)cc3c12
CHEMBL193428,Cc1nn(Cc2ccccc2)c(=O)c2nc(CCCCC(=O)O)n3nc(-c4ccccc4)cc3c12
CHEMBL196830,CCC(CC)c1nc2c(=O)n(Cc3ccccc3)nc(C)c2c2cc(-c3ccccc3)nn12
CHEMBL196241,CCC(C)c1nc2c(=O)n(Cc3ccccc3)nc(C)c2c2cc(-c3ccccc3)nn12
CHEMBL193746,CCC(C)c1nc2c(=O)n(Cc3cccc(OP(=O)(O)O)c3)nc(C)c2c2cc(-c3ccccc3)nn12
CHEMBL196289,CCC(C)c1nc2c(=O)n(Cc3ccccc3)nc(C)c2c2cc(-c3ccccn3)nn12
CHEMBL192,CCCc1nn(C)c2c(=O)[nH]c(-c3cc(S(=O)(=O)N4CCN(C)CC4)ccc3OCC)nc12
CHEMBL192,CCCc1nn(C)c2c(=O)[nH]c(-c3cc(S(=O)(=O)N4CCN(C)CC4)ccc3OCC)nc12
CHEMBL193487,CCOc1ccc(S(=O)(=O)N2CCN(C)CC2)cc1-c1nc(O)c2nc3c(C)cccn3c2n1
CHEMBL197191,CCOc1ccc(S(=O)(=O)N2CCN(C)CC2)cc1-c1nc(O)c2nc3cc(C)ccn3c2n1
CHEMBL196700,CCOc1ccc(S(=O)(=O)N2CCN(C)CC2)cc1-c1nc(O)c2nc3ccc(C)cn3c2n1
CHEMBL195449,CCOc1ccc(S(=O)(=O)N2CCN(C)CC2)cc1-c1nc(O)c2nc3cccc(C)n3c2n1
CHEMBL196063,CCOc1ccc(S(=O)(=O)N2CCN(C)CC2)cc1-c1nc(O)c2nc3ccc(Br)cn3c2n1
CHEMBL371343,CCOc1ccc(S(=O)(=O)N2CCN(C)CC2)cc1-c1nc(O)c2nc3ccc(Br)c(C)n3c2n1
CHEMBL195236,CCOc1ccc(S(=O)(=O)N2CCN(C)CC2)cc1-c1nc(O)c2nc3cccc(CC)n3c2n1
CHEMBL426650,CCOc1ccc(S(=O)(=O)N2CCN(CC)CC2)cc1-c1nc(O)c2nc3cccc(C)n3c2n1
CHEMBL196142,CCOc1ccc(S(=O)(=O)N2CCN(C(C)C)CC2)cc1-c1nc(O)c2nc3cccc(C)n3c2n1
CHEMBL209460,CCCc1nn(C)c2c(O)nc(-c3cc(C(=O)CN4CCOCC4)ccc3OCC)nc12
CHEMBL210603,CCCCOc1ncc(C(C)=O)cc1-c1nc(O)c2nn(Cc3ccccn3)c(CCC)c2n1
CHEMBL377168,CCCc1nn(C)c2c(O)nc(-c3cc(C(C)=O)ccc3OCC)nc12
CHEMBL436742,CCCOc1ncc(C(C)=O)cc1-c1nc(O)c2nn(Cc3nccn3C)c(CC)c2n1
CHEMBL378737,CCCOc1ncc(C(C)=O)cc1-c1nc(O)c2nn(C3CN(C)C3)c(CCC)c2n1
CHEMBL441684,CCc1c2nc(-c3cc(C(C)=O)cnc3OCCOC)nc(O)c2nn1CCN1CCOCC1
CHEMBL427043,CCCCOc1ncc(C(C)=O)cc1-c1nc(O)c2nn(C3CCN(CC)CC3)c(CC)c2n1
CHEMBL382440,CCCCOc1ncc(C(C)=O)cc1-c1nc(O)c2nn(C3CCN(C)CC3)c(CC)c2n1
CHEMBL207125,CCCCOc1ncc(C(C)=O)cc1-c1nc(O)c2nn(C3CCNCC3)c(CC)c2n1
CHEMBL210930,CCCCOc1ncc(C(C)=O)cc1-c1nc(O)c2nn(C3CN(CC)C3)c(CC)c2n1
CHEMBL208544,CCCCOc1ncc(C(C)=O)cc1-c1nc(O)c2nn(C3CN(C)C3)c(CC)c2n1
CHEMBL207111,CCCCOc1ncc(C(C)=O)cc1-c1nc(O)c2nn(C3CNC3)c(CC)c2n1
CHEMBL383202,CCCCOc1ncc(C(C)=O)cc1-c1nc(O)c2nn(Cc3nccn3C)c(CC)c2n1
CHEMBL378130,CCCCOc1ncc(C(C)=O)cc1-c1nc(O)c2nn(CCN3CCOCC3)c(CC)c2n1
CHEMBL209235,CCc1c2nc(-c3cc(C(C)=O)cnc3OCC(C)C)nc(O)c2nn1C1CN(C)C1
CHEMBL377885,CCCOc1ncc(C(C)=O)cc1-c1nc(O)c2nn(C3CCN(CC)CC3)c(CC)c2n1
CHEMBL379222,CCCOc1ncc(C(C)=O)cc1-c1nc(O)c2nn(C3CCN(C)CC3)c(CC)c2n1
CHEMBL211015,CCCOc1ncc(C(C)=O)cc1-c1nc(O)c2nn(C3CCNCC3)c(CC)c2n1
CHEMBL208583,CCCOc1ncc(C(C)=O)cc1-c1nc(O)c2nn(C3CN(C(C)C)C3)c(CC)c2n1
CHEMBL210533,CCCOc1ncc(C(C)=O)cc1-c1nc(O)c2nn(C3CN(CC)C3)c(CC)c2n1
CHEMBL377579,CCCOc1ncc(C(C)=O)cc1-c1nc(O)c2nn(C3CN(C)C3)c(CC)c2n1
CHEMBL209062,CCCOc1ncc(C(C)=O)cc1-c1nc(=O)c2nn(C3CNC3)c(CC)c2[nH]1
CHEMBL209509,CCCOc1ncc(C(C)=O)cc1-c1nc(=O)c2nn(C3CNC3)c(CCC)c2[nH]1
CHEMBL209157,CCc1c2nc(-c3cc(S(=O)(=O)N4CCN(CC)CC4)cnc3OCCOC)[nH]c(=O)c2nn1Cc1ccccn1
CHEMBL210930,CCCCOc1ncc(C(C)=O)cc1-c1nc(O)c2nn(C3CN(CC)C3)c(CC)c2n1
CHEMBL192,CCCc1nn(C)c2c(=O)[nH]c(-c3cc(S(=O)(=O)N4CCN(C)CC4)ccc3OCC)nc12
CHEMBL377850,COc1cccc(Cn2nc(C)c3c(nc(C)n4nc(-c5ccccc5)cc34)c2=O)c1
CHEMBL213099,Cc1nn(Cc2ccncc2)c(=O)c2nc(C)n3nc(-c4ccccc4)cc3c12
CHEMBL382494,Cc1nn(Cc2ccccc2)c(=O)c2nc(C)n3nc(-c4ccccc4)cc3c12
CHEMBL192,CCCc1nn(C)c2c(=O)[nH]c(-c3cc(S(=O)(=O)N4CCN(C)CC4)ccc3OCC)nc12
CHEMBL213113,Cc1nn(Cc2ccccc2)c(=O)c2nc(C)n3nc(-c4ccsc4)cc3c12
CHEMBL377563,Cc1nn(Cc2ccccc2)c(=O)c2nc(C)n3nc(-c4ccoc4)cc3c12
CHEMBL213425,Cc1nn(Cc2ccccc2)c(=O)c2ncn3nc(-c4ccccc4)cc3c12
CHEMBL213219,CCc1nc2c(=O)n(Cc3ccccc3)nc(C)c2c2cc(-c3ccccc3)nn12
CHEMBL438451,CCCc1nc2c(=O)n(Cc3ccccc3)nc(C)c2c2cc(-c3ccccc3)nn12
CHEMBL213060,Cc1nn(Cc2ccccc2)c(=O)c2nc(C(C)C)n3nc(-c4ccccc4)cc3c12
CHEMBL378542,CC(=O)CCc1nc2c(=O)n(Cc3ccccc3)nc(C)c2c2cc(-c3ccccc3)nn12
CHEMBL215699,COC(=O)CCc1nc2c(=O)n(Cc3ccccc3)nc(C)c2c2cc(-c3ccccc3)nn12
CHEMBL215756,COC(=O)CCCCc1nc2c(=O)n(Cc3ccccc3)nc(C)c2c2cc(-c3ccccc3)nn12
CHEMBL378255,CCOCc1nn(Cc2ccccc2)c(=O)c2nc(C)n3nc(-c4ccccc4)cc3c12
CHEMBL215700,CCc1nn(Cc2ccccc2)c(=O)c2nc(C)n3nc(-c4ccccc4)cc3c12
CHEMBL215465,Cc1nc2c(=O)n(Cc3ccccc3)nc(C(C)C)c2c2cc(-c3ccccc3)nn12
CHEMBL247065,COc1cc2cncc(Cc3nc4c([nH]3)c(=O)n(C)c(=O)n4CC(C)C)c2cc1OC
CHEMBL246470,COc1ccc2cncc(Cc3nc4c([nH]3)c(=O)n(C)c(=O)n4CC(C)C)c2c1
CHEMBL246266,COc1ccc2c(Cc3nc4c([nH]3)c(=O)n(C)c(=O)n4CC(C)C)cncc2c1
CHEMBL246264,CC(C)Cn1c(=O)n(C)c(=O)c2[nH]c(Cc3cncc4ccccc34)nc21
CHEMBL245850,COc1cc2cnc(C)c(Cc3nc4c([nH]3)c(=O)n(C)c(=O)n4CC(C)C)c2cc1OC
CHEMBL245649,COc1cc2c(Cc3nc4c([nH]3)c(=O)n(C)c(=O)n4CC(C)C)cnc(C)c2cc1OC
CHEMBL245648,COc1cc2cncc(Cc3nc4c([nH]3)c(=O)n(C)c(=O)n4Cc3ccc(NS(=O)(=O)C(C)C)cc3)c2cc1OC
CHEMBL393913,COc1cc2cncc(Cc3nc4c([nH]3)c(=O)n(C)c(=O)n4Cc3ccc(NC(C)=O)cc3)c2cc1OC
CHEMBL245842,COc1ccc(Cn2c(=O)n(C)c(=O)c3[nH]c(Cc4cncc5cc(OC)c(OC)cc45)nc32)cc1OC
CHEMBL393440,COc1cc2cncc(Cc3nc4c([nH]3)c(=O)n(C)c(=O)n4CC(C)CO)c2cc1OC
CHEMBL245841,COc1cc2cncc(Cc3nc4c([nH]3)c(=O)n(C)c(=O)n4CC(C)(C)C)c2cc1OC
CHEMBL247285,COc1cc2cncc(Cc3nc4c([nH]3)c(=O)n(C)c(=O)n4CC3CCCCC3)c2cc1OC
CHEMBL430199,COc1cc2cncc(Cc3nc4c([nH]3)c(=O)n(C)c(=O)n4CC3CC3)c2cc1OC
CHEMBL393181,C=C(C)Cn1c(=O)n(C)c(=O)c2[nH]c(Cc3cncc4cc(OC)c(OC)cc34)nc21
CHEMBL247270,CC(C)Cn1c(=O)n(C)c(=O)c2[nH]c(CC3CC4CCC3C4)nc21
CHEMBL247066,COc1cc2cncc(C(C)c3nc4c([nH]3)c(=O)n(C)c(=O)n4CC(C)C)c2cc1OC
CHEMBL505194,CCCc1nn(C)c2c(=O)[nH]c(-c3cc(S(=O)(=O)NCCN(CC(=O)O)S(=O)(=O)c4ccc(OCC)c(-c5nc6c(CCC)nn(C)c6c(=O)[nH]5)c4)ccc3OCC)nc12
CHEMBL468760,CCCc1nn(C)c2c(=O)[nH]c(-c3cc(S(=O)(=O)N4CCN(c5ccccc5OC)CC4)ccc3OCC)nc12
CHEMBL467592,CCCc1nn(C)c2c(=O)[nH]c(-c3cc(S(=O)(=O)N4CCN(c5ccccc5F)CC4)ccc3OCC)nc12
CHEMBL467593,CCCc1nn(C)c2c(=O)[nH]c(-c3cc(S(=O)(=O)N4CCN(c5ccc(F)cc5)CC4)ccc3OCC)nc12
CHEMBL464131,CCCc1nn(C)c2c(=O)[nH]c(-c3cc(S(=O)(=O)N4CCN(c5cccc(Cl)c5)CC4)ccc3OCC)nc12
CHEMBL464341,CCCc1nn(C)c2c(=O)[nH]c(-c3cc(S(=O)(=O)N4CCN(c5ccc(Cl)cc5)CC4)ccc3OCC)nc12
CHEMBL192,CCCc1nn(C)c2c(=O)[nH]c(-c3cc(S(=O)(=O)N4CCN(C)CC4)ccc3OCC)nc12
CHEMBL510554,CCCc1nn(C)c2c(=O)[nH]c(-c3cc(S(=O)(=O)NCCN(CCO)S(=O)(=O)c4ccc(OCC)c(-c5nc6c(CCC)nn(C)c6c(=O)[nH]5)c4)ccc3OCC)nc12
CHEMBL513873,CCCc1nn(C)c2c(=O)[nH]c(-c3cc(S(=O)(=O)N4CCN(C5CCCCC5)CC4)ccc3OCC)nc12
CHEMBL511065,CCCc1nn(C)c2c(=O)[nH]c(-c3cc(S(=O)(=O)N4CCN(Cc5ccc6c(c5)OCO6)CC4)ccc3OCC)nc12
CHEMBL498866,CCCc1nn(C)c2c(=O)[nH]c(-c3cc(S(=O)(=O)N4CCN(c5ccc([N+](=O)[O-])cc5)CC4)ccc3OCC)nc12
CHEMBL494817,CCCc1nn(C)c2c(=O)[nH]c(-c3cc(S(=O)(=O)NCCNc4ccccc4)ccc3OCC)nc12
CHEMBL498486,COc1ccc(-c2oc3c(CC=C(C)C)c(OCCO)cc(O)c3c(=O)c2OCCO)cc1
CHEMBL497293,COc1ccc(-c2oc3c(CC=C(C)C)c(O)cc(O)c3c(=O)c2O[C@@H]2O[C@H](C)[C@@H](O)[C@H](O)[C@@H]2O)cc1
CHEMBL192,CCCc1nn(C)c2c(=O)[nH]c(-c3cc(S(=O)(=O)N4CCN(C)CC4)ccc3OCC)nc12
CHEMBL493109,CCOC(=O)c1sc(Nc2nc(NCc3ccc(OC)c(OC)c3)cc(N3CCNCC3)n2)nc1C
CHEMBL493552,CCOC(=O)c1sc(Nc2nc(NCc3ccc(S(N)(=O)=O)cc3)cc(N3CCNCC3)n2)nc1C
CHEMBL522338,CCOC(=O)c1sc(Nc2nc(NC)cc(NCc3ccc(S(N)(=O)=O)cc3)n2)nc1C
CHEMBL282528,CCN1C(=O)c2c(nc(Cc3ccccc3)n2Cc2ccccc2)N2C1=N[C@@H]1CCC[C@@H]12
CHEMBL281065,CCN1C(=O)c2c(nc(Cc3ccccc3)n2Cc2ccc(C)cc2)N2C1=N[C@@H]1CCC[C@@H]12
CHEMBL423838,CCN1C(=O)c2c(nc(Cc3ccccc3)n2Cc2ccc(Cl)cc2)N2C1=N[C@@H]1CCC[C@@H]12
CHEMBL440786,CCN1C(=O)c2c(nc(Cc3ccccc3)n2Cc2ccc(OC)c(Cl)c2)N2C1=N[C@@H]1CCC[C@@H]12
CHEMBL436144,CCN1C(=O)c2c(nc(Cc3ccccc3)n2Cc2ccc3c(c2)OCO3)N2C1=N[C@@H]1CCC[C@@H]12
CHEMBL24653,CCN1C(=O)c2c(nc(C#Cc3ccccc3)n2Cc2ccc(Cl)cc2)N2C1=N[C@@H]1CCC[C@@H]12
CHEMBL24536,CCN1C(=O)c2c(nc(C#Cc3ccccc3)n2Cc2ccc(OC)cc2)N2C1=N[C@@H]1CCC[C@@H]12
CHEMBL26396,CCN1C(=O)c2c(nc(C#Cc3ccccc3)n2Cc2ccc(O)cc2)N2C1=N[C@@H]1CCC[C@@H]12
CHEMBL280576,CCOc1nc2c(n1Cc1ccc(OC)cc1)C(=O)N(CC)C1=N[C@@H]3CCC[C@@H]3N12
CHEMBL26445,CCSc1nc2c(n1Cc1ccc(OC)cc1)C(=O)N(CC)C1=N[C@@H]3CCC[C@@H]3N12
CHEMBL285573,CCN1C(=O)c2c(nc(C(=O)OC)n2Cc2ccc(OC)cc2)N2C1=N[C@@H]1CCC[C@@H]12
CHEMBL281772,CCN1C(=O)c2c(nc(C#N)n2Cc2ccc(OC)cc2)N2C1=N[C@@H]1CCC[C@@H]12
CHEMBL177716,CCN1C(=O)c2c(nc(C(N)=O)n2Cc2ccc(OC)cc2)N2C1=N[C@@H]1CCC[C@@H]12
CHEMBL487704,CCN1C(=O)c2c(nc(C(F)(F)F)n2Cc2ccc(O)cc2)N2C1=N[C@@H]1CCC[C@@H]12
CHEMBL280624,CCN1C(=O)c2c(nc(C(N)=O)n2Cc2ccc(O)cc2)N2C1=N[C@@H]1CCC[C@@H]12
CHEMBL282189,CCSc1nc2c(n1Cc1ccc(O)cc1)C(=O)N(CC)C1=N[C@@H]3CCC[C@@H]3N12
CHEMBL280578,CCN1C(=O)c2c(ncn2Cc2ccc(OC)c(Br)c2)N2C1=N[C@@H]1CCC[C@@H]12
CHEMBL25985,CCN1C(=O)c2c(ncn2Cc2ccc(OC)c(Cl)c2)N2C1=N[C@@H]1CCC[C@@H]12
CHEMBL432657,CCN1C(=O)c2c(nc(C(N)=O)n2Cc2ccc(OC)c(Br)c2)N2C1=N[C@@H]1CCC[C@@H]12
CHEMBL286723,CCN1C(=O)c2c(nc(C(N)=O)n2Cc2ccc(O)c(Br)c2)N2C1=N[C@@H]1CCC[C@@H]12
CHEMBL285610,CCN1C(=O)c2c(nc(C(N)=O)n2Cc2ccc(O)c(Cl)c2)N2C1=N[C@@H]1CCC[C@@H]12
CHEMBL26102,CCN1C(=O)c2c(nc(C(=O)NC)n2Cc2ccc(OC)c(Cl)c2)N2C1=N[C@@H]1CCC[C@@H]12
CHEMBL23375,CCN1C(=O)c2c(nc(C(=O)NC)n2Cc2ccc(O)c(Cl)c2)N2C1=N[C@@H]1CCC[C@@H]12
CHEMBL441223,CCOc1nc2c(n1Cc1ccc(OC)c(Br)c1)C(=O)N(CC)C1=N[C@@H]3CCC[C@@H]3N12
CHEMBL280699,CCOc1nc2c(n1Cc1ccc(OC)c(Cl)c1)C(=O)N(CC)C1=N[C@@H]3CCC[C@@H]3N12
CHEMBL24543,CCOc1nc2c(n1Cc1ccc(O)c(Cl)c1)C(=O)N(CC)C1=N[C@@H]3CCC[C@@H]3N12
CHEMBL26775,CCN1C(=O)c2c(nc(OC)n2Cc2ccc(OC)c(Br)c2)N2C1=N[C@@H]1CCC[C@@H]12
CHEMBL25311,CCN1C(=O)c2c(nc(OC)n2Cc2ccc(OC)c(Cl)c2)N2C1=N[C@@H]1CCC[C@@H]12
CHEMBL282114,CCN1C(=O)c2c(nc(OC)n2Cc2ccc(O)c(Br)c2)N2C1=N[C@@H]1CCC[C@@H]12
CHEMBL24815,CCN1C(=O)c2c(nc(OC)n2Cc2ccc(O)c(Cl)c2)N2C1=N[C@@H]1CCC[C@@H]12
CHEMBL25419,CCN1C(=O)c2c(nc(C(N)=O)n2Cc2ccc(OC)c(Cl)c2)N2C[C@@H](Cc3ccccc3)N=C12
CHEMBL24587,CCN1C(=O)c2c(nc(C(N)=O)n2Cc2ccc(O)c(Cl)c2)N2C[C@@H](Cc3ccccc3)N=C12
CHEMBL26229,CCN1C(=O)c2c(nc(OCc3ccccc3)n2Cc2ccc(O)c(Cl)c2)N2C[C@@H](Cc3ccccc3)N=C12
CHEMBL24228,CCN1C(=O)c2c(nc(OC)n2Cc2ccc(OC)c(C#N)c2)N2C[C@@H](Cc3ccccc3)N=C12
CHEMBL279903,CCN1C(=O)c2c(nc(OC)n2Cc2ccc(OC)c(Br)c2)N2C[C@@H](Cc3ccccc3)N=C12
CHEMBL23308,CCN1C(=O)c2c(nc(OC)n2Cc2ccc(O)c(Br)c2)N2C[C@@H](Cc3ccccc3)N=C12
CHEMBL23572,CCN1C(=O)c2c(nc(OC)n2Cc2ccc(O)c(Cl)c2)N2C[C@@H](Cc3ccccc3)N=C12
CHEMBL277692,CCN1C(=O)c2c(nc(Cc3ccccc3)n2Cc2ccc(OC)cc2)N2C1=N[C@@H]1CCC[C@@H]12
CHEMBL23992,CCN1C(=O)c2c(nc(Cc3ccccc3)n2Cc2ccc(O)cc2)N2C1=N[C@@H]1CCC[C@@H]12
CHEMBL281087,CCN1C(=O)c2c(nc(C#Cc3ccccc3)n2Cc2ccccc2)N2C1=N[C@@H]1CCC[C@@H]12
CHEMBL24552,CCN1C(=O)c2c(ncn2Cc2ccc(OC)cc2)N2C1=N[C@@H]1CCC[C@@H]12
CHEMBL488322,CCN1C(=O)c2c(nc(C(F)(F)F)n2Cc2ccc(OC)cc2)N2C1=N[C@@H]1CCC[C@@H]12
CHEMBL280993,CCN1C(=O)c2c(nc(N)n2Cc2ccc(O)cc2)N2C1=N[C@@H]1CCC[C@@H]12
CHEMBL280525,CCOc1nc2c(n1Cc1ccc(O)cc1)C(=O)N(CC)C1=N[C@@H]3CCC[C@@H]3N12
CHEMBL483655,CCN1C(=O)C2C(N=C(N=[N+]=[N-])N2Cc2ccc(O)cc2)N2C1=N[C@@H]1CCC[C@@H]12
CHEMBL519357,CCN1C(=O)C2C(N=C(OC)N2Cc2ccc(OC)c(Cl)c2)N2C[C@@H](Cc3ccccc3)N=C12
CHEMBL23513,CCN1C(=O)c2c(nc(OC)n2Cc2ccc(O)c(C#N)c2)N2C[C@@H](Cc3ccccc3)N=C12
CHEMBL484065,CCN1C(=O)C2C(N=CN2Cc2ccc(O)c(Br)c2)N2C1=N[C@@H]1CCC[C@@H]12
CHEMBL779,CN1CC(=O)N2[C@H](c3ccc4c(c3)OCO4)c3[nH]c4ccccc4c3C[C@@H]2C1=O
CHEMBL462983,CCOc1ccc([C@H]2c3[nH]c4ccccc4c3C[C@@H]3C(=O)N(CCn4cccc4)C(=O)N23)cc1
CHEMBL456577,CCOc1ccc([C@H]2c3[nH]c4ccccc4c3C[C@@H]3C(=O)N(CCc4ccccn4)C(=O)N23)cc1
CHEMBL514402,CCOc1ccc([C@H]2c3[nH]c4ccccc4c3C[C@@H]3C(=O)N(Cc4cccnc4)C(=O)N23)cc1
CHEMBL456370,CCOc1ccc([C@H]2c3[nH]c4ccccc4c3C[C@@H]3C(=O)N(CCN(C)C)C(=O)N23)cc1
CHEMBL509728,CCOc1ccc([C@H]2c3[nH]c4ccccc4c3C[C@@H]3C(=O)N(C4CCCCC4)C(=O)N23)cc1
CHEMBL458714,CCOc1ccc([C@@H]2c3[nH]c4ccccc4c3C[C@@H]3C(=O)N(C4CCCCC4)C(=O)N23)cc1
CHEMBL458713,CCOc1ccc([C@H]2c3[nH]c4ccccc4c3C[C@@H]3C(=O)N(Cc4ccccc4)C(=O)N23)cc1
CHEMBL456142,CCOc1ccc([C@@H]2c3[nH]c4ccccc4c3C[C@@H]3C(=O)N(Cc4ccccc4)C(=O)N23)cc1
CHEMBL508321,CCOc1ccc([C@H]2c3[nH]c4ccccc4c3C[C@@H]3C(=O)N(CC)C(=O)N23)cc1
CHEMBL515979,CCOc1ccc([C@@H]2c3[nH]c4ccccc4c3C[C@@H]3C(=O)N(CC)C(=O)N23)cc1
CHEMBL456552,CCOc1ccc([C@@H]2c3[nH]c4ccccc4c3C[C@@H]3C(=O)N(C)C(=O)N23)cc1
CHEMBL456548,CCOc1ccc([C@H]2c3[nH]c4ccccc4c3C[C@@H]3C(=O)NC(=O)N23)cc1
CHEMBL141506,CCCCN1C(=O)[C@H]2Cc3c([nH]c4ccccc34)[C@H](c3ccc(C#N)cc3)N2C1=O
CHEMBL344630,CCCCN1C(=O)[C@H]2Cc3c([nH]c4ccccc34)[C@H](c3ccc(Cl)cc3)N2C1=O
CHEMBL139048,CCCCN1C(=O)[C@H]2Cc3c([nH]c4ccccc34)[C@@H](c3ccc(Cl)cc3)N2C1=O
CHEMBL502020,CCCCN1C(=O)[C@H]2Cc3c([nH]c4ccccc34)[C@H](c3cccc(Cl)c3)N2C1=O
CHEMBL141633,CCCCN1C(=O)[C@H]2Cc3c([nH]c4ccccc34)[C@@H](c3cccc(Cl)c3)N2C1=O
CHEMBL337587,CCCCN1C(=O)[C@H]2Cc3c([nH]c4ccccc34)[C@H](c3ccc(OC)cc3)N2C1=O
CHEMBL422104,CCCCN1C(=O)[C@H]2Cc3c([nH]c4ccccc34)[C@@H](c3ccc(OC)cc3)N2C1=O
CHEMBL336457,CCCCN1C(=O)[C@H]2Cc3c([nH]c4ccccc34)[C@H](c3ccccc3)N2C1=O
CHEMBL423550,CCCCN1C(=O)[C@H]2Cc3c([nH]c4ccccc34)[C@@H](c3ccccc3)N2C1=O
CHEMBL141980,CCCCN1C(=O)[C@H]2Cc3c([nH]c4ccccc34)[C@@H](c3ccoc3)N2C1=O
CHEMBL335148,CCCCN1C(=O)[C@H]2Cc3c([nH]c4ccccc34)[C@@H](c3ccsc3)N2C1=O
CHEMBL140493,CCCCN1C(=O)[C@H]2Cc3c([nH]c4ccccc34)[C@@H](c3cccnc3)N2C1=O
CHEMBL336248,CCCCN1C(=O)[C@H]2Cc3c([nH]c4ccccc34)[C@@H](c3ccncc3)N2C1=O
CHEMBL1520,CCCc1nc(C)c2c(=O)nc(-c3cc(S(=O)(=O)N4CCN(CC)CC4)ccc3OCC)[nH]n12
CHEMBL169843,CCCOc1ccc(S(=O)(=O)N2CCN(C)CC2)cc1-c1nc2c(ncn2CCC)c(=O)[nH]1
CHEMBL353248,CCCOc1ccccc1-c1nc2c(ncn2CCC)c(=O)[nH]1
CHEMBL192,CCCc1nn(C)c2c(=O)[nH]c(-c3cc(S(=O)(=O)N4CCN(C)CC4)ccc3OCC)nc12
CHEMBL54079,CCCc1nn(C)c2c(=O)[nH]c(-c3ccccc3OCC)nc12
CHEMBL168949,CCCc1nc(C)c2c(=O)[nH]c(-c3cc(S(=O)(=O)N4CCN(C)CC4)ccc3OCC)nn12
CHEMBL352722,CCCc1nc(C)c2c(=O)[nH]c(-c3ccccc3OCC)nn12
CHEMBL910,CCCc1nn(C)c2c(=O)[nH]c(-c3cc(S(=O)(=O)N4CCNCC4)ccc3OCC)nc12
CHEMBL457207,CCCc1nn(C)c2c(=O)[nH]c(-c3cc(S(=O)(=O)N4CCC(C(N)=O)CC4)ccc3OCC)nc12
CHEMBL53538,CCCc1nn(C)c2c(=O)[nH]c(-c3cc(S(=O)(=O)N4CCN(CCO)CC4)ccc3OCC)nc12
CHEMBL192,CCCc1nn(C)c2c(=O)[nH]c(-c3cc(S(=O)(=O)N4CCN(C)CC4)ccc3OCC)nc12
CHEMBL431544,CCCc1n[nH]c2c(=O)[nH]c(-c3ccccc3)nc12
CHEMBL54079,CCCc1nn(C)c2c(=O)[nH]c(-c3ccccc3OCC)nc12
CHEMBL460293,CCc1c2nc(-c3cc(S(=O)(=O)N4CCN(CC)CC4)cnc3O[C@H](C)COC)[nH]c(=O)c2nn1C
CHEMBL460294,CCCN1CCN(S(=O)(=O)c2cnc(O[C@H](C)COC)c(-c3nc4c(CC)n(C)nc4c(=O)[nH]3)c2)CC1
CHEMBL444157,CCc1c2nc(-c3cc(S(=O)(=O)N4CCN(CC)CC4)cnc3O[C@H](C)COC)[nH]c(=O)c2nn1Cc1ccccn1
CHEMBL514435,CCc1c2nc(-c3cc(S(=O)(=O)N4CCN(CC)CC4)cnc3O[C@H](C)COC)[nH]c(=O)c2nn1CCOC
CHEMBL455187,CCc1c2nc(-c3cc(S(=O)(=O)N4CCN(CC)CC4)cnc3O[C@H](C)c3ccccn3)[nH]c(=O)c2nn1C
CHEMBL455412,CCc1c2nc(-c3cc(S(=O)(=O)N4CCN(CC)CC4)cnc3O[C@@H](C)COC)[nH]c(=O)c2nn1C
CHEMBL455413,CCCN1CCN(S(=O)(=O)c2cnc(O[C@@H](C)COC)c(-c3nc4c(CC)n(C)nc4c(=O)[nH]3)c2)CC1
CHEMBL445457,CCc1c2nc(-c3cc(S(=O)(=O)N4CCN(CC)CC4)cnc3O[C@@H](C)COC)[nH]c(=O)c2nn1Cc1ccccn1
CHEMBL459047,CCc1c2nc(-c3cc(S(=O)(=O)N4CCN(CC)CC4)cnc3O[C@@H](C)COC)[nH]c(=O)c2nn1CCOC
CHEMBL514433,CCc1c2nc(-c3cc(S(=O)(=O)N4CCN(CC)CC4)cnc3O[C@@H](C)c3ccccn3)[nH]c(=O)c2nn1C
CHEMBL455452,CCCc1c2nc(-c3cc(S(=O)(=O)N4CCN(CC)CC4)cnc3OCCOC)[nH]c(=O)c2nn1C
CHEMBL209157,CCc1c2nc(-c3cc(S(=O)(=O)N4CCN(CC)CC4)cnc3OCCOC)[nH]c(=O)c2nn1Cc1ccccn1
CHEMBL1928257,CCCOc1ccc(S(=O)(=O)N2CCN(CC)CC2)cc1-c1nc2c(CC)n(Cc3ccccn3)nc2c(=O)[nH]1
CHEMBL192,CCCc1nn(C)c2c(=O)[nH]c(-c3cc(S(=O)(=O)N4CCN(C)CC4)ccc3OCC)nc12
CHEMBL564374,CCCOCCn1c(=O)c(NCCN2CCOCC2)nc2ccc(-c3ccc(OC)nc3)nc21
CHEMBL560516,CCCOCCn1c(=O)c(NCCN2CCOCC2)nc2ccc(-c3ccc(OC)nc3)cc21
CHEMBL550851,CCCOCCn1c(=O)c(NCCN2CCOCC2)nc2cnc(-c3ccc(OC)nc3)nc21
CHEMBL551050,CCCOCCn1c(=O)c(NCCN2CCOCC2)nc2ncc(-c3ccc(OC)nc3)nc21
CHEMBL551052,CCCOCCn1c(=O)c(NCCN2CCOCC2)nc2cnc(-c3ccc(OC)nc3)cc21
CHEMBL551250,CCCOCCn1c(=O)c(NCCN2CCOCC2)nc2ncc(-c3ccc(OC)nc3)cc21
CHEMBL561952,COc1ccc(-c2ccc3nc(NCC(=O)N(C)C)c(=O)n(CC4CCCCC4)c3n2)cn1
CHEMBL560687,COc1ccc(-c2ccc3nc(NCC4CCOCC4)c(=O)n(CC4CCCCC4)c3n2)cn1
CHEMBL558338,COc1ncc(-c2ccc3nc(NCC4CCOCC4)c(=O)n(CC4CCCCC4)c3n2)cn1
CHEMBL560408,COc1ccc(-c2ccc3nc(NCCN4CCOCC4)c(=O)n(CC4CCCCC4)c3n2)cn1
CHEMBL563130,O=c1c(NCC2CCOCC2)nc2ccc(-c3ccncc3)nc2n1CC1CCCCC1
CHEMBL550817,Cc1noc(C)c1-c1ccc2nc(NCCN3CCOCC3)c(=O)n(CC3CCCCC3)c2n1
CHEMBL556514,COc1ccc(Cn2c(=O)c(NCCN3CCOCC3)nc3ccc(-c4ccc(F)cc4)nc32)cc1
CHEMBL550007,O=c1c(NCCN2CCOCC2)nc2ccc(-c3ccc(F)c(F)c3)nc2n1CC1CCCCC1
CHEMBL556863,COc1ccc(Cn2c(=O)c(NCCN3CCOCC3)nc3ccc(-c4ccc(F)c(F)c4)nc32)cc1
CHEMBL558729,CCCOCCn1c(=O)c(NCC2CCOCC2)nc2ccc(-c3ccc(OC)nc3)nc21
CHEMBL564374,CCCOCCn1c(=O)c(NCCN2CCOCC2)nc2ccc(-c3ccc(OC)nc3)nc21
CHEMBL560545,O=c1c(NCC2CCOCC2)nc2ccc(-c3ccc(F)cc3)nc2n1Cc1cccnc1
CHEMBL557059,O=c1c(NCC2CCOCC2)nc2ccc(-c3ccc(F)cc3)nc2n1Cc1cc(F)cc(F)c1
CHEMBL560609,O=c1c(NCC2CCOCC2)nc2ccc(-c3ccc(O)nc3)nc2n1CC1CCCCC1
CHEMBL557467,O=c1c(NCC2CCOCC2)nc2ccc(-c3ccc(F)cc3)nc2n1CC1CCCCC1
CHEMBL563637,CN(C)C(=O)CNc1nc2ccc(-c3ccc(F)cc3)nc2n(CC2CCCCC2)c1=O
CHEMBL559889,O=c1c(NCCN2CCOCC2)nc2ccc(-c3ccc(F)cc3)nc2n1CC1CCCCC1
CHEMBL563661,O=c1c(NCc2cccnc2)nc2ccc(-c3ccc(F)cc3)nc2n1CC1CCCCC1
CHEMBL563669,CCCOCCn1c(=O)c(NCC(=O)N(C)C)nc2ccc(-c3ccc(OC)nc3)nc21
CHEMBL562208,O=c1c(NCC2CCOCC2)nc2ccc(-c3ccc(F)cc3)nc2n1Cc1ccccn1
CHEMBL558466,CCCOCCn1c(=O)c(NCC2CCOCC2)nc2ccc(-c3ccc(F)cc3)nc21
CHEMBL562756,CCCOCCn1c(=O)c(NCCN2CCOCC2)nc2ccc(-c3cnc(OC)nc3)nc21
CHEMBL557755,Nc1nc2ccc(-c3ccc(F)cc3)nc2n(CC2CCCCC2)c1=O
CHEMBL561548,CCCOCCn1c(=O)c(NCCN2CCOCC2)nc2ccc(-c3ccc(F)cc3)nc21
CHEMBL561088,CCCOCCn1c(=O)c(NCC2CCOCC2)nc2ccc(-c3ccncc3)nc21
CHEMBL552025,CCCOCCn1c(=O)c(NCCN2CCOCC2)nc2ccc(-c3c(C)noc3C)nc21
CHEMBL550131,CC(C)OCCn1c(=O)c(NCCN2CCOCC2)nc2ccc(-c3ccc(F)c(F)c3)nc21
CHEMBL550478,CCOCCn1c(=O)c(NCC2CCOCC2)nc2ccc(-c3ccc(F)cc3)nc21
CHEMBL565116,CC(C)Cn1c(=O)c(NCC2CCOCC2)nc2ccc(-c3ccc(F)cc3)nc21
CHEMBL538896,CCCn1ccc(=O)c2c(N)nc(-c3ccccc3)cc21
CHEMBL551948,CCCCCN1C(=O)CN(C)c2ncc(-c3ccc(F)c(F)c3)cc21
CHEMBL557266,COc1ccc(Cn2c(=O)ccc3ccc(-c4ccncc4)cc32)cc1
CHEMBL551250,CCCOCCn1c(=O)c(NCCN2CCOCC2)nc2ncc(-c3ccc(OC)nc3)cc21
CHEMBL551052,CCCOCCn1c(=O)c(NCCN2CCOCC2)nc2cnc(-c3ccc(OC)nc3)cc21
CHEMBL567251,CCCOCCn1c(=O)c(NCCN(C)C)nc2ncc(-c3ccc(OC)nc3)cc21
CHEMBL567229,CCCOCCn1c(=O)c(NCCN(C)C)nc2cnc(-c3ccc(OC)nc3)cc21
CHEMBL566596,CCCOCCn1c(=O)c(NCCN)nc2ncc(-c3ccc(OC)nc3)cc21
CHEMBL567469,CCCOCCn1c(=O)c(NCCN)nc2cnc(-c3ccc(OC)nc3)cc21
CHEMBL567252,CCCOCCn1c(=O)c(NCCNCCO)nc2cnc(-c3ccc(OC)nc3)cc21
CHEMBL567255,CCCOCCn1c(=O)c(NCCO)nc2ncc(-c3ccc(OC)nc3)cc21
CHEMBL585327,CCCOCCn1c(=O)c(NCCO)nc2cnc(-c3ccc(OC)nc3)cc21
CHEMBL584317,CCCOCCn1c(=O)c(NCCOCC)nc2ncc(-c3ccc(OC)nc3)cc21
CHEMBL566797,CCCOCCn1c(=O)c(NCCOCC)nc2cnc(-c3ccc(OC)nc3)cc21
CHEMBL567016,CCCOCCn1c(=O)c(NCC2CCOCC2)nc2ncc(-c3ccc(OC)nc3)cc21
CHEMBL584270,CCCOCCn1c(=O)c(NCC2CCCO2)nc2cnc(-c3ccc(OC)nc3)cc21
CHEMBL565518,CCCOCCn1c(=O)c(NCC(=O)O)nc2ncc(-c3ccc(OC)nc3)cc21
CHEMBL565308,CCCOCCn1c(=O)c(NCC(=O)O)nc2cnc(-c3ccc(OC)nc3)cc21
CHEMBL565331,CCCOCCn1c(=O)c(NCC(=O)N(C)C)nc2ncc(-c3ccc(OC)nc3)cc21
CHEMBL571469,CCCOCCn1c(=O)c(NCC(=O)N(C)C)nc2cnc(-c3ccc(OC)nc3)cc21
CHEMBL569491,CCCOCCn1c(=O)c(NCc2ccccn2)nc2ncc(-c3ccc(OC)nc3)cc21
CHEMBL569481,CCCOCCn1c(=O)c(NCc2ccccn2)nc2cnc(-c3ccc(OC)nc3)cc21
CHEMBL569045,CCCOCCn1c(=O)c(NCc2cnccn2)nc2ncc(-c3ccc(OC)nc3)cc21
CHEMBL565305,CCCOCCn1c(=O)c(NCc2cnccn2)nc2cnc(-c3ccc(OC)nc3)cc21
CHEMBL566819,CCCOCCn1c(=O)c(NCC(N)=O)nc2ncc(-c3ccc(OC)nc3)cc21
CHEMBL571693,CCCOCCn1c(=O)c(NCC(N)=O)nc2cnc(-c3ccc(OC)nc3)cc21
CHEMBL571912,CCCOCCn1c(=O)c(NCC(=O)NC)nc2ncc(-c3ccc(OC)nc3)cc21
CHEMBL568839,CCCOCCn1c(=O)c(NCC(=O)NC)nc2cnc(-c3ccc(OC)nc3)cc21
CHEMBL566598,CCCOCCn1c(=O)c(NCC(=O)N2CCCC2)nc2cnc(-c3ccc(OC)nc3)cc21
CHEMBL569264,CCCOCCn1c(=O)c(NCC(=O)N2CCC(O)CC2)nc2cnc(-c3ccc(OC)nc3)cc21
CHEMBL569265,CCCOCCn1c(=O)c(NCC(=O)N2CCOCC2)nc2ncc(-c3ccc(OC)nc3)cc21
CHEMBL565306,CCCOCCn1c(=O)c(NCC(=O)N2CCOCC2)nc2cnc(-c3ccc(OC)nc3)cc21
CHEMBL571913,CCCOCCn1c(=O)c(NCC(=O)N2CCNCC2)nc2cnc(-c3ccc(OC)nc3)cc21
CHEMBL584285,CCCOCCn1c(=O)c(NCC(=O)N2CCN(C)CC2)nc2ncc(-c3ccc(OC)nc3)cc21
CHEMBL585918,CCCOCCn1c(=O)c(NCC(=O)N2CCN(C)CC2)nc2cnc(-c3ccc(OC)nc3)cc21
CHEMBL579669,CCCOCCn1c(=O)c(NCC(=O)N2CCN(CC)CC2)nc2ncc(-c3ccc(OC)nc3)cc21
CHEMBL567445,CCCOCCn1c(=O)c(NCC(=O)N2CCN(CC)CC2)nc2cnc(-c3ccc(OC)nc3)cc21
CHEMBL583835,CCCOCCn1c(=O)c(NCCCO)nc2ncc(-c3ccc(OC)nc3)cc21
CHEMBL567447,CCCOCCn1c(=O)c(NCCCO)nc2cnc(-c3ccc(OC)nc3)cc21
CHEMBL584056,CCCOCCn1c(=O)c(NC[C@H](C)O)nc2ncc(-c3ccc(OC)nc3)cc21
CHEMBL566367,CCCOCCn1c(=O)c(NC[C@H](C)O)nc2cnc(-c3ccc(OC)nc3)cc21
CHEMBL585015,CCCOCCn1c(=O)c(NC[C@@H](C)O)nc2ncc(-c3ccc(OC)nc3)cc21
CHEMBL567471,CCCOCCn1c(=O)c(NC[C@@H](C)O)nc2cnc(-c3ccc(OC)nc3)cc21
CHEMBL585352,CCCOCCn1c(=O)c(N[C@H](C)CO)nc2ncc(-c3ccc(OC)nc3)cc21
CHEMBL569492,CCCOCCn1c(=O)c(N[C@H](C)CO)nc2cnc(-c3ccc(OC)nc3)cc21
CHEMBL567446,CCCOCCn1c(=O)c(N[C@@H](C)CO)nc2ncc(-c3ccc(OC)nc3)cc21
CHEMBL566375,CCCOCCn1c(=O)c(N[C@@H](C)CO)nc2cnc(-c3ccc(OC)nc3)cc21
CHEMBL583854,CCCOCCn1c(=O)c(N[C@H](CC)CO)nc2cnc(-c3ccc(OC)nc3)cc21
CHEMBL566820,CCCOCCn1c(=O)c(N[C@H]2CC[C@H](O)CC2)nc2ncc(-c3ccc(OC)nc3)cc21
CHEMBL567470,CCCOCCn1c(=O)c(N[C@H]2CC[C@H](O)CC2)nc2cnc(-c3ccc(OC)nc3)cc21
CHEMBL591942,CCCOCCn1c(=O)c(N2CCN([C@H](C)[C@@H](C)O)CC2)nc2cnc(-c3ccc(OC)nc3)cc21
CHEMBL589069,CCCOCCn1c(=O)c(N2CCN([C@@H](C)[C@@H](C)O)CC2)nc2cnc(-c3ccc(OC)nc3)cc21
CHEMBL590037,CCCOCCn1c(=O)c(N2CCN(CC(C)(C)O)CC2)nc2cnc(-c3ccc(OC)nc3)cc21
CHEMBL590036,CCCOCCn1c(=O)c(N2CCN(C[C@@H](C)O)CC2)nc2cnc(-c3ccc(OC)nc3)cc21
CHEMBL589797,CCCOCCn1c(=O)c(N2CCN(C[C@H](C)O)CC2)nc2cnc(-c3ccc(OC)nc3)cc21
CHEMBL590787,CCCOCCn1c(=O)c(N2CCCN(CCCO)CC2)nc2cnc(-c3ccc(OC)nc3)cc21
CHEMBL590545,CCCOCCn1c(=O)c(N2CCCN(CCO)CC2)nc2cnc(-c3ccc(OC)nc3)cc21
CHEMBL590544,CCCOCCn1c(=O)c(N2CCN(CCCO)CC2)nc2cnc(-c3ccc(OC)nc3)cc21
CHEMBL591501,CCCOCCn1c(=O)c(N2CCN(CCO)CC2)nc2cnc(-c3ccc(OC)nc3)cc21
CHEMBL590280,CCCOCCn1c(=O)c(N2CCN(CC)CC2)nc2cnc(-c3ccc(OC)nc3)cc21
CHEMBL602120,CCCOCCn1c(=O)c(N2C[C@H]3C[C@@H]2CN3)nc2cnc(-c3ccc(OC)nc3)cc21
CHEMBL591477,CCCOCCn1c(=O)c(N2CCNCC2)nc2cnc(-c3ccc(OC)nc3)cc21
CHEMBL567252,CCCOCCn1c(=O)c(NCCNCCO)nc2cnc(-c3ccc(OC)nc3)cc21
CHEMBL567469,CCCOCCn1c(=O)c(NCCN)nc2cnc(-c3ccc(OC)nc3)cc21
CHEMBL1098905,CCN1C(=O)[C@H]2Cc3c([nH]c4ccccc34)[C@@H](c3ccccc3Br)N2C1=O
CHEMBL1099245,CCN1C(=O)[C@@H]2Cc3c([nH]c4ccccc34)[C@@H](c3ccccc3Br)N2C1=O
CHEMBL1097584,CN1CC(=O)N2[C@H](c3ccccc3Br)c3[nH]c4ccccc4c3C[C@@H]2C1=O
CHEMBL1097587,CN1CC(=O)N2[C@H](c3ccccc3Br)c3[nH]c4ccccc4c3C[C@H]2C1=O
CHEMBL1094268,CCN1CC(=O)N2[C@H](c3ccccc3Br)c3[nH]c4ccccc4c3C[C@@H]2C1=O
CHEMBL1094590,CCN1CC(=O)N2[C@H](c3ccccc3Br)c3[nH]c4ccccc4c3C[C@H]2C1=O
CHEMBL1096598,CCCCN1CC(=O)N2[C@H](c3ccccc3Br)c3[nH]c4ccccc4c3C[C@@H]2C1=O
CHEMBL1097923,CCCCN1CC(=O)N2[C@H](c3ccccc3Br)c3[nH]c4ccccc4c3C[C@H]2C1=O
CHEMBL1094263,O=C1[C@@H]2Cc3c([nH]c4ccccc34)[C@@H](c3ccccc3Br)N2C(=O)CN1Cc1ccccc1
CHEMBL779,CN1CC(=O)N2[C@H](c3ccc4c(c3)OCO4)c3[nH]c4ccccc4c3C[C@@H]2C1=O
CHEMBL1094238,CCOCCn1nc(C)c2nc(N3CCNCC3)nc(Nc3ccccn3)c21
CHEMBL1094399,CCOCCn1nc(CC)c2nc(N3CCNCC3)nc(Nc3ccccn3)c21
CHEMBL1094544,CCOCCn1nc(CC)c2nc(N3CCNCC3)nc(Nc3ccccc3)c21
CHEMBL1095175,CCOCCn1nc(C)c2nc(N3CCNCC3)nc(Nc3cccc(C)n3)c21
CHEMBL1095176,CCOCCn1nc(CC)c2nc(N3CCNCC3)nc(Nc3cccc(C)n3)c21
CHEMBL1095185,CCOCCn1nc(C)c2nc(N3CCNCC3)nc(Nc3cc(C)ccn3)c21
CHEMBL1095186,CCOCCn1nc(CC)c2nc(N3CCNCC3)nc(Nc3cc(C)ccn3)c21
CHEMBL1096785,CCOCCn1nc(CC)c2nc(N3CCNCC3)nc(Nc3ccc(C)cn3)c21
CHEMBL1094517,CCOCCn1nc(CC)c2nc(N3CCNCC3)nc(Nc3ncccc3C)c21
CHEMBL1094210,CCOCCn1nc(C)c2nc(N3CCN(C)CC3)nc(Nc3cc(C)ccn3)c21
CHEMBL1094211,CCOCCn1nc(CC)c2nc(N3CCN(C)CC3)nc(Nc3cc(C)ccn3)c21
CHEMBL1097780,CCOCCn1nc(CC)c2nc(N3CCN[C@H](C)C3)nc(Nc3cc(C)ccn3)c21
CHEMBL1097781,CCOCCn1nc(CC)c2nc(N3CCN[C@@H](C)C3)nc(Nc3cc(C)ccn3)c21
CHEMBL1097782,CCOCCn1nc(CC)c2nc(N3CCCNCC3)nc(Nc3cc(C)ccn3)c21
CHEMBL1097783,CCOCCn1nc(C)c2nc(NC3CCNCC3)nc(Nc3cc(C)ccn3)c21
CHEMBL1094499,CCOCCn1nc(CC)c2nc(NC3CCNCC3)nc(Nc3cc(C)ccn3)c21
CHEMBL1098114,CCOCCn1nc(CC)c2nc(NC3CCN(C)CC3)nc(Nc3cc(C)ccn3)c21
CHEMBL1094190,CCOCCn1nc(CC)c2nc(NC3CCN(CC)CC3)nc(Nc3cc(C)ccn3)c21
CHEMBL1094191,CCOCCn1nc(CC)c2nc(N(C)C3CCN(C)CC3)nc(Nc3cc(C)ccn3)c21
CHEMBL1094830,CCOCCn1nc(CC)c2nc(N(C)C3CCNC3)nc(Nc3cc(C)ccn3)c21
CHEMBL1094500,CCOCCn1nc(C)c2nc(N3CCC(N)CC3)nc(Nc3cc(C)ccn3)c21
CHEMBL1094832,CCOCCn1nc(CC)c2nc(N3CCC(N)CC3)nc(Nc3cc(C)ccn3)c21
CHEMBL1094833,CCOCCn1nc(C)c2nc(NCC3CCNCC3)nc(Nc3cc(C)ccn3)c21
CHEMBL1098465,CCOCCn1nc(CC)c2nc(NCC3CCNCC3)nc(Nc3cc(C)ccn3)c21
CHEMBL1098466,CCOCCn1nc(C)c2nc(N3CCC(CN)CC3)nc(Nc3cc(C)ccn3)c21
CHEMBL1094490,CCOCCn1nc(C)c2nc(NC3CCOCC3)nc(Nc3cc(C)ccn3)c21
CHEMBL1097506,CCOCCn1nc(CC)c2nc(N3CCC(CO)CC3)nc(Nc3cc(C)ccn3)c21
CHEMBL1097822,CCOCCn1nc(C)c2nc(N3CCC(C(N)=O)CC3)nc(Nc3cc(C)ccn3)c21
CHEMBL1097823,CCOCCn1nc(CC)c2nc(N3CCC(C(N)=O)CC3)nc(Nc3cc(C)ccn3)c21
CHEMBL1098141,CCOCCn1nc(CC)c2nc(N3CCCC(C(N)=O)C3)nc(Nc3cc(C)ccn3)c21
CHEMBL1094249,CCOCCn1nc(C)c2nc(N3CCC(C(=O)O)CC3)nc(Nc3cc(C)ccn3)c21
CHEMBL1094365,CCOCCn1nc(CC)c2nc(N3CCC(C(=O)O)CC3)nc(Nc3cc(C)ccn3)c21
CHEMBL1094399,CCOCCn1nc(CC)c2nc(N3CCNCC3)nc(Nc3ccccn3)c21
CHEMBL1098055,CCCOCCn1nc(CC)c2nc(N3CCNCC3)nc(Nc3ccccn3)c21
CHEMBL1098056,CCc1nn(CCOC(C)C)c2c(Nc3ccccn3)nc(N3CCNCC3)nc12
CHEMBL1097717,CCc1nn(CCOCC(F)(F)F)c2c(Nc3ccccn3)nc(N3CCNCC3)nc12
CHEMBL1097718,Cc1cccc(Nc2nc(N3CCNCC3)nc3c(C)nn(CCOCC(F)(F)F)c23)n1
CHEMBL1097719,CCc1nn(CCOCC(F)(F)F)c2c(Nc3cccc(C)n3)nc(N3CCNCC3)nc12
CHEMBL1098654,Cc1ccnc(Nc2nc(N3CCNCC3)nc3c(C)nn(CCOCC(F)(F)F)c23)c1
CHEMBL1095405,CCc1nn(CCOCC(F)(F)F)c2c(Nc3cc(C)ccn3)nc(N3CCNCC3)nc12
CHEMBL1095406,CCc1nn(CCOCC(F)(F)F)c2c(Nc3ccc(F)cc3)nc(N3CCNCC3)nc12
CHEMBL1099069,CCc1nn(CCOCC(F)(F)F)c2c(Nc3ccncn3)nc(N3CCNCC3)nc12
CHEMBL1094098,Cc1nn(CCOCC(F)(F)F)c2c(Nc3ccncn3)nc(N3CCCNCC3)nc12
CHEMBL1095440,CCc1nn(CCOCC(F)(F)F)c2c(Nc3ccncn3)nc(N3CCCNCC3)nc12
CHEMBL1095760,CCc1nn(CCOCC(F)(F)F)c2c(Nc3ccncn3)nc(N3CCCN(C)CC3)nc12
CHEMBL1098751,CCc1nn(CCOCC(F)(F)F)c2c(Nc3ccncn3)nc(N(C)C3CCN(C)CC3)nc12
CHEMBL1098752,Cc1nn(CCOCC(F)(F)F)c2c(Nc3ccncn3)nc(N3CCN[C@H](C)C3)nc12
CHEMBL1095121,CCc1nn(CCOCC(F)(F)F)c2c(Nc3ccncn3)nc(N3CCN[C@H](C)C3)nc12
CHEMBL1095122,Cc1nn(CCOCC(F)(F)F)c2c(Nc3ccncn3)nc(N3CCN[C@@H](C)C3)nc12
CHEMBL1097983,CCc1nn(CCOCC(F)(F)F)c2c(Nc3ccncn3)nc(NCCN)nc12
CHEMBL1095123,CCc1nn(CCOCC(F)(F)F)c2c(Nc3ccncn3)nc(N3CCOCC3)nc12
CHEMBL1095455,CCc1nn(CCOCC(F)(F)F)c2c(Nc3ccncn3)nc(N3CCNC(=O)C3)nc12
CHEMBL192,CCCc1nn(C)c2c(=O)[nH]c(-c3cc(S(=O)(=O)N4CCN(C)CC4)ccc3OCC)nc12
CHEMBL1095176,CCOCCn1nc(CC)c2nc(N3CCNCC3)nc(Nc3cccc(C)n3)c21
CHEMBL382494,Cc1nn(Cc2ccccc2)c(=O)c2nc(C)n3nc(-c4ccccc4)cc3c12
CHEMBL213425,Cc1nn(Cc2ccccc2)c(=O)c2ncn3nc(-c4ccccc4)cc3c12
CHEMBL1650673,CCN1C(=O)[C@H]2Cc3c([nH]c4ccccc34)[C@@H](c3ccc(Cl)cc3Cl)N2C1=O
CHEMBL1650674,CCN1C(=O)[C@H]2Cc3c([nH]c4ccccc34)[C@H](c3ccc(Cl)cc3Cl)N2C1=O
CHEMBL1650676,CCN1C(=O)[C@@H]2Cc3c([nH]c4ccccc34)[C@@H](c3ccc(Cl)cc3Cl)N2C1=O
CHEMBL1650677,CCN1C(=O)[C@H]2Cc3c([nH]c4ccccc34)[C@@H](c3ccc(Cl)c(Cl)c3)N2C1=O
CHEMBL1650680,CCN1C(=O)[C@@H]2Cc3c([nH]c4ccccc34)[C@@H](c3ccc(Cl)c(Cl)c3)N2C1=O
CHEMBL1650686,CC(C)(C)N1C(=O)[C@@H]2Cc3c([nH]c4ccccc34)[C@@H](c3ccc(Cl)cc3Cl)N2C1=O
CHEMBL1650690,CC(C)(C)N1C(=O)[C@@H]2Cc3c([nH]c4ccccc34)[C@@H](c3ccc(Cl)c(Cl)c3)N2C1=O
CHEMBL1650862,CN1CC(=O)N2[C@H](c3ccc(Cl)cc3Cl)c3[nH]c4ccccc4c3C[C@@H]2C1=O
CHEMBL1650865,CN1CC(=O)N2[C@H](c3ccc(Cl)cc3Cl)c3[nH]c4ccccc4c3C[C@H]2C1=O
CHEMBL1650866,CCN1CC(=O)N2[C@H](c3ccc(Cl)cc3Cl)c3[nH]c4ccccc4c3C[C@@H]2C1=O
CHEMBL1650867,CCN1CC(=O)N2[C@@H](c3ccc(Cl)cc3Cl)c3[nH]c4ccccc4c3C[C@@H]2C1=O
CHEMBL1650869,CCN1CC(=O)N2[C@H](c3ccc(Cl)cc3Cl)c3[nH]c4ccccc4c3C[C@H]2C1=O
CHEMBL1650876,CCCCN1CC(=O)N2[C@H](c3ccc(Cl)cc3Cl)c3[nH]c4ccccc4c3C[C@@H]2C1=O
CHEMBL1650879,CCCCN1CC(=O)N2[C@H](c3ccc(Cl)cc3Cl)c3[nH]c4ccccc4c3C[C@H]2C1=O
CHEMBL1650880,CC(C)(C)N1CC(=O)N2[C@H](c3ccc(Cl)cc3Cl)c3[nH]c4ccccc4c3C[C@@H]2C1=O
CHEMBL1650854,CC(C)(C)N1CC(=O)N2[C@H](c3ccc(Cl)cc3Cl)c3[nH]c4ccccc4c3C[C@H]2C1=O
CHEMBL1650673,CCN1C(=O)[C@H]2Cc3c([nH]c4ccccc34)[C@@H](c3ccc(Cl)cc3Cl)N2C1=O
CHEMBL1650676,CCN1C(=O)[C@@H]2Cc3c([nH]c4ccccc34)[C@@H](c3ccc(Cl)cc3Cl)N2C1=O
CHEMBL1650866,CCN1CC(=O)N2[C@H](c3ccc(Cl)cc3Cl)c3[nH]c4ccccc4c3C[C@@H]2C1=O
CHEMBL779,CN1CC(=O)N2[C@H](c3ccc4c(c3)OCO4)c3[nH]c4ccccc4c3C[C@@H]2C1=O
CHEMBL192,CCCc1nn(C)c2c(=O)[nH]c(-c3cc(S(=O)(=O)N4CCN(C)CC4)ccc3OCC)nc12
CHEMBL1916290,CCCOCCn1c(=O)nc(NCCOC(C)C)c2cnc(-c3ccc(OC)nc3)cc21
CHEMBL1916490,CCCOCCn1c(=O)nc(N2CCN(CC(=O)O)CC2)c2nnc(-c3ccc(OC)nc3)cc21
CHEMBL1916489,CCCOCCn1c(=O)nc(N2CCCC(C(=O)O)C2)c2nnc(-c3ccc(OC)nc3)cc21
CHEMBL1916488,CCCOCCn1c(=O)nc(N2CCC(C(=O)O)CC2)c2nnc(-c3ccc(OC)nc3)cc21
CHEMBL1916487,CCCOCCn1c(=O)nc(N2CCC(CC(=O)O)CC2)c2nnc(-c3ccc(OC)nc3)cc21
CHEMBL1916486,CCCOCCn1c(=O)nc(NC2CCC(C(=O)O)CC2)c2nnc(-c3ccc(OC)nc3)cc21
CHEMBL1916485,CCCOCCn1c(=O)nc(N[C@@H]2CCCC[C@@H]2C(=O)O)c2nnc(-c3ccc(OC)nc3)cc21
CHEMBL1916484,CCCOCCn1c(=O)nc(N[C@@H]2CCCC[C@H]2C(=O)O)c2nnc(-c3ccc(OC)nc3)cc21
CHEMBL1916483,CCCOCCn1c(=O)nc(NC2CCCC(C(=O)O)C2)c2nnc(-c3ccc(OC)nc3)cc21
CHEMBL1916482,CCCOCCn1c(=O)nc(NC(C)(C)C(=O)O)c2nnc(-c3ccc(OC)nc3)cc21
CHEMBL1916481,CCCOCCn1c(=O)nc(N[C@H](C)C(=O)O)c2nnc(-c3ccc(OC)nc3)cc21
CHEMBL1916480,CCOCCn1c(=O)nc(NCC(=O)N(C)C)c2nnc(-c3ccc(OC)nc3)cc21
CHEMBL1916479,COc1ccc(-c2cc3c(nn2)c(NCC(=O)N(C)C)nc(=O)n3CCOCC(F)(F)F)cn1
CHEMBL1916478,CCCOCCn1c(=O)nc(NCC(=O)N(C)C)c2nnc(-c3ccc(OC)nc3)cc21
CHEMBL1916477,CCOCCn1c(=O)nc(NC2CCC(O)CC2)c2nnc(-c3ccc(OC)nc3)cc21
CHEMBL1916476,COc1ccc(-c2cc3c(nn2)c(NC2CCC(O)CC2)nc(=O)n3CCOCC(F)(F)F)cn1
CHEMBL1916475,CCCOCCn1c(=O)nc(NC2CCC(O)CC2)c2nnc(-c3ccc(OC)nc3)cc21
CHEMBL1916474,CCOCCn1c(=O)nc(N2CCN(CCO)CC2)c2nnc(-c3ccc(OC)nc3)cc21
CHEMBL1916473,COc1ccc(-c2cc3c(nn2)c(N2CCN(CCO)CC2)nc(=O)n3CCOCC(F)(F)F)cn1
CHEMBL1916304,CCCOCCn1c(=O)nc(N2CCN(CCO)CC2)c2nnc(-c3ccc(OC)nc3)cc21
CHEMBL1916303,CCCOCCn1c(=O)nc(NCCC(=O)O)c2nnc(-c3ccc(OC)nc3)cc21
CHEMBL1916302,CCCOCCn1c(=O)nc(N2CCC(O)CC2)c2nnc(-c3ccc(OC)nc3)cc21
CHEMBL1916301,CCCOCCn1c(=O)nc(NCCO)c2nnc(-c3ccc(OC)nc3)cc21
CHEMBL1916300,CCCOCCn1c(=O)nc(NC2CCNCC2)c2nnc(-c3ccc(OC)nc3)cc21
CHEMBL1916299,CCCOCCn1c(=O)nc(NCCN2CCOCC2)c2nnc(-c3ccc(OC)nc3)cc21
CHEMBL1916298,CCCOCCn1c(=O)nc(N2CCN(CCO)CC2)c2ncc(-c3ccc(OC)nc3)cc21
CHEMBL1916297,CCCOCCn1c(=O)c(N2CCN(CCO)CC2)nc2ncc(-c3ccc(OC)nc3)cc21
CHEMBL1916296,CCCOCCn1c(=O)nc(N2CCN(CCO)CC2)c2cnc(-c3ccc(OC)nc3)cc21
CHEMBL591501,CCCOCCn1c(=O)c(N2CCN(CCO)CC2)nc2cnc(-c3ccc(OC)nc3)cc21
CHEMBL1916295,CCCOCCn1c(=O)nc(NC2CCC(O)CC2)c2ncc(-c3ccc(OC)nc3)cc21
CHEMBL1916293,CCCOCCn1c(=O)nc(NC2CCC(O)CC2)c2cnc(-c3ccc(OC)nc3)cc21
CHEMBL1916292,CCCOCCn1c(=O)c(NC2CCC(O)CC2)nc2cnc(-c3ccc(OC)nc3)cc21
CHEMBL1916291,CCCOCCn1c(=O)nc(NCCN2CCOCC2)c2cnc(-c3ccc(OC)nc3)cc21
CHEMBL1928249,CCCn1nc2c(=O)[nH]c(-c3cc(S(=O)(=O)N4CCN(CC)CC4)cnc3OCCOC)nc2c1CC
CHEMBL1928250,CCc1c2nc(-c3cc(S(=O)(=O)N4CCN(CC)CC4)cnc3OCCOC)[nH]c(=O)c2nn1C(C)C
CHEMBL1928251,CCc1c2nc(-c3cc(S(=O)(=O)N4CCN(CC)CC4)cnc3OCCOC)[nH]c(=O)c2nn1C1CCC1
CHEMBL1928252,CCc1c2nc(-c3cc(S(=O)(=O)N4CCN(CC)CC4)cnc3OCCOC)[nH]c(=O)c2nn1CC(C)C
CHEMBL1928253,CCc1c2nc(-c3cc(S(=O)(=O)N4CCN(CC)CC4)cnc3OCCOC)[nH]c(=O)c2nn1CC1CC1
CHEMBL1928254,CCc1c2nc(-c3cc(S(=O)(=O)N4CCN(CC)CC4)cnc3OCCOC)[nH]c(=O)c2nn1C1CCOCC1
CHEMBL1928255,CCCn1nc2c(=O)[nH]c(-c3cc(S(=O)(=O)N4CCN(C)CC4)cnc3OCCOC)nc2c1CC
CHEMBL1928256,CCc1c2nc(-c3cc(S(=O)(=O)N4CCN(C)CC4)cnc3OCCOC)[nH]c(=O)c2nn1CC(C)C
CHEMBL1928257,CCCOc1ccc(S(=O)(=O)N2CCN(CC)CC2)cc1-c1nc2c(CC)n(Cc3ccccn3)nc2c(=O)[nH]1
CHEMBL1928258,CCCOc1ncc(S(=O)(=O)N2CCN(CC)CC2)cc1-c1nc2c(CC)n(CCOC)nc2c(=O)[nH]1
CHEMBL1928259,CCc1c2nc(-c3cc(S(=O)(=O)N4CCN(CC)CC4)cnc3OCC(C)C)[nH]c(=O)c2nn1CCOC
CHEMBL1928260,CCc1c2nc(-c3cc(S(=O)(=O)N4CCN(CC)CC4)cnc3OCc3ccccn3)[nH]c(=O)c2nn1CCOC
CHEMBL1928261,CCc1c2nc(-c3cc(S(=O)(=O)N4CCN(CC)CC4)cnc3OCCOC)[nH]c(=O)c2nn1CCOC
CHEMBL1928262,CCOc1ncc(S(=O)(=O)N2CCN(CC)CC2)cc1-c1nc2c(CC)n(CCOC)nc2c(=O)[nH]1
CHEMBL1928263,CCCCOc1ncc(S(=O)(=O)N2CCN(CC)CC2)cc1-c1nc2c(CC)n(CCN(C)C)nc2c(=O)[nH]1
CHEMBL1928264,CCc1c2nc(-c3cc(S(=O)(=O)N4CCN(CC)CC4)cnc3OCC(C)C)[nH]c(=O)c2nn1CCCN(C)C
CHEMBL1928265,CCCCOc1ncc(S(=O)(=O)N2CCN(CC)CC2)cc1-c1nc2c(CC)n(C3CCN(S(C)(=O)=O)CC3)nc2c(=O)[nH]1
CHEMBL1928266,CCCCOc1ncc(S(=O)(=O)N2CCN(CC)CC2)cc1-c1nc2c(CC)n(C3CCN(C)CC3)nc2c(=O)[nH]1
CHEMBL1928267,CCOc1ncc(S(=O)(=O)N2CCN(CC)CC2)cc1C(=O)Nc1c(C(N)=O)nn(C2CNC2)c1CC
CHEMBL1928268,CCOc1ncc(S(=O)(=O)N2CCN(CC)CC2)cc1C(=O)Nc1c(C(N)=O)nn(C2CN(C)C2)c1CC
CHEMBL1928269,CCCCOc1ncc(S(=O)(=O)N2CCN(CC)CC2)cc1-c1nc2c(CC)n(C3CN(C)C3)nc2c(=O)[nH]1
CHEMBL1928270,CCOc1ncc(S(=O)(=O)N2CCN(CC)CC2)cc1-c1nc2c(CC)n(CCN3CCOCC3)nc2c(=O)[nH]1
CHEMBL1928271,CCc1c2nc(-c3cc(S(=O)(=O)N4CCN(CC)CC4)cnc3OCC3CC3)[nH]c(=O)c2nn1CCN1CCOCC1
CHEMBL1928272,CCc1c2nc(-c3cc(S(=O)(=O)N4CCN(CC)CC4)cnc3OCCOC)[nH]c(=O)c2nn1CCN1CCOCC1
CHEMBL1928273,CCOc1ncc(S(=O)(=O)N2CCN(CC)CC2)cc1-c1nc2c3n(nc2c(=O)[nH]1)CCCC3
CHEMBL1928274,CCCOc1ncc(S(=O)(=O)N2CCN(CC)CC2)cc1-c1nc2c3n(nc2c(=O)[nH]1)CCCC3
CHEMBL1928275,CCN1CCN(S(=O)(=O)c2cnc(OCCOC)c(-c3nc4c5n(nc4c(=O)[nH]3)CCCC5)c2)CC1
CHEMBL1928276,CCOc1ncc(S(=O)(=O)N2CCN(CC)CC2)cc1-c1nc2c3n(nc2c(=O)[nH]1)CCCC3C
CHEMBL1928276,CCOc1ncc(S(=O)(=O)N2CCN(CC)CC2)cc1-c1nc2c3n(nc2c(=O)[nH]1)CCCC3C
CHEMBL1928277,CCN1CCN(S(=O)(=O)c2cnc(OCCOC)c(-c3nc4c5n(nc4c(=O)[nH]3)CCCC5C)c2)CC1
CHEMBL1928277,CCN1CCN(S(=O)(=O)c2cnc(OCCOC)c(-c3nc4c5n(nc4c(=O)[nH]3)CCCC5C)c2)CC1
CHEMBL1737,CCCc1nn(C)c2c(=O)[nH]c(-c3cc(S(=O)(=O)N4CCN(C)CC4)ccc3OCC)nc12.O=C(O)CC(O)(CC(=O)O)C(=O)O
CHEMBL192,CCCc1nn(C)c2c(=O)[nH]c(-c3cc(S(=O)(=O)N4CCN(C)CC4)ccc3OCC)nc12
CHEMBL2180954,CCOc1ccc(S(=O)(=O)N2CCN(C)CC2)cc1-c1nc(C(C)C)c(Cl)c(=O)[nH]1
CHEMBL2180953,CCCCCCOc1ccc(S(=O)(=O)N2CCN(C)CC2)cc1-c1nc(C(C)C)c(Br)c(=O)[nH]1
CHEMBL2180952,CCCCOc1ccc(S(=O)(=O)N2CCN(C)CC2)cc1-c1nc(C(C)C)c(Br)c(=O)[nH]1
CHEMBL2180951,CCOc1ccc(S(=O)(=O)N2CCN(C)CC2)cc1-c1nc(C(C)C)c(Br)c(=O)[nH]1
