system,group,ligand_key,smiles
cdk2,charge_annihilation_set,25,Oc1ccc(Nc2nc(OCC3CCCCC3)c3nc[nH]c3n2)cc1
cdk2,charge_annihilation_set,34,NC(=O)c1ccc(Nc2nc(OCC3CCCCC3)c3nc[nH]c3n2)cc1
cdk2,charge_annihilation_set,39charg,O=C(O)c1ccc(Nc2nc(OCC3CCCCC3)c3nc[nH]c3n2)cc1
cdk2,jacs_set,17,Brc1cccc(Nc2nc(OCC3CCCCC3)c3nc[nH]c3n2)c1
cdk2,jacs_set,1h1q,c1ccc(Nc2nc(OCC3CCCCC3)c3nc[nH]c3n2)cc1
cdk2,jacs_set,1h1r,Clc1cccc(Nc2nc(OCC3CCCCC3)c3nc[nH]c3n2)c1
cdk2,jacs_set,1h1s,NS(=O)(=O)c1ccc(Nc2nc(OCC3CCCCC3)c3nc[nH]c3n2)cc1
cdk2,jacs_set,1oi9,Oc1ccc(Nc2nc(OCC3CCCCC3)c3nc[nH]c3n2)cc1
cdk2,jacs_set,1oiu,NS(=O)(=O)c1cccc(Nc2nc(OCC3CCCCC3)c3nc[nH]c3n2)c1
cdk2,jacs_set,1oiy,NC(=O)c1ccc(Nc2nc(OCC3CCCCC3)c3nc[nH]c3n2)cc1
cdk2,jacs_set,20,OCc1cccc(Nc2nc(OCC3CCCCC3)c3nc[nH]c3n2)c1
cdk2,jacs_set,21,COc1cccc(Nc2nc(OCC3CCCCC3)c3nc[nH]c3n2)c1
cdk2,jacs_set,22,CSc1cccc(Nc2nc(OCC3CCCCC3)c3nc[nH]c3n2)c1
cdk2,jacs_set,26,COc1ccc(Nc2nc(OCC3CCCCC3)c3nc[nH]c3n2)cc1
cdk2,jacs_set,28,CNS(=O)(=O)c1ccc(Nc2nc(OCC3CCCCC3)c3nc[nH]c3n2)cc1
cdk2,jacs_set,29,CN(C)S(=O)(=O)c1ccc(Nc2nc(OCC3CCCCC3)c3nc[nH]c3n2)cc1
cdk2,jacs_set,30,CS(=O)(=O)c1ccc(Nc2nc(OCC3CCCCC3)c3nc[nH]c3n2)cc1
cdk2,jacs_set,31,C[S@](=O)c1ccc(Nc2nc(OCC3CCCCC3)c3nc[nH]c3n2)cc1
cdk2,jacs_set,32,COc1cc(Nc2nc(OCC3CCCCC3)c3nc[nH]c3n2)ccc1S(N)(=O)=O
cdk8,merck,13,Cc1cccc(Cc2n[nH]c3cc(O)c(C(=O)N4CC[C@H](O)C4)cc23)c1
cdk8,merck,14,CNC(=O)c1ccc2[nH]nc(CC(C)C)c2c1
cdk8,merck,15,CNC(=O)c1ccc2[nH]nc(Cc3ccc(OC)c(OC)c3)c2c1
cdk8,merck,16 flipped,CNC(=O)c1ccc2[nH]nc(Cc3cccc(C)c3)c2c1
cdk8,merck,17 flipped,CNC(=O)c1ccc2[nH]nc(Cc3ccc4cnn(C)c4c3)c2c1
cdk8,merck,18 flipped,CNC(=O)c1ccc2[nH]nc(Cc3ccc4c(cnn4C)c3)c2c1
cdk8,merck,19,CNC(=O)c1ccc2[nH]nc(Cc3ccc(-c4cnn(C)c4)cc3)c2c1
cdk8,merck,20,CNC(=O)c1ccc2[nH]nc(Cc3ccc(-c4cnn(CC(C)(C)O)c4)cc3)c2c1
cdk8,merck,21,Cn1cnc(-c2ccc3[nH]nc(Cc4ccc(-c5cnn(C)c5)cc4)c3c2)c1
cdk8,merck,22,Cn1cc(-c2ccc(Cc3n[nH]c4ccc(-c5nccn5C)cc34)cc2)cn1
cdk8,merck,23,Cn1cc(-c2ccc(Cc3n[nH]c4ccc(-c5cc(N)ccn5)cc34)cc2)cn1
cdk8,merck,24,CC(=O)Nc1ccc2[nH]nc(Cc3ccc(-c4cnn(C)c4)cc3)c2c1
cdk8,merck,25,Cn1cc(-c2ccc(Cc3n[nH]c4ccc(NS(C)(=O)=O)cc34)cc2)cn1
cdk8,merck,26,Cn1cc(-c2ccc(Cc3n[nH]c4ccc(N5CCCC5=O)cc34)cc2)cn1
cdk8,merck,27,CC(=O)NCCNc1ccc2[nH]nc(Cc3ccc(-c4cnn(C)c4)cc3)c2c1
cdk8,merck,29,Cn1cc(-c2ccc(Cc3n[nH]c4ccc(S(=O)(=O)NC5CC5)cc34)cc2)cn1
cdk8,merck,30,Cn1cc(-c2ccc(Cc3n[nH]c4ccc(C(=O)N5CC[C@H](O)C5)cc34)cc2)cn1
cdk8,merck,31,Cn1cc(-c2ccc(Cc3n[nH]c4ccc(C(=O)N5CC[C@@H](O)C5)cc34)cc2)cn1
cdk8,merck,32,Cn1cc(-c2ccc(Cc3n[nH]c4ccc(C(N)=O)cc34)cc2)cn1
cdk8,merck,33,Cn1cc(-c2ccc(Cc3n[nH]c4ccc(C(=O)NC5CC5)cc34)cc2)cn1
cdk8,merck,34,Cn1cc(-c2ccc(Cc3n[nH]c4ccc(C(=O)N5CC(F)(F)C5)cc34)cc2)cn1
cdk8,merck,35,Cn1cc(-c2ccc(Cc3n[nH]c4ccc(C(=O)N5CC(O)C5)cc34)cc2)cn1
cdk8,merck,36,COC1CN(C(=O)c2ccc3[nH]nc(Cc4ccc(-c5cnn(C)c5)cc4)c3c2)C1
cdk8,merck,37,Cn1cc(-c2ccc(Cc3n[nH]c4ccc(C(=O)N5CCCC5)cc34)cc2)cn1
cdk8,merck,38,Cn1cc(-c2ccc(Cc3n[nH]c4ccc(C(=O)N5CCC(F)(F)C5)cc34)cc2)cn1
cdk8,merck,39,Cn1cc(-c2ccc(Cc3n[nH]c4ccc(C(=O)N5CCOCC5)cc34)cc2)cn1
cdk8,merck,40,Cn1cc(-c2ccc(Cc3n[nH]c4ccc(C(=O)N5CCNCC5)cc34)cc2)cn1
cdk8,merck,41,Cn1cc(-c2ccc(Cc3n[nH]c4ccc(C(=O)N5CCCCC5)cc34)cc2)cn1
cdk8,merck,42 flipped,Cn1ncc2cc(Cc3n[nH]c4ccc(C(=O)N5CC[C@H](O)C5)cc34)ccc21
cdk8,merck,43,Cn1ncc2cc(Cc3n[nH]c4ccc(C(=O)N5CCC(F)(F)C5)cc34)ccc21
cdk8,merck,44 flipped,Cn1ncc2cc(Cc3n[nH]c4ccc(C(=O)N5CC(O)C5)cc34)ccc21
cdk8,merck,45 flipped,COC1CN(C(=O)c2ccc3[nH]nc(Cc4ccc5c(cnn5C)c4)c3c2)C1
cdk8,miscellaneous_set,12,COC(=O)c1cc2c(Oc3ccc(Cl)cc3)cncc2s1
cdk8,miscellaneous_set,13,NC(=O)c1cc2c(Oc3ccc(Cl)cc3)cncc2s1
cdk8,miscellaneous_set,14,CNC(=O)c1cc2c(Oc3ccc(Cl)cc3)cncc2s1
cdk8,miscellaneous_set,15,CN(C)C(=O)c1cc2c(Oc3ccc(Cl)cc3)cncc2s1
cdk8,miscellaneous_set,16,CCNC(=O)c1cc2c(Oc3ccc(Cl)cc3)cncc2s1
cdk8,miscellaneous_set,17,O=C(NC1CC1)c1cc2c(Oc3ccc(Cl)cc3)cncc2s1
cdk8,miscellaneous_set,19,CC(=O)c1cc2c(Oc3ccc(Cl)cc3)cncc2s1
cdk8,miscellaneous_set,20,CCC(=O)c1cc2c(Oc3ccc(Cl)cc3)cncc2s1
cdk8,miscellaneous_set,21,O=C(c1cc2c(Oc3ccc(Cl)cc3)cncc2s1)C1CC1
cdk8,miscellaneous_set,22,CNC(=O)c1cc2c(Oc3ccc(I)cc3)cncc2s1
cmet,merck,CHEMBL3402741 400,CCN(CC)CCCOC(=O)Nc1cccc(CN2N=C(c3ccc(OC)c(OC)c3)CSC2=O)c1
cmet,merck,CHEMBL3402742 23,CN(C)CCCOC(=O)Nc1cccc(CN2N=C(c3cc(F)cc(F)c3)CSC2=O)c1
cmet,merck,CHEMBL3402743 42,CN(C)CCCOC(=O)Nc1cccc(Cn2nc(-c3cc(F)cc(F)c3)ccc2=O)c1
cmet,merck,CHEMBL3402744 300,COC(=O)Nc1cccc(Cn2nc(-c3cc(F)cc(F)c3)ccc2=O)c1
cmet,merck,CHEMBL3402745 200,CCOC(=O)Nc1cccc(Cn2nc(-c3cc(F)cc(F)c3)ccc2=O)c1
cmet,merck,CHEMBL3402747 3400,Cc1noc(-c2cccc(Cn3nc(-c4cc(F)cc(F)c4)ccc3=O)c2)n1
cmet,merck,CHEMBL3402748 5300,Cc1cnc(-c2cccc(Cn3nc(-c4cc(F)cc(F)c4)ccc3=O)c2)[nH]1
cmet,merck,CHEMBL3402749 500,Cc1cnc(-c2cccc(Cn3nc(-c4cc(F)cc(F)c4)ccc3=O)c2)o1
cmet,merck,CHEMBL3402750 400,Cc1cnc(-c2cccc(Cn3nc(-c4cc(F)cc(F)c4)ccc3=O)c2)s1
cmet,merck,CHEMBL3402751 2100,Cc1csc(-c2cccc(Cn3nc(-c4cc(F)cc(F)c4)ccc3=O)c2)n1
cmet,merck,CHEMBL3402752 30000,Cc1nc(-c2cccc(Cn3nc(-c4cc(F)cc(F)c4)ccc3=O)c2)cs1
cmet,merck,CHEMBL3402753 200,Cc1ccc(-c2cccc(Cn3nc(-c4cc(F)cc(F)c4)ccc3=O)c2)nc1
cmet,merck,CHEMBL3402754 40,Cc1cnc(-c2cccc(Cn3nc(-c4cc(F)cc(F)c4)ccc3=O)c2)nc1
cmet,merck,CHEMBL3402755 4200,Cc1ccc(-c2cccc(Cn3nc(-c4cc(F)cc(F)c4)ccc3=O)c2)nn1
cmet,merck,CHEMBL3402756 2.7 redocked,CN(C)CCCOc1cnc(-c2cccc(Cn3nc(-c4cc(F)cc(F)c4)ccc3=O)c2)nc1
cmet,merck,CHEMBL3402757 6.5 redocked,CN(C)CCCOc1cnc(-c2cccc(Cn3nc(-c4cccc(F)c4)ccc3=O)c2)nc1
cmet,merck,CHEMBL3402758 10 redocked,CN(C)CCCOc1cnc(-c2cccc(Cn3nc(-c4cccnc4)ccc3=O)c2)nc1
cmet,merck,CHEMBL3402759 5.7 redocked,COc1cccc(-c2ccc(=O)n(Cc3cccc(-c4ncc(OCCCN(C)C)cn4)c3)n2)c1
cmet,merck,CHEMBL3402760 1 redocked,CN(C)CCCOc1cnc(-c2cccc(Cn3nc(-c4cccc(C#N)c4)ccc3=O)c2)nc1
cmet,merck,CHEMBL3402761 1 redocked,N#Cc1cccc(-c2ccc(=O)n(Cc3cccc(-c4ncc(OCCN5CCOCC5)cn4)c3)n2)c1
cmet,merck,CHEMBL3402762 1 redocked,C[N@]1CC[C@H](COc2cnc(-c3cccc(Cn4nc(-c5cccc(C#N)c5)ccc4=O)c3)nc2)CC1
cmet,merck,CHEMBL3402763 90,CCN(CC)CCCOC(=O)Nc1cccc(CN2N=C(c3ccc(Cl)cc3)CSC2=O)c1
cmet,merck,CHEMBL3402764 90,CN(C)CCCOC(=O)Nc1cccc(Cn2nc(-c3ccc(F)cc3)ccc2=O)c1
cmet,merck,CHEMBL3402765 11 charged pKa 8.1,O=C(Nc1cccc(Cn2nc(-c3cc(F)cc(F)c3)ccc2=O)c1)OCCCN1CCOCC1
eg5,merck,CHEMBL1077204,CN(C)CCNC(=O)NC[C@H]1CC[C@@H]2[C@H](O1)c1cc(C(F)(F)F)ccc1N[C@H]2c1ccccc1
eg5,merck,CHEMBL1077227,CNC[C@H]1CC[C@@H]2[C@H](O1)c1cc(C(C)(C)C)ccc1N[C@H]2c1cccs1
eg5,merck,CHEMBL1078691,CC(C)(C)c1ccc2c(c1)[C@H]1OCCC[C@H]1[C@H](c1ccc(O)cc1)N2
eg5,merck,CHEMBL1078774,CC(C)(C)c1ccc2c(c1)[C@H]1OCCC[C@H]1[C@H](c1ccc(O)c(F)c1)N2
eg5,merck,CHEMBL1078998,CC(C)(C)c1ccc2c(c1)[C@H]1OCCC[C@H]1[C@H](c1cccs1)N2
eg5,merck,CHEMBL1082248,CNC[C@H]1CC[C@@H]2[C@H](O1)c1cc(Br)cc(F)c1N[C@H]2c1ccccc1
eg5,merck,CHEMBL1082249,CC(=O)NCCNC[C@H]1CC[C@@H]2[C@H](O1)c1cc(Br)cc(F)c1N[C@H]2c1ccccc1
eg5,merck,CHEMBL1083517,CNC[C@H]1CC[C@@H]2[C@H](O1)c1cc(C(F)(F)F)ccc1N[C@H]2c1ccc(O)cc1
eg5,merck,CHEMBL1083836,CNC[C@H]1CC[C@@H]2[C@H](O1)c1cc(C3CC3)ccc1N[C@H]2c1ccccc1
eg5,merck,CHEMBL1084115,CC(C)(C)c1ccc2c(c1)[C@H]1OCCC[C@H]1[C@H](c1ccsc1)N2
eg5,merck,CHEMBL1084143,CC(C)c1ccc2c(c1)[C@H]1O[C@@H](CNS(=O)(=O)CCCN(C)C)CC[C@H]1[C@H](c1ccccc1)N2
eg5,merck,CHEMBL1084431,Cc1ccc(C(=O)N(CCN)C[C@H]2CC[C@@H]3[C@H](O2)c2cc(C(F)(F)F)ccc2N[C@H]3c2ccccc2)cc1
eg5,merck,CHEMBL1084676,CN(C)CCOC(=O)NC[C@H]1CC[C@@H]2[C@H](O1)c1cc(C(F)(F)F)ccc1N[C@H]2c1ccccc1
eg5,merck,CHEMBL1084677,CNCCS(=O)(=O)NC[C@H]1CC[C@@H]2[C@H](O1)c1cc(C(F)(F)F)ccc1N[C@H]2c1ccccc1
eg5,merck,CHEMBL1084678,CN(C[C@H]1CC[C@@H]2[C@H](O1)c1cc(C(F)(F)F)ccc1N[C@H]2c1ccccc1)S(=O)(=O)CCCN
eg5,merck,CHEMBL1084935,CC[N@@](CCO)C[C@H]1CC[C@@H]2[C@H](O1)c1cc(C(C)(C)C)ccc1N[C@H]2c1ccccc1
eg5,merck,CHEMBL1085666,NC[C@H]1CC[C@@H]2[C@H](O1)c1cc(C(F)(F)F)ccc1N[C@H]2c1ccccc1
eg5,merck,CHEMBL1085692,CN(C)CCCC(=O)NC[C@H]1CC[C@@H]2[C@H](O1)c1cc(Br)cc(F)c1N[C@H]2c1ccccc1
eg5,merck,CHEMBL1085895,O=C(NCCCO)NC[C@H]1CC[C@@H]2[C@H](O1)c1cc(C(F)(F)F)ccc1N[C@H]2c1ccccc1
eg5,merck,CHEMBL1086409,CNC[C@H]1CC[C@@H]2[C@H](O1)c1cc(C(F)(F)F)ccc1N[C@H]2c1ccc(F)cc1
eg5,merck,CHEMBL1086410,CNC[C@H]1CC[C@@H]2[C@H](O1)c1cc(C(C)(C)C)ccc1N[C@H]2c1ccccc1
eg5,merck,CHEMBL1088740,Cc1ccc2c(c1)[C@H]1OCCC[C@H]1[C@H](c1ccccc1)N2
eg5,merck,CHEMBL1089056,CC(C)(C)c1ccc2c(c1)[C@H]1OCCC[C@H]1[C@H](c1ccccc1)N2
eg5,merck,CHEMBL1089393,Clc1ccc2c(c1)[C@H]1OCCC[C@H]1[C@H](c1ccccc1)N2
eg5,merck,CHEMBL1093087,NCCN(C[C@H]1CC[C@@H]2[C@H](O1)c1cc(C(F)(F)F)ccc1N[C@H]2c1ccccc1)c1ccccc1
eg5,merck,CHEMBL1093088,FC(F)(F)c1ccc2c(c1)[C@H]1O[C@@H](Cn3cncn3)CC[C@H]1[C@H](c1ccccc1)N2
eg5,merck,CHEMBL1096002,OCCNC[C@H]1CC[C@@H]2[C@H](O1)c1cc(Cl)cc(F)c1N[C@H]2c1ccccc1
eg5,merck,CHEMBL1096003,CN(C)CCS(=O)(=O)NC[C@H]1CC[C@@H]2[C@H](O1)c1cc(Cl)cc(F)c1N[C@H]2c1ccccc1
hif2a,merck,1,O=S(=O)(c1ccc(Oc2cc(F)cc(Cl)c2)c2c1[C@H](O)CC2)C(F)F
hif2a,merck,124,O=S(=O)(c1ccc(Oc2cc(F)cc(Cl)c2)c(C(F)F)c1)C(F)(F)F
hif2a,merck,15,N#Cc1cc(F)cc(Oc2ccc(S(=O)(=O)C(F)F)c3c2CC(F)(F)[C@H]3O)c1
hif2a,merck,155,N#Cc1cc(F)cc(Oc2ccc(S(=O)(=O)C(F)F)c3c2CC[C@H]3O)c1
hif2a,merck,156,N#Cc1cccc(Oc2ccc(S(=O)(=O)C(F)F)c3c2CC[C@H]3O)c1
hif2a,merck,163,CS(=O)(=O)c1ccc(Oc2cc(F)cc(C#N)c2)c2c1[C@H](O)C(F)(F)C2
hif2a,merck,164,CS(=O)(=O)c1ccc(Oc2cc(F)cc(C#N)c2)c2c1[C@@H](N)C(F)(F)C2
hif2a,merck,165,CS(=O)(=O)c1ccc(Oc2cc(F)cc(C#N)c2)c2c1[C@H](N)C(F)(F)C2
hif2a,merck,167,N#Cc1cc(Cl)cc(Oc2ccc(S(=O)(=O)CF)c3c2CC(F)(F)[C@H]3O)c1
hif2a,merck,206,CCS(=O)(=O)c1ccc(Oc2cc(F)cc(C#N)c2)c2c1[C@H](O)C(F)(F)C2
hif2a,merck,215,N#Cc1cc(F)cc(Oc2ccc(S(=O)(=O)CCl)c3c2CC(F)(F)[C@H]3O)c1
hif2a,merck,224,Cn1cc(Oc2ccc(S(=O)(=O)C(F)(F)F)c3c2CC(F)(F)[C@H]3O)cn1
hif2a,merck,227,N#Cc1cc(F)cc(Oc2ccc(S(=O)(=O)C(F)(F)F)c3c2C[C@@H](F)[C@H]3O)c1
hif2a,merck,23,O=S(=O)(c1ccc(Oc2cc(F)cc(F)c2)c2c1[C@H](O)[C@H](O)C2)C(F)F
hif2a,merck,231,CS(=O)(=O)c1ccc(Oc2cc(F)cc(C#N)c2)c2c1[C@H](O)[C@H](F)C2
hif2a,merck,234,CS(=O)(=O)c1ccc(Oc2cc(Cl)cc(C#N)c2)c2c1[C@H](O)C(F)(F)C2
hif2a,merck,235,N#Cc1cncc(Oc2ccc(S(=O)(=O)C(F)(F)F)c3c2CC(F)(F)[C@H]3O)c1
hif2a,merck,237,N#Cc1cc(F)cc(Oc2ccc(S(=O)(=O)C(F)F)c3c2CC(F)(F)[C@@H]3O)c1
hif2a,merck,25,O=S(=O)(c1ccc(Oc2cncc(Cl)c2)c2c1[C@H](O)C(F)(F)C2)C(F)F
hif2a,merck,251,CNS(=O)(=O)c1ccc(Oc2cc(F)cc(F)c2)c2c1[C@H](O)C(F)(F)C2
hif2a,merck,252,N#Cc1cc(F)cc(Oc2ccc(S(N)(=O)=O)c3c2CC(F)(F)[C@H]3O)c1
hif2a,merck,254,CNS(=O)(=O)c1ccc(Oc2cc(F)cc(C#N)c2)c2c1[C@H](O)C(F)(F)C2
hif2a,merck,256,NS(=O)(=O)c1ccc(Oc2cc(F)cc(F)c2)c2c1[C@H](O)C(F)(F)C2
hif2a,merck,266,O=S(=O)(c1ccc(Oc2ccc(F)c3[nH]ncc23)c2c1[C@H](O)C(F)(F)C2)C(F)(F)F
hif2a,merck,289,CS(=O)(=O)c1ccc(Oc2cc(F)cc(C#N)c2)c2c1[C@H](O)[C@H](F)[C@@H]2F
hif2a,merck,290,N#Cc1cc(F)cc(Oc2ccc(S(=O)(=O)C(F)(F)F)c3c2CC(F)(F)[C@H]3N)c1
hif2a,merck,30,N#Cc1cc(F)cc(Oc2ccc(S(=O)(=O)C(F)F)c(Cl)c2C#N)c1
hif2a,merck,31,Cc1c(S(=O)(=O)C(F)F)ccc(Oc2cccc(C#N)c2)c1C#N
hif2a,merck,336,N#Cc1cc(F)cc(Oc2ccc(S(N)(=O)=O)c3c2[C@@H](F)[C@@H](F)[C@H]3O)c1
hif2a,merck,338,N#Cc1cc(F)cc(Oc2ccc(S(N)(=O)=O)c3c2[C@@H](F)C(F)(F)[C@H]3O)c1
hif2a,merck,41,O=S(=O)(c1ccc(Oc2cc(F)cc(Cl)c2)c(Cl)c1CO)C(F)F
hif2a,merck,42,N#Cc1cc(F)cc(Oc2ccc(S(=O)(=O)C(F)F)c(CO)c2Cl)c1
hif2a,merck,43,N#Cc1cccc(Oc2ccc(S(=O)(=O)C(F)F)c(CO)c2Cl)c1
hif2a,merck,50,Cc1c(S(C)(=O)=O)ccc(Oc2cc(F)cc(Cl)c2)c1C#N
hif2a,merck,54,CS(=O)(=O)c1ccc(Oc2cc(F)cc(Cl)c2)c(C(F)F)c1CO
hif2a,merck,57,N#Cc1cc(F)cc(Oc2ccc(S(=O)(=O)C(F)(F)F)c3c2CC[C@H]3O)c1
hif2a,merck,61,O=S(=O)(CF)c1ccc(Oc2cc(F)cc(Cl)c2)c2c1[C@H](O)CC2
hif2a,merck,67,N#Cc1ccc(Oc2cc(F)cc(F)c2)c2c1[C@H](O)C(F)(F)C2
hif2a,merck,7a,C[C@H]1C[C@@H](O)c2c(S(=O)(=O)C(F)F)ccc(Oc3cc(F)cc(Cl)c3)c21
hif2a,merck,7b,C[C@H]1C[C@H](O)c2c(S(=O)(=O)C(F)F)ccc(Oc3cc(F)cc(Cl)c3)c21
hif2a,merck,84,O=C1OCc2c(S(=O)(=O)C(F)F)ccc(Oc3cc(F)cc(Cl)c3)c21
mcl1,fragments,10,Cc1ccc2c(C)c(C(=O)O)oc2c1C
mcl1,fragments,11,O=C(O)c1cc2c(Br)cc(Cl)cc2o1
mcl1,fragments,13 flipped,Cn1c(C(=O)O)cc2ccccc21
mcl1,fragments,14,Cn1c(C(=O)O)cc2cc(Br)ccc21
mcl1,fragments,15,Cc1cccc2c(-c3ccccc3)c(C(=O)O)[nH]c12
mcl1,fragments,2,O=C(O)c1sc2ccccc2c1Cl
mcl1,fragments,3,O=C(O)c1sc2cccc(Cl)c2c1Cl
mcl1,fragments,4,O=C(O)c1sc2cc(Cl)ccc2c1Cl
mcl1,fragments,5,Cc1ccc2c(Cl)c(C(=O)O)sc2c1
mcl1,fragments,7,Cc1c(C(=O)O)oc2ccc(Cl)cc12
mcl1,fragments,8,Cc1c(C(=O)O)oc2cc(Cl)ccc12
mcl1,fragments,9,Cc1c(C(=O)O)oc2c(C)cccc12
mcl1,jacs_set,23,O=C(O)c1sc2ccccc2c1CCCOc1cccc2ccccc12
mcl1,jacs_set,26,O=C(O)c1oc2ccccc2c1CCCOc1cccc2ccccc12
mcl1,jacs_set,27,O=C(O)c1[nH]c2ccccc2c1CCCOc1ccccc1
mcl1,jacs_set,28,Cc1ccccc1OCCCc1c(C(=O)O)[nH]c2ccccc12
mcl1,jacs_set,29,O=C(O)c1[nH]c2ccccc2c1CCCOc1ccccc1C(F)(F)F
mcl1,jacs_set,30 flip,Cc1cccc(OCCCc2c(C(=O)O)[nH]c3ccccc23)c1
mcl1,jacs_set,31,O=C(O)c1[nH]c2ccccc2c1CCCOc1cccc(C(F)(F)F)c1
mcl1,jacs_set,32,Cc1ccc(OCCCc2c(C(=O)O)[nH]c3ccccc23)cc1
mcl1,jacs_set,33,O=C(O)c1[nH]c2ccccc2c1CCCOc1ccc(Cl)cc1
mcl1,jacs_set,34,O=C(O)c1[nH]c2ccccc2c1CCCOc1ccc(C(F)(F)F)cc1
mcl1,jacs_set,35,Cc1cc(OCCCc2c(C(=O)O)[nH]c3ccccc23)ccc1Cl
mcl1,jacs_set,36,CCc1cc(OCCCc2c(C(=O)O)[nH]c3ccccc23)ccc1Cl
mcl1,jacs_set,37,Cc1cc(OCCCc2c(C(=O)O)[nH]c3ccccc23)cc(C)c1Cl
mcl1,jacs_set,38 flip,O=C(O)c1[nH]c2ccccc2c1CCCOc1cccc(-c2ccccc2)c1
mcl1,jacs_set,39,O=C(O)c1[nH]c2ccccc2c1CCCOc1ccc(-c2ccccc2)cc1
mcl1,jacs_set,40 flip,O=C(O)c1[nH]c2ccccc2c1CCCOc1cccc(Oc2ccccc2)c1
mcl1,jacs_set,41 flip,O=C(O)c1[nH]c2ccccc2c1CCCOc1ccc(Oc2ccccc2)cc1
mcl1,jacs_set,42,O=C(O)c1[nH]c2ccccc2c1CCCOc1cccc2ccccc12
mcl1,jacs_set,43 flip,O=C(O)c1[nH]c2ccccc2c1CCCOc1ccc2ccccc2c1
mcl1,jacs_set,44,O=C(O)c1[nH]c2ccccc2c1CCCOc1ccc(Cl)c2ccccc12
mcl1,jacs_set,45,O=C(O)c1[nH]c2ccccc2c1CCCOc1cccc2c1CCCC2
mcl1,jacs_set,46 flip,O=C(O)c1[nH]c2ccccc2c1CCCOc1ccc2c(c1)CCC2
mcl1,jacs_set,47 flip,O=C(O)c1[nH]c2ccccc2c1CCCOc1ccc2ncccc2c1
mcl1,jacs_set,48 flip,O=C(O)c1[nH]c2ccccc2c1CCCOc1cccc2[nH]ccc12
mcl1,jacs_set,49,Cc1cc(OCCCc2c(C(=O)O)[nH]c3cccc(Cl)c23)ccc1Cl
mcl1,jacs_set,50,Cc1cc(OCCCc2c(C(=O)O)[nH]c3cccc(Cl)c23)cc(C)c1Cl
mcl1,jacs_set,51,O=C(O)c1[nH]c2cccc(Cl)c2c1CCCOc1cccc2ccccc12
mcl1,jacs_set,52,Cc1cc(OCCCc2c(C(=O)O)[nH]c3cc(Cl)ccc23)ccc1Cl
mcl1,jacs_set,53,Cc1cc(OCCCc2c(C(=O)O)[nH]c3cc(Cl)ccc23)cc(C)c1Cl
mcl1,jacs_set,54,O=C(O)c1[nH]c2cc(Cl)ccc2c1CCCOc1cccc2ccccc12
mcl1,jacs_set,56,Cc1cc(OCCCc2c(C(=O)O)n(C)c3ccccc23)cc(C)c1Cl
mcl1,jacs_set,57,Cn1c(C(=O)O)c(CCCOc2cccc3ccccc23)c2ccccc21
mcl1,jacs_set,58,Cc1cc(OCCCc2c(C(=O)O)n(C)c3cc(Cl)ccc23)cc(C)c1Cl
mcl1,jacs_set,60,Cc1cc(OCCCc2c(C(=O)O)sc3ccccc23)cc(C)c1Cl
mcl1,jacs_set,61,Cc1cc(OCCCc2c(C(=O)O)sc3cccc(Cl)c23)cc(C)c1Cl
mcl1,jacs_set,62,O=C(O)c1sc2cccc(Cl)c2c1CCCOc1cccc2ccccc12
mcl1,jacs_set,63,Cc1cc(OCCCc2c(C(=O)O)sc3cc(Cl)ccc23)cc(C)c1Cl
mcl1,jacs_set,64,O=C(O)c1sc2cc(Cl)ccc2c1CCCOc1cccc2ccccc12
mcl1,jacs_set,65,Cc1cc(OCCCc2c(C(=O)O)sc3c(Cl)cccc23)cc(C)c1Cl
mcl1,jacs_set,66,O=C(O)c1sc2c(Cl)cccc2c1CCCOc1cccc2ccccc12
mcl1,jacs_set,67,Cc1cc(OCCCc2c(C(=O)O)oc3ccccc23)cc(C)c1Cl
mcl1,jacs_set,68,O=C(O)c1oc2ccc(Cl)cc2c1CCCOc1cccc2ccccc12
p38,fragments,1 1W7H,Nc1ncccc1OCc1ccccc1
p38,fragments,3,c1ccc(COc2cccnc2)cc1
p38,fragments,4,Nc1ncccc1OCc1c(Cl)cccc1Cl
p38,fragments,5 1WBW,Nc1ncccc1OCc1cccc2ccccc12
p38,fragments,6,OCCNc1ccc(OCc2c(Cl)cccc2Cl)cn1
p38,fragments,7,CC(C)(CO)Nc1ccc(OCc2c(Cl)cccc2Cl)cn1
p38,jacs_set,2aa,Cn1c(=O)c(Oc2ccc(F)cc2F)cc2cnc(NC(CO)CO)nc21
p38,jacs_set,2bb,Cn1c(=O)c(Oc2ccc(F)cc2F)cc2cnc(NCCS(C)(=O)=O)nc21
p38,jacs_set,2c,Cn1c(=O)c(-c2ccccc2Cl)cc2cnc(NC3CCOCC3)nc21
p38,jacs_set,2e,Cn1c(=O)c(Oc2ccc(F)cc2)cc2cnc(NC3CCOCC3)nc21
p38,jacs_set,2ee,CC(=O)N1CCC(Nc2ncc3cc(Oc4ccc(F)cc4F)c(=O)n(C)c3n2)CC1
p38,jacs_set,2f,Cn1c(=O)c(Oc2cccc(F)c2)cc2cnc(NC3CCOCC3)nc21
p38,jacs_set,2ff,Cn1c(=O)c(Oc2ccc(F)cc2F)cc2cnc(N[C@H]3CC[C@H](O)CC3)nc21
p38,jacs_set,2g,Cn1c(=O)c(Oc2ccccc2F)cc2cnc(NC3CCOCC3)nc21
p38,jacs_set,2gg,Cn1c(=O)c(Oc2ccc(F)cc2F)cc2cnc(NC3CCS(=O)(=O)CC3)nc21
p38,jacs_set,2h,Cn1c(=O)c(Sc2ccccc2F)cc2cnc(NC3CCOCC3)nc21
p38,jacs_set,2i,Cn1c(=O)c(Cc2ccccc2F)cc2cnc(NC3CCOCC3)nc21
p38,jacs_set,2j,Cn1c(=O)c(Cc2ccc(F)cc2F)cc2cnc(NC3CCOCC3)nc21
p38,jacs_set,2k,O=c1[nH]c2nc(NC3CCOCC3)ncc2cc1Oc1ccc(F)cc1F
p38,jacs_set,2l,CCn1c(=O)c(Oc2ccc(F)cc2F)cc2cnc(NC3CCOCC3)nc21
p38,jacs_set,2m,O=c1c(Oc2ccc(F)cc2F)cc2cnc(NC3CCOCC3)nc2n1C1CC1
p38,jacs_set,2n,O=c1c(Oc2ccc(F)cc2F)cc2cnc(NC3CCOCC3)nc2n1CCCO
p38,jacs_set,2o,CS(=O)(=O)CCn1c(=O)c(Oc2ccc(F)cc2F)cc2cnc(NC3CCOCC3)nc21
p38,jacs_set,2p,CS(=O)(=O)CCCn1c(=O)c(Oc2ccc(F)cc2F)cc2cnc(NC3CCOCC3)nc21
p38,jacs_set,2q,O=c1c(Oc2ccc(F)cc2F)cc2cnc(NC3CCOCC3)nc2n1C1CCS(=O)(=O)CC1
p38,jacs_set,2r,CC(C)(O)Cn1c(=O)c(Oc2ccc(F)cc2F)cc2cnc(NC3CCOCC3)nc21
p38,jacs_set,2s,O=c1c(Oc2ccc(F)cc2F)cc2cnc(NC3CCOCC3)nc2n1C[C@H](O)CO
p38,jacs_set,2t,N#CCn1c(=O)c(Oc2ccc(F)cc2F)cc2cnc(NC3CCOCC3)nc21
p38,jacs_set,2u,CS(=O)(=O)N1CCC(n2c(=O)c(Oc3ccc(F)cc3F)cc3cnc(NC4CCOCC4)nc32)CC1
p38,jacs_set,2v,CNc1ncc2cc(Oc3ccc(F)cc3F)c(=O)n(C)c2n1
p38,jacs_set,2x,Cn1c(=O)c(Oc2ccc(F)cc2F)cc2cnc(N[C@H]3CCOC3)nc21
p38,jacs_set,2y,Cn1c(=O)c(Oc2ccc(F)cc2F)cc2cnc(NCC(C)(C)O)nc21
p38,jacs_set,2z,Cn1c(=O)c(Oc2ccc(F)cc2F)cc2cnc(NC(C)(C)CO)nc21
p38,jacs_set,3fln,Cn1c(=O)c(Oc2ccc(F)cc2F)cc2cnc(NC3CCOCC3)nc21
p38,jacs_set,3flq,C[C@@H](CS(C)(=O)=O)Nc1ncc2cc(Oc3ccc(F)cc3F)c(=O)n(C)c2n1
p38,jacs_set,3flw,Cn1c(=O)c(Oc2ccc(F)cc2F)cc2cnc(NC(CCO)CCO)nc21
p38,jacs_set,3fly,CC(C)Nc1ncc2cc(Oc3ccc(F)cc3F)c(=O)n(C)c2n1
p38,jacs_set,3flz,Cn1c(=O)c(Oc2ccccc2)cc2cnc(NC3CCOCC3)nc21
p38,jacs_set,3fmh,C[C@H](Cn1ncnn1)Nc1ncc2cc(Oc3ccc(F)cc3F)c(=O)n(C)c2n1
p38,jacs_set,3fmk,C[C@@H](Cn1ncnn1)Nc1ncc2cc(Oc3ccc(F)cc3F)c(=O)n(C)c2n1
pfkfb3,merck,19,Cn1ccc2ccc(-c3cc(Nc4ccccc4)cc4nccnc34)cc21
pfkfb3,merck,20,COc1cccc(-c2cc(Nc3cnccc3S(C)(=O)=O)cc3nccnc23)c1
pfkfb3,merck,23,Cn1ccc2ccc(-c3cc(Nc4cccnc4)cc4nccnc34)cc21
pfkfb3,merck,24,Cn1ccc2ccc(-c3cc(Nc4ccccc4C#N)cc4nccnc34)cc21
pfkfb3,merck,26,Cn1ccc2ccc(-c3cc(Nc4ccccc4C(N)=O)cc4nccnc34)cc21
pfkfb3,merck,29,Cn1ccc2ccc(-c3cc(Nc4ccccc4S(C)(=O)=O)cc4nccnc34)cc21
pfkfb3,merck,30 flip b,COc1ncccc1Nc1cc(-c2ccc3ccn(C)c3c2)c2nccnc2c1
pfkfb3,merck,31,COc1ccncc1Nc1cc(-c2ccc3ccn(C)c3c2)c2nccnc2c1
pfkfb3,merck,33,Cn1ccc2ccc(-c3cc(Nc4cnccc4C#N)cc4nccnc34)cc21
pfkfb3,merck,34,Cn1ccc2ccc(-c3cc(Nc4cnccc4C(N)=O)cc4nccnc34)cc21
pfkfb3,merck,35,Cn1ccc2ccc(-c3cc(Nc4cnccc4S(C)(=O)=O)cc4nccnc34)cc21
pfkfb3,merck,36,CN(c1cc(-c2ccc3ccn(C)c3c2)c2nccnc2c1)c1cnccc1S(C)(=O)=O
pfkfb3,merck,37,Cn1ccc2ccc(-c3cc(Nc4cnccc4C(=O)NC4CCOCC4)cc4nccnc34)cc21
pfkfb3,merck,38,CN(C)c1cccc(-c2cc(Nc3cnccc3S(C)(=O)=O)cc3nccnc23)c1
pfkfb3,merck,39,CS(=O)(=O)c1ccncc1Nc1cc(-c2cccc(N)c2)c2nccnc2c1
pfkfb3,merck,41,CS(=O)(=O)c1ccncc1Nc1cc(-c2cccc(OC(F)(F)F)c2)c2nccnc2c1
pfkfb3,merck,42,CSc1cccc(-c2cc(Nc3cnccc3S(C)(=O)=O)cc3nccnc23)c1
pfkfb3,merck,43,CS(=O)(=O)c1ccncc1Nc1cc(-c2cccc(Br)c2)c2nccnc2c1
pfkfb3,merck,44,CS(=O)(=O)c1ccncc1Nc1cc(-c2ccc(Br)cc2)c2nccnc2c1
pfkfb3,merck,46,CS(=O)(=O)c1ccncc1Nc1cc(-c2ccc(C(F)(F)F)cc2)c2nccnc2c1
pfkfb3,merck,47,CCc1ccc(-c2cc(Nc3cnccc3S(C)(=O)=O)cc3nccnc23)cc1
pfkfb3,merck,48,COc1ccc(-c2cc(Nc3cnccc3S(C)(=O)=O)cc3nccnc23)cc1
pfkfb3,merck,49,CS(=O)(=O)c1ccncc1Nc1cc(-c2ccc(N)cc2)c2nccnc2c1
pfkfb3,merck,52,CCn1ccc2ccc(-c3cc(Nc4cnccc4S(C)(=O)=O)cc4nccnc34)cc21
pfkfb3,merck,53,CCCn1ccc2ccc(-c3cc(Nc4cnccc4S(C)(=O)=O)cc4nccnc34)cc21
pfkfb3,merck,54,CC(C)n1ccc2ccc(-c3cc(Nc4cnccc4S(C)(=O)=O)cc4nccnc34)cc21
pfkfb3,merck,55,Cn1ccc2c(F)cc(-c3cc(Nc4cnccc4S(C)(=O)=O)cc4nccnc34)cc21
pfkfb3,merck,56,Cc1cc(-c2cc(Nc3cnccc3S(C)(=O)=O)cc3nccnc23)cc2c1ccn2C
pfkfb3,merck,57,CS(=O)(=O)c1ccncc1Nc1cc(-c2ccc3ccn(C(F)F)c3c2)c2nccnc2c1
pfkfb3,merck,58,CS(=O)(=O)c1ccncc1Nc1cc(-c2ccc3c(c2)CCO3)c2nccnc2c1
pfkfb3,merck,59,CS(=O)(=O)c1ccncc1Nc1cc(-c2ccc3c(c2)OCCO3)c2nccnc2c1
pfkfb3,merck,60 adjust,CC1(C)COc2ccc(-c3cc(Nc4cnccc4S(C)(=O)=O)cc4nccnc34)cc21
pfkfb3,merck,62 flip,CS(=O)(=O)c1ccncc1Nc1cc(-c2ccc3nonc3c2)c2nccnc2c1
pfkfb3,merck,63,CS(=O)(=O)c1ccncc1Nc1cc(-c2ccc3nsnc3c2)c2nccnc2c1
pfkfb3,merck,64,CS(=O)(=O)c1ccncc1Nc1cc(-c2ccc3ncsc3c2)c2nccnc2c1
pfkfb3,merck,65,CS(=O)(=O)c1ccncc1Nc1cc(-c2ccc3scnc3c2)c2nccnc2c1
pfkfb3,merck,67,CS(=O)(=O)c1ccncc1Nc1cc(-c2ccc3sc(N)nc3c2)c2nccnc2c1
pfkfb3,merck,68,CS(=O)(=O)c1ccncc1Nc1cc(-c2ccc3sc(N)cc3c2)c2nccnc2c1
pfkfb3,merck,69,Cc1csc2ccc(-c3cc(Nc4cnccc4S(C)(=O)=O)cc4nccnc34)cc12
pfkfb3,merck,70,Cc1coc2ccc(-c3cc(Nc4cnccc4S(C)(=O)=O)cc4nccnc34)cc12
ptp1b,charge_annihilation_set,26charg,O=C(O)COc1c(C(=O)O)sc(-c2cccc(NC3CCNCC3)c2)c1Br
ptp1b,charge_annihilation_set,27,CC(=O)N1CCC(Nc2cccc(-c3sc(C(=O)O)c(OCC(=O)O)c3Br)c2)CC1
ptp1b,charge_annihilation_set,32,O=C(O)COc1c(C(=O)O)sc(-c2cccc(NC3CCN(S(=O)(=O)Cc4ccccc4)CC3)c2)c1Br
ptp1b,jacs_set,20667,O=C(O)COc1c(C(=O)O)sc(-c2cccc(NC3CCN(S(=O)(=O)Cc4ccccc4)CC3)c2)c1Br
ptp1b,jacs_set,20669,O=C(O)COc1c(C(=O)O)sc(-c2cccc(NCc3ccccc3)c2)c1Br
ptp1b,jacs_set,20670,O=C(O)COc1c(C(=O)O)sc(-c2cccc(NC3CCCCC3)c2)c1Br
ptp1b,jacs_set,23330,CC1(C)CC(Nc2cccc(-c3sc(C(=O)O)c(OCC(=O)O)c3Br)c2)CC(C)(C)C1
ptp1b,jacs_set,23466,Nc1cccc(-c2sc(C(=O)O)c(OCC(=O)O)c2Br)c1
ptp1b,jacs_set,23467,COc1cccc(-c2sc(C(=O)O)c(OCC(=O)O)c2Br)c1
ptp1b,jacs_set,23468,CCC(=O)Nc1cccc(-c2sc(C(=O)O)c(OCC(=O)O)c2Br)c1
ptp1b,jacs_set,23469,O=C(O)COc1c(C(=O)O)sc(-c2cccc(NC(=O)c3ccccc3)c2)c1Br
ptp1b,jacs_set,23470,CC(C)NC(=O)Nc1cccc(-c2sc(C(=O)O)c(OCC(=O)O)c2Br)c1
ptp1b,jacs_set,23471,COC(=O)Nc1cccc(-c2sc(C(=O)O)c(OCC(=O)O)c2Br)c1
ptp1b,jacs_set,23472,O=C(O)COc1c(C(=O)O)sc(-c2cccc(NS(=O)(=O)c3ccc(F)cc3)c2)c1Br
ptp1b,jacs_set,23473,O=C(O)COc1c(C(=O)O)sc(-c2cccc(OCc3ccccc3)c2)c1Br
ptp1b,jacs_set,23474,O=C(O)COc1c(C(=O)O)sc(-c2cccc(NCC3CCCCC3)c2)c1Br
ptp1b,jacs_set,23475,O=C(O)COc1c(C(=O)O)sc(-c2cccc(NC3CCCC3)c2)c1Br
ptp1b,jacs_set,23476,O=C(O)COc1c(C(=O)O)sc(-c2cccc(NC3CCCCCC3)c2)c1Br
ptp1b,jacs_set,23477,O=C(O)COc1c(C(=O)O)sc(-c2cccc(NC3CCOCC3)c2)c1Br
ptp1b,jacs_set,23479,CC(=O)N1CCC(Nc2cccc(-c3sc(C(=O)O)c(OCC(=O)O)c3Br)c2)CC1
ptp1b,jacs_set,23480,COC(=O)N1CCC(Nc2cccc(-c3sc(C(=O)O)c(OCC(=O)O)c3Br)c2)CC1
ptp1b,jacs_set,23482,CS(=O)(=O)N1CCC(Nc2cccc(-c3sc(C(=O)O)c(OCC(=O)O)c3Br)c2)CC1
ptp1b,jacs_set,23483,O=C(O)COc1c(C(=O)O)sc(-c2cccc(NC3CCN(S(=O)(=O)c4ccccc4)CC3)c2)c1Br
ptp1b,jacs_set,23484,O=C(O)COc1cc(-c2cccc(NC3CCN(S(=O)(=O)Cc4ccccc4)CC3)c2)sc1C(=O)O
ptp1b,jacs_set,23485,Cc1c(-c2cccc(NC3CCN(S(=O)(=O)Cc4ccccc4)CC3)c2)sc(C(=O)O)c1OCC(=O)O
ptp1b,jacs_set,23486,O=C(O)COc1c(C(=O)O)sc(-c2cccc(NC3CCN(S(=O)(=O)Cc4ccccc4)CC3)c2)c1Cl
shp2,merck,10,CC1(N)CCN(c2cnc(-c3cccc(Cl)c3Cl)cn2)CC1
shp2,merck,11,CNc1nc(N2CCC(C)(N)CC2)cnc1-c1cccc(Cl)c1Cl
shp2,merck,3,C[C@@H]1CN(c2ncc(-c3cccc(Cl)c3)c(N)n2)C[C@H](C)N1
shp2,merck,4,C[C@@H]1CN(c2ncc(-c3ccc(Cl)c(Cl)c3)c(N)n2)C[C@H](C)N1
shp2,merck,6,Nc1nc(N2CCC(N)CC2)ncc1-c1cccc(Cl)c1Cl
shp2,merck,7,CN(C)C1CCN(c2ncc(-c3cccc(Cl)c3Cl)c(N)n2)CC1
shp2,merck,Example 1,CC1(N)CCN(c2ncc(-c3cccc(Cl)c3Cl)c(N)n2)CC1
shp2,merck,Example 14,NC[C@@H]1CCN(c2cnc(-c3cccc(Cl)c3Cl)c(N)n2)C1
shp2,merck,Example 2,Cc1cccc(-c2cnc(N3CCC(C)(N)CC3)nc2N)c1Cl
shp2,merck,Example 22,CC1(N)CCN(c2nc(N)c(-c3cccc(Cl)c3Cl)nc2Br)CC1
shp2,merck,Example 23,CC1(N)CCN(c2nc(N)c(-c3cccc(Cl)c3Cl)nc2Cl)CC1
shp2,merck,Example 24,Cc1nc(-c2cccc(Cl)c2Cl)c(N)nc1N1CCC(C)(N)CC1
shp2,merck,Example 25,CC1(N)CCN(c2nc(N)c(-c3cccc(Cl)c3Cl)nc2C#N)CC1
shp2,merck,Example 26,CC1(N)CCN(c2nc(N)c(-c3cccc(Cl)c3Cl)nc2C(N)=O)CC1
shp2,merck,Example 27,C[C@@H]1CN(c2cnc(-c3cccc(Cl)c3Cl)c(N)n2)C[C@H](C)N1
shp2,merck,Example 28,CC1(N)CCN(c2cnc(-c3cccc4cc[nH]c34)c(N)n2)CC1
shp2,merck,Example 29,CC1(N)CCN(c2cnc(C3=CCCCC3)c(N)n2)CC1
shp2,merck,Example 3,CC1(N)CCN(c2ncc(-c3ccc(Cl)s3)c(N)n2)CC1
shp2,merck,Example 30,CC1(N)CCN(c2nnc(-c3cccc(Cl)c3Cl)c(N)n2)CC1
shp2,merck,Example 4,Cc1ccc(-c2cnc(N3CCC(C)(N)CC3)nc2N)s1
shp2,merck,Example 5,COc1cc(Cl)c(Cl)c(-c2cnc(N3CCC(C)(N)CC3)nc2N)c1
shp2,merck,Example 6,CC1(N)CCN(c2ncc(-c3cc(O)cc(Cl)c3Cl)c(N)n2)CC1
shp2,merck,Example 8,CC1(CN)CCN(c2cnc(-c3cccc(Cl)c3Cl)c(N)n2)CC1
shp2,merck,Example 9,NCC1CCN(c2cnc(-c3cccc(Cl)c3Cl)c(N)n2)CC1
shp2,merck,SHP099 1 Example 7,CC1(N)CCN(c2cnc(-c3cccc(Cl)c3Cl)c(N)n2)CC1
shp2,merck,SHP836 2,C[C@@H]1CN(c2ncc(-c3cccc(Cl)c3Cl)c(N)n2)C[C@H](C)N1
syk,merck,CHEMBL3259820,COc1ccc(Nc2nc(-c3ccc(C(N)=O)cc3)cn3ccnc23)cc1OC
syk,merck,CHEMBL3264995,COc1ccc(Nc2nc(-c3cccc(C(=O)Nc4ccc(C(=O)O)cc4)c3)cn3ccnc23)cc1OC
syk,merck,CHEMBL3264996,COC(=O)c1ccc(NC(=O)c2cccc(-c3cn4ccnc4c(Nc4ccc(OC)c(OC)c4)n3)c2)cc1
syk,merck,CHEMBL3264997,COc1ccc(Nc2nc(-c3cccc(C(=O)Nc4cccc(C(=O)O)c4)c3)cn3ccnc23)cc1OC
syk,merck,CHEMBL3265001,COc1ccc(Nc2nc(-c3cccc(C(=O)Nc4ccc(-c5nnn[nH]5)cc4)c3)cn3ccnc23)cc1OC
syk,merck,CHEMBL3265002,COc1ccc(Nc2nc(-c3cccc(C(=O)Nc4ccc(-c5ncc[nH]5)cc4)c3)cn3ccnc23)cc1OC
syk,merck,CHEMBL3265003 tautomer 2,COc1ccc(Nc2nc(-c3cccc(C(=O)Nc4ccc(-c5ccn[nH]5)cc4)c3)cn3ccnc23)cc1OC
syk,merck,CHEMBL3265005,COc1ccc(Nc2nc(-c3cccc(C(N)=O)c3)cn3ccnc23)cc1OC
syk,merck,CHEMBL3265006,CNC(=O)c1cccc(-c2cn3ccnc3c(Nc3ccc(OC)c(OC)c3)n2)c1
syk,merck,CHEMBL3265008,COc1ccc(Nc2nc(-c3ccc(F)c(C(N)=O)c3)cn3ccnc23)cc1OC
syk,merck,CHEMBL3265009,COc1ccc(Nc2nc(-c3ccc(C)c(C(N)=O)c3)cn3ccnc23)cc1OC
syk,merck,CHEMBL3265010,COc1ccc(Nc2nc(-c3ccc(OC)c(C(N)=O)c3)cn3ccnc23)cc1OC
syk,merck,CHEMBL3265011 flip,COc1ccc(Nc2nc(-c3cc(C(N)=O)ccc3C)cn3ccnc23)cc1OC
syk,merck,CHEMBL3265012,COc1ccc(Nc2nc(-c3ccc(C(N)=O)c(F)c3)cn3ccnc23)cc1OC
syk,merck,CHEMBL3265013,COc1ccc(Nc2nc(-c3ccc(C(N)=O)c(C)c3)cn3ccnc23)cc1OC
syk,merck,CHEMBL3265014,COc1ccc(Nc2nc(-c3ccc(C(N)=O)c(OC)c3)cn3ccnc23)cc1OC
syk,merck,CHEMBL3265015 flip,COc1ccc(Nc2nc(-c3ccc(C(N)=O)cc3C)cn3ccnc23)cc1OC
syk,merck,CHEMBL3265016,COc1ccc(Nc2nc(-c3ccc4cc[nH]c4c3)cn3ccnc23)cc1OC
syk,merck,CHEMBL3265017,COc1ccc(Nc2nc(-c3ccc4cn[nH]c4c3)cn3ccnc23)cc1OC
syk,merck,CHEMBL3265018,COc1ccc(Nc2nc(-c3ccc4nc[nH]c4c3)cn3ccnc23)cc1OC
syk,merck,CHEMBL3265019,COc1ccc(Nc2nc(-c3ccc4nn[nH]c4c3)cn3ccnc23)cc1OC
syk,merck,CHEMBL3265020,COc1ccc(Nc2nc(-c3ccc4[nH]ccc4c3)cn3ccnc23)cc1OC
syk,merck,CHEMBL3265021,COc1ccc(Nc2nc(-c3ccc4[nH]ncc4c3)cn3ccnc23)cc1OC
syk,merck,CHEMBL3265022,COc1ccc(Nc2nc(-c3ccc4cnn(C)c4c3)cn3ccnc23)cc1OC
syk,merck,CHEMBL3265023,COc1ccc(Nc2nc(-c3ccc4c(cnn4C)c3)cn3ccnc23)cc1OC
syk,merck,CHEMBL3265024,COc1ccc(Nc2nc(-c3ccc4c(c3)NC(=O)CO4)cn3ccnc23)cc1OC
syk,merck,CHEMBL3265025 flip,COc1ccc(Nc2nc(-c3ccc4c(c3)OCC(=O)N4)cn3ccnc23)cc1OC
syk,merck,CHEMBL3265026,COc1ccc(Nc2nc(-c3ccc4c(c3)NCCO4)cn3ccnc23)cc1OC
syk,merck,CHEMBL3265027,c1ccc(Nc2nc(-c3ccc4cn[nH]c4c3)cn3ccnc23)cc1
syk,merck,CHEMBL3265028,COc1cccc(Nc2nc(-c3ccc4cn[nH]c4c3)cn3ccnc23)c1
syk,merck,CHEMBL3265029,COc1ccc(Nc2nc(-c3ccc4cn[nH]c4c3)cn3ccnc23)cc1
syk,merck,CHEMBL3265030 n,CC1(O)CN(c2ccc(Nc3nc(-c4ccc5cn[nH]c5c4)cn4ccnc34)cc2)C1
syk,merck,CHEMBL3265031,CC1(O)CCN(c2ccc(Nc3nc(-c4ccc5cn[nH]c5c4)cn4ccnc34)cc2)CC1
syk,merck,CHEMBL3265032,c1cn2cc(-c3ccc4cn[nH]c4c3)nc(Nc3ccc(N4CCOCC4)cc3)c2n1
syk,merck,CHEMBL3265033,O=S1(=O)CCN(c2ccc(Nc3nc(-c4ccc5cn[nH]c5c4)cn4ccnc34)cc2)CC1
syk,merck,CHEMBL3265034,c1cn2cc(-c3ccc4cn[nH]c4c3)nc(Nc3ccc(C4CCOCC4)cc3)c2n1
syk,merck,CHEMBL3265035,CN(CCO)c1ccc(Nc2nc(-c3ccc4cn[nH]c4c3)cn3ccnc23)cc1
syk,merck,CHEMBL3265036,c1cn2cc(-c3ccc4cn[nH]c4c3)nc(Nc3ccc(N4CCCOCC4)cc3)c2n1
syk,merck,CHEMBL3265037,COc1cc(Nc2nc(-c3ccc4cn[nH]c4c3)cn3ccnc23)ccc1N1CCOCC1
syk,merck,docked CHEMBL3264994,CC(C)(C)c1ccc(Nc2nc(-c3cccc(NC(=O)c4ccc(C(=O)O)cc4)c3)cn3ccnc23)cc1
syk,merck,docked CHEMBL3264998,COc1ccc(Nc2nc(-c3cccc(C(=O)Nc4ccc(CC(=O)O)cc4)c3)cn3ccnc23)cc1OC
syk,merck,docked CHEMBL3264999 adjust,COc1ccc(Nc2nc(-c3cccc(C(=O)Nc4ccc(C(N)=O)cc4)c3)cn3ccnc23)cc1OC
syk,merck,docked CHEMBL3265004,COc1ccc(Nc2nc(-c3cccc(C(=O)Nc4ccc(-c5cn[nH]c5)cc4)c3)cn3ccnc23)cc1OC
syk,merck,intermediate,COc1ccc(Nc2nc(-c3ccccc3)cn3ccnc23)cc1OC
syk,merck,intermediate 1,COc1ccc(Nc2nc(-c3cccc(C(=O)Nc4ccccc4)c3)cn3ccnc23)cc1OC
syk,merck,redocked CHEMBL3265000 ground state,COc1ccc(Nc2nc(-c3cccc(C(=O)Nc4ccc(/C(O)=N/S(C)(=O)=O)cc4)c3)cn3ccnc23)cc1OC
thrombin,charge_annihilation_set,1,N[C@H](Cc1ccccc1)C(=O)N1CCC[C@H]1C(=O)NCc1ccccc1
thrombin,charge_annihilation_set,10,N[C@H](Cc1ccccc1)C(=O)N1CCC[C@H]1C(=O)NCc1cnccc1Cl
thrombin,charge_annihilation_set,11,C[n+]1ccc(Cl)c(CNC(=O)[C@@H]2CCCN2C(=O)[C@H](N)Cc2ccccc2)c1
thrombin,charge_annihilation_set,2,N[C@H](Cc1ccccc1)C(=O)N1CCC[C@H]1C(=O)NCc1cccnc1
thrombin,charge_annihilation_set,3,C[n+]1cccc(CNC(=O)[C@@H]2CCCN2C(=O)[C@H](N)Cc2ccccc2)c1
thrombin,charge_annihilation_set,jmb2009 4,N=C(N)c1ccc(CNC(=O)[C@@H]2CCCN2C(=O)[C@H](N)Cc2ccccc2)cc1
thrombin,jacs_set,1a,N[C@H](Cc1ccccc1)C(=O)N1CCC[C@H]1C(=O)NCc1cccc(F)c1
thrombin,jacs_set,1b,N[C@H](Cc1ccccc1)C(=O)N1CCC[C@H]1C(=O)NCc1cccc(Cl)c1
thrombin,jacs_set,1c,N[C@H](Cc1ccccc1)C(=O)N1CCC[C@H]1C(=O)NCc1cccc(Br)c1
thrombin,jacs_set,1d,N[C@H](Cc1ccccc1)C(=O)N1CCC[C@H]1C(=O)NCc1cccc(I)c1
thrombin,jacs_set,3a,Cc1cccc(CNC(=O)[C@@H]2CCCN2C(=O)[C@H](N)Cc2ccccc2)c1
thrombin,jacs_set,3b,CCc1cccc(CNC(=O)[C@@H]2CCCN2C(=O)[C@H](N)Cc2ccccc2)c1
thrombin,jacs_set,5,N[C@H](Cc1ccccc1)C(=O)N1CCC[C@H]1C(=O)NCc1ccccc1
thrombin,jacs_set,6a,N[C@H](Cc1ccccc1)C(=O)N1CCC[C@H]1C(=O)NCc1cc(Cl)ccc1Cl
thrombin,jacs_set,6b,Cc1ccc(Cl)cc1CNC(=O)[C@@H]1CCCN1C(=O)[C@H](N)Cc1ccccc1
thrombin,jacs_set,6e,N[C@H](Cc1ccccc1)C(=O)N1CCC[C@H]1C(=O)NCc1cc(Cl)ccc1F
thrombin,jacs_set,7a,Cc1ccc(C)c(CNC(=O)[C@@H]2CCCN2C(=O)[C@H](N)Cc2ccccc2)c1
thrombin,water_set,1a pose 2,N[C@H](Cc1ccccc1)C(=O)N1CCC[C@H]1C(=O)NCc1cccc(F)c1
thrombin,water_set,1b pose 2,N[C@H](Cc1ccccc1)C(=O)N1CCC[C@H]1C(=O)NCc1cccc(Cl)c1
thrombin,water_set,1c pose 2,N[C@H](Cc1ccccc1)C(=O)N1CCC[C@H]1C(=O)NCc1cccc(Br)c1
thrombin,water_set,1d pose 2,N[C@H](Cc1ccccc1)C(=O)N1CCC[C@H]1C(=O)NCc1cccc(I)c1
thrombin,water_set,2a pose 2,N[C@H](Cc1ccccc1)C(=O)N1CCC[C@H]1C(=O)NCc1cccc(C(F)(F)F)c1
thrombin,water_set,2b pose 1,COc1cccc(CNC(=O)[C@@H]2CCCN2C(=O)[C@H](N)Cc2ccccc2)c1
thrombin,water_set,2c pose 2,N[C@H](Cc1ccccc1)C(=O)N1CCC[C@H]1C(=O)NCc1cccc(O)c1
thrombin,water_set,2d pose 2,Nc1cccc(CNC(=O)[C@@H]2CCCN2C(=O)[C@H](N)Cc2ccccc2)c1
thrombin,water_set,3a xtal pose,Cc1cccc(CNC(=O)[C@@H]2CCCN2C(=O)[C@H](N)Cc2ccccc2)c1
thrombin,water_set,3b pose 1,CCc1cccc(CNC(=O)[C@@H]2CCCN2C(=O)[C@H](N)Cc2ccccc2)c1
thrombin,water_set,5,N[C@H](Cc1ccccc1)C(=O)N1CCC[C@H]1C(=O)NCc1ccccc1
thrombin,water_set,6a pose 1,N[C@H](Cc1ccccc1)C(=O)N1CCC[C@H]1C(=O)NCc1cc(Cl)ccc1Cl
thrombin,water_set,6b pose 2,Cc1ccc(Cl)cc1CNC(=O)[C@@H]1CCCN1C(=O)[C@H](N)Cc1ccccc1
thrombin,water_set,6c pose 1,COc1ccc(Cl)cc1CNC(=O)[C@@H]1CCCN1C(=O)[C@H](N)Cc1ccccc1
thrombin,water_set,6d pose 2,N[C@H](Cc1ccccc1)C(=O)N1CCC[C@H]1C(=O)NCc1cc(Cl)ccc1O
thrombin,water_set,6e pose 1,N[C@H](Cc1ccccc1)C(=O)N1CCC[C@H]1C(=O)NCc1cc(Cl)ccc1F
thrombin,water_set,7a pose 2,Cc1ccc(C)c(CNC(=O)[C@@H]2CCCN2C(=O)[C@H](N)Cc2ccccc2)c1
thrombin,water_set,7b,N[C@H](Cc1ccccc1)C(=O)N1CCC[C@H]1C(=O)NCc1ccc(Cl)cc1
thrombin,water_set,7c pose 1,N[C@H](Cc1ccccc1)C(=O)N1CCC[C@H]1C(=O)NCc1ccccc1Cl
thrombin,water_set,7e pose 1,N[C@H](Cc1ccccc1)C(=O)N1CCC[C@H]1C(=O)NCc1cccc(CO)c1
thrombin,water_set,7f,N[C@H](Cc1ccccc1)C(=O)N1CCC[C@H]1C(=O)NCc1ccc(CO)cc1
tnks2,merck,1a,O=c1[nH]c(-c2ccccc2)nc2ccccc12
tnks2,merck,1b,COc1ccc(-c2nc3ccccc3c(=O)[nH]2)cc1
tnks2,merck,3a,CC(C)(C)c1ccc(-c2nc3ccccc3c(=O)[nH]2)cc1
tnks2,merck,3b,CC(C)(C)c1ccc(-c2nc3ccc(F)cc3c(=O)[nH]2)cc1
tnks2,merck,5a,CC(C)(O)c1ccc(-c2nc3ccccc3c(=O)[nH]2)cc1
tnks2,merck,5b,CC(C)(O)c1ccc(-c2nc3cccc(F)c3c(=O)[nH]2)cc1
tnks2,merck,5c,CC(C)(O)c1ccc(-c2nc3cccc(Cl)c3c(=O)[nH]2)cc1
tnks2,merck,5d,CC(C)(O)c1ccc(-c2nc3ccc(F)cc3c(=O)[nH]2)cc1
tnks2,merck,5e,CC(C)(O)c1ccc(-c2nc3ccc(Cl)cc3c(=O)[nH]2)cc1
tnks2,merck,5f,CC(C)(O)c1ccc(-c2nc3c(F)cccc3c(=O)[nH]2)cc1
tnks2,merck,5g,CC(C)(O)c1ccc(-c2nc3c(Cl)cccc3c(=O)[nH]2)cc1
tnks2,merck,5h,COc1cccc2c(=O)[nH]c(-c3ccc(C(C)(C)O)cc3)nc12
tnks2,merck,5i,Cc1cccc2c(=O)[nH]c(-c3ccc(C(C)(C)O)cc3)nc12
tnks2,merck,5j,CC(C)(O)c1ccc(-c2nc3ccc(F)c(F)c3c(=O)[nH]2)cc1
tnks2,merck,5k,CC(C)(O)c1ccc(-c2nc3c(F)cc(F)cc3c(=O)[nH]2)cc1
tnks2,merck,5l,CC(C)(O)c1ccc(-c2nc3c(F)ccc(F)c3c(=O)[nH]2)cc1
tnks2,merck,5m,Cc1cc(F)cc2c(=O)[nH]c(-c3ccc(C(C)(C)O)cc3)nc12
tnks2,merck,5n,CC(C)(OCCO)c1ccc(-c2nc3ccc(F)cc3c(=O)[nH]2)cc1
tnks2,merck,5o adjust,Cc1cc(F)cc2c(=O)[nH]c(-c3ccc(C(C)(C)OCCO)cc3)nc12
tnks2,merck,5p,COCCOC(C)(C)c1ccc(-c2nc3ccc(F)cc3c(=O)[nH]2)cc1
tnks2,merck,7,CC(C)(O)c1ccc(-c2nc3ccc(F)cc3c(=O)[nH]2)nc1
tnks2,merck,8a,CN1CCN(c2ccc(-c3nc4ccc(F)cc4c(=O)[nH]3)cc2)CC1
tnks2,merck,8b,Cc1cc(F)cc2c(=O)[nH]c(-c3ccc(N4CCN(C)CC4)cc3)nc12
tnks2,merck,8c adjust,O=c1[nH]c(-c2ccc(C3CCNCC3)cc2)nc2c(F)cc(F)cc12
tnks2,merck,8d,Cc1cc(F)cc2c(=O)[nH]c(-c3ccc(C4CCNCC4)cc3)nc12
tnks2,merck,8e,C[N@]1CC[C@H](c2ccc(-c3nc4c(F)cc(F)cc4c(=O)[nH]3)cc2)CC1
tnks2,merck,8f,Cc1cc(F)cc2c(=O)[nH]c(-c3ccc([C@H]4CC[N@](C)CC4)cc3)nc12
tyk2,charge_annihilation_set,ejm 46,O=C(Nc1ccnc(NC(=O)C2CC2)c1)c1c(Cl)cccc1Cl
tyk2,charge_annihilation_set,ejm 47,O=C(Nc1ccnc(NC(=O)C2CCC2)c1)c1c(Cl)cccc1Cl
tyk2,charge_annihilation_set,ejm 52charg,O=C(Nc1ccnc(NC(=O)C2CNC2)c1)c1c(Cl)cccc1Cl
tyk2,charge_annihilation_set,jmc 31,NC(=O)[C@@H]1C[C@@H]1C(=O)Nc1cc(NC(=O)c2c(Cl)cccc2Cl)ccn1
tyk2,charge_annihilation_set,jmc 32charg,O=C(Nc1ccnc(NC(=O)[C@H]2C[C@H]2C(=O)O)c1)c1c(Cl)cccc1Cl
tyk2,jacs_set,ejm 31,CC(=O)Nc1cc(NC(=O)c2c(Cl)cccc2Cl)ccn1
tyk2,jacs_set,ejm 42,CCC(=O)Nc1cc(NC(=O)c2c(Cl)cccc2Cl)ccn1
tyk2,jacs_set,ejm 43,CC(C)C(=O)Nc1cc(NC(=O)c2c(Cl)cccc2Cl)ccn1
tyk2,jacs_set,ejm 44,CC(C)(C)C(=O)Nc1cc(NC(=O)c2c(Cl)cccc2Cl)ccn1
tyk2,jacs_set,ejm 45,O=C(CC1CC1)Nc1cc(NC(=O)c2c(Cl)cccc2Cl)ccn1
tyk2,jacs_set,ejm 46,O=C(Nc1ccnc(NC(=O)C2CC2)c1)c1c(Cl)cccc1Cl
tyk2,jacs_set,ejm 47,O=C(Nc1ccnc(NC(=O)C2CCC2)c1)c1c(Cl)cccc1Cl
tyk2,jacs_set,ejm 48,O=C(Nc1ccnc(NC(=O)C2CCCC2)c1)c1c(Cl)cccc1Cl
tyk2,jacs_set,ejm 49,O=C(Nc1cc(NC(=O)c2c(Cl)cccc2Cl)ccn1)c1ccccc1
tyk2,jacs_set,ejm 50,O=C(CO)Nc1cc(NC(=O)c2c(Cl)cccc2Cl)ccn1
tyk2,jacs_set,ejm 54,CCNC(=O)Nc1cc(NC(=O)c2c(Cl)cccc2Cl)ccn1
tyk2,jacs_set,ejm 55,COC(=O)Nc1cc(NC(=O)c2c(Cl)cccc2Cl)ccn1
tyk2,jacs_set,jmc 23,O=C(Nc1ccnc(NC(=O)[C@H]2C[C@H]2F)c1)c1c(Cl)cccc1Cl
tyk2,jacs_set,jmc 27,O=C(Nc1ccnc(NC(=O)[C@H]2C[C@H]2Cl)c1)c1c(Cl)cccc1Cl
tyk2,jacs_set,jmc 28,C[C@@H]1C[C@@H]1C(=O)Nc1cc(NC(=O)c2c(Cl)cccc2Cl)ccn1
tyk2,jacs_set,jmc 30,N#C[C@@H]1C[C@@H]1C(=O)Nc1cc(NC(=O)c2c(Cl)cccc2Cl)ccn1
